dataset,model,stochastic,seed,scenario,k_mad,threshold,residual_median,residual_mad,n_eval,prediction_file,TP,FP,TN,FN,n_reference_anomalies,n_detected,Precision,Recall,F1,Specificity,FalsePositiveRate,BalancedAccuracy,metric_status
cholera,Persistence,False,0,injected_5pct,2.0,708.4621999999999,194.0,173.5,84,results/stage3_statistical_baselines/predictions/cholera_persistence_injected_5pct.csv,4,4,76,0,4,8,0.5,1.0,0.6666666666666666,0.95,0.05,0.975,applicable
cholera,Persistence,False,0,injected_5pct,2.5,837.0777499999999,194.0,173.5,84,results/stage3_statistical_baselines/predictions/cholera_persistence_injected_5pct.csv,4,4,76,0,4,8,0.5,1.0,0.6666666666666666,0.95,0.05,0.975,applicable
cholera,Persistence,False,0,injected_5pct,3.0,965.6933,194.0,173.5,84,results/stage3_statistical_baselines/predictions/cholera_persistence_injected_5pct.csv,4,4,76,0,4,8,0.5,1.0,0.6666666666666666,0.95,0.05,0.975,applicable
cholera,Persistence,False,0,injected_5pct,3.5,1094.30885,194.0,173.5,84,results/stage3_statistical_baselines/predictions/cholera_persistence_injected_5pct.csv,4,4,76,0,4,8,0.5,1.0,0.6666666666666666,0.95,0.05,0.975,applicable
cholera,Persistence,False,0,injected_5pct,4.0,1222.9243999999999,194.0,173.5,84,results/stage3_statistical_baselines/predictions/cholera_persistence_injected_5pct.csv,4,4,76,0,4,8,0.5,1.0,0.6666666666666666,0.95,0.05,0.975,applicable
cholera,Persistence,False,0,injected_5pct,4.5,1351.5399499999999,194.0,173.5,84,results/stage3_statistical_baselines/predictions/cholera_persistence_injected_5pct.csv,4,4,76,0,4,8,0.5,1.0,0.6666666666666666,0.95,0.05,0.975,applicable
cholera,Persistence,False,0,injected_5pct,5.0,1480.1554999999998,194.0,173.5,84,results/stage3_statistical_baselines/predictions/cholera_persistence_injected_5pct.csv,4,4,76,0,4,8,0.5,1.0,0.6666666666666666,0.95,0.05,0.975,applicable
cholera,Persistence,False,0,injected_10pct,2.0,708.4621999999999,194.0,173.5,84,results/stage3_statistical_baselines/predictions/cholera_persistence_injected_10pct.csv,4,3,73,4,8,7,0.5714285714285714,0.5,0.5333333333333333,0.9605263157894737,0.039473684210526314,0.7302631578947368,applicable
cholera,Persistence,False,0,injected_10pct,2.5,837.0777499999999,194.0,173.5,84,results/stage3_statistical_baselines/predictions/cholera_persistence_injected_10pct.csv,4,3,73,4,8,7,0.5714285714285714,0.5,0.5333333333333333,0.9605263157894737,0.039473684210526314,0.7302631578947368,applicable
cholera,Persistence,False,0,injected_10pct,3.0,965.6933,194.0,173.5,84,results/stage3_statistical_baselines/predictions/cholera_persistence_injected_10pct.csv,3,3,73,5,8,6,0.5,0.375,0.42857142857142855,0.9605263157894737,0.039473684210526314,0.6677631578947368,applicable
cholera,Persistence,False,0,injected_10pct,3.5,1094.30885,194.0,173.5,84,results/stage3_statistical_baselines/predictions/cholera_persistence_injected_10pct.csv,3,2,74,5,8,5,0.6,0.375,0.46153846153846156,0.9736842105263158,0.02631578947368421,0.674342105263158,applicable
cholera,Persistence,False,0,injected_10pct,4.0,1222.9243999999999,194.0,173.5,84,results/stage3_statistical_baselines/predictions/cholera_persistence_injected_10pct.csv,3,2,74,5,8,5,0.6,0.375,0.46153846153846156,0.9736842105263158,0.02631578947368421,0.674342105263158,applicable
cholera,Persistence,False,0,injected_10pct,4.5,1351.5399499999999,194.0,173.5,84,results/stage3_statistical_baselines/predictions/cholera_persistence_injected_10pct.csv,3,2,74,5,8,5,0.6,0.375,0.46153846153846156,0.9736842105263158,0.02631578947368421,0.674342105263158,applicable
cholera,Persistence,False,0,injected_10pct,5.0,1480.1554999999998,194.0,173.5,84,results/stage3_statistical_baselines/predictions/cholera_persistence_injected_10pct.csv,3,2,74,5,8,5,0.6,0.375,0.46153846153846156,0.9736842105263158,0.02631578947368421,0.674342105263158,applicable
cholera,Persistence,False,0,proxy_robust_z,2.0,708.4621999999999,194.0,173.5,84,results/stage3_statistical_baselines/predictions/cholera_persistence_proxy_robust_z.csv,0,0,84,0,0,0,,,,1.0,0.0,,not_applicable_no_positive_reference
cholera,Persistence,False,0,proxy_robust_z,2.5,837.0777499999999,194.0,173.5,84,results/stage3_statistical_baselines/predictions/cholera_persistence_proxy_robust_z.csv,0,0,84,0,0,0,,,,1.0,0.0,,not_applicable_no_positive_reference
cholera,Persistence,False,0,proxy_robust_z,3.0,965.6933,194.0,173.5,84,results/stage3_statistical_baselines/predictions/cholera_persistence_proxy_robust_z.csv,0,0,84,0,0,0,,,,1.0,0.0,,not_applicable_no_positive_reference
cholera,Persistence,False,0,proxy_robust_z,3.5,1094.30885,194.0,173.5,84,results/stage3_statistical_baselines/predictions/cholera_persistence_proxy_robust_z.csv,0,0,84,0,0,0,,,,1.0,0.0,,not_applicable_no_positive_reference
cholera,Persistence,False,0,proxy_robust_z,4.0,1222.9243999999999,194.0,173.5,84,results/stage3_statistical_baselines/predictions/cholera_persistence_proxy_robust_z.csv,0,0,84,0,0,0,,,,1.0,0.0,,not_applicable_no_positive_reference
cholera,Persistence,False,0,proxy_robust_z,4.5,1351.5399499999999,194.0,173.5,84,results/stage3_statistical_baselines/predictions/cholera_persistence_proxy_robust_z.csv,0,0,84,0,0,0,,,,1.0,0.0,,not_applicable_no_positive_reference
cholera,Persistence,False,0,proxy_robust_z,5.0,1480.1554999999998,194.0,173.5,84,results/stage3_statistical_baselines/predictions/cholera_persistence_proxy_robust_z.csv,0,0,84,0,0,0,,,,1.0,0.0,,not_applicable_no_positive_reference
cholera,SeasonalNaive,False,0,injected_5pct,2.0,10838.6152,3052.0,2626.0,84,results/stage3_statistical_baselines/predictions/cholera_seasonalnaive_injected_5pct.csv,4,0,80,0,4,4,1.0,1.0,1.0,1.0,0.0,1.0,applicable
cholera,SeasonalNaive,False,0,injected_5pct,2.5,12785.268999999998,3052.0,2626.0,84,results/stage3_statistical_baselines/predictions/cholera_seasonalnaive_injected_5pct.csv,3,0,80,1,4,3,1.0,0.75,0.8571428571428571,1.0,0.0,0.875,applicable
cholera,SeasonalNaive,False,0,injected_5pct,3.0,14731.9228,3052.0,2626.0,84,results/stage3_statistical_baselines/predictions/cholera_seasonalnaive_injected_5pct.csv,2,0,80,2,4,2,1.0,0.5,0.6666666666666666,1.0,0.0,0.75,applicable
cholera,SeasonalNaive,False,0,injected_5pct,3.5,16678.5766,3052.0,2626.0,84,results/stage3_statistical_baselines/predictions/cholera_seasonalnaive_injected_5pct.csv,2,0,80,2,4,2,1.0,0.5,0.6666666666666666,1.0,0.0,0.75,applicable
cholera,SeasonalNaive,False,0,injected_5pct,4.0,18625.2304,3052.0,2626.0,84,results/stage3_statistical_baselines/predictions/cholera_seasonalnaive_injected_5pct.csv,0,0,80,4,4,0,0.0,0.0,0.0,1.0,0.0,0.5,applicable
cholera,SeasonalNaive,False,0,injected_5pct,4.5,20571.8842,3052.0,2626.0,84,results/stage3_statistical_baselines/predictions/cholera_seasonalnaive_injected_5pct.csv,0,0,80,4,4,0,0.0,0.0,0.0,1.0,0.0,0.5,applicable
cholera,SeasonalNaive,False,0,injected_5pct,5.0,22518.537999999997,3052.0,2626.0,84,results/stage3_statistical_baselines/predictions/cholera_seasonalnaive_injected_5pct.csv,0,0,80,4,4,0,0.0,0.0,0.0,1.0,0.0,0.5,applicable
cholera,SeasonalNaive,False,0,injected_10pct,2.0,10838.6152,3052.0,2626.0,84,results/stage3_statistical_baselines/predictions/cholera_seasonalnaive_injected_10pct.csv,3,0,76,5,8,3,1.0,0.375,0.5454545454545454,1.0,0.0,0.6875,applicable
cholera,SeasonalNaive,False,0,injected_10pct,2.5,12785.268999999998,3052.0,2626.0,84,results/stage3_statistical_baselines/predictions/cholera_seasonalnaive_injected_10pct.csv,3,0,76,5,8,3,1.0,0.375,0.5454545454545454,1.0,0.0,0.6875,applicable
cholera,SeasonalNaive,False,0,injected_10pct,3.0,14731.9228,3052.0,2626.0,84,results/stage3_statistical_baselines/predictions/cholera_seasonalnaive_injected_10pct.csv,2,0,76,6,8,2,1.0,0.25,0.4,1.0,0.0,0.625,applicable
cholera,SeasonalNaive,False,0,injected_10pct,3.5,16678.5766,3052.0,2626.0,84,results/stage3_statistical_baselines/predictions/cholera_seasonalnaive_injected_10pct.csv,2,0,76,6,8,2,1.0,0.25,0.4,1.0,0.0,0.625,applicable
cholera,SeasonalNaive,False,0,injected_10pct,4.0,18625.2304,3052.0,2626.0,84,results/stage3_statistical_baselines/predictions/cholera_seasonalnaive_injected_10pct.csv,0,0,76,8,8,0,0.0,0.0,0.0,1.0,0.0,0.5,applicable
cholera,SeasonalNaive,False,0,injected_10pct,4.5,20571.8842,3052.0,2626.0,84,results/stage3_statistical_baselines/predictions/cholera_seasonalnaive_injected_10pct.csv,0,0,76,8,8,0,0.0,0.0,0.0,1.0,0.0,0.5,applicable
cholera,SeasonalNaive,False,0,injected_10pct,5.0,22518.537999999997,3052.0,2626.0,84,results/stage3_statistical_baselines/predictions/cholera_seasonalnaive_injected_10pct.csv,0,0,76,8,8,0,0.0,0.0,0.0,1.0,0.0,0.5,applicable
cholera,SeasonalNaive,False,0,proxy_robust_z,2.0,10838.6152,3052.0,2626.0,84,results/stage3_statistical_baselines/predictions/cholera_seasonalnaive_proxy_robust_z.csv,0,0,84,0,0,0,,,,1.0,0.0,,not_applicable_no_positive_reference
cholera,SeasonalNaive,False,0,proxy_robust_z,2.5,12785.268999999998,3052.0,2626.0,84,results/stage3_statistical_baselines/predictions/cholera_seasonalnaive_proxy_robust_z.csv,0,0,84,0,0,0,,,,1.0,0.0,,not_applicable_no_positive_reference
cholera,SeasonalNaive,False,0,proxy_robust_z,3.0,14731.9228,3052.0,2626.0,84,results/stage3_statistical_baselines/predictions/cholera_seasonalnaive_proxy_robust_z.csv,0,0,84,0,0,0,,,,1.0,0.0,,not_applicable_no_positive_reference
cholera,SeasonalNaive,False,0,proxy_robust_z,3.5,16678.5766,3052.0,2626.0,84,results/stage3_statistical_baselines/predictions/cholera_seasonalnaive_proxy_robust_z.csv,0,0,84,0,0,0,,,,1.0,0.0,,not_applicable_no_positive_reference
cholera,SeasonalNaive,False,0,proxy_robust_z,4.0,18625.2304,3052.0,2626.0,84,results/stage3_statistical_baselines/predictions/cholera_seasonalnaive_proxy_robust_z.csv,0,0,84,0,0,0,,,,1.0,0.0,,not_applicable_no_positive_reference
cholera,SeasonalNaive,False,0,proxy_robust_z,4.5,20571.8842,3052.0,2626.0,84,results/stage3_statistical_baselines/predictions/cholera_seasonalnaive_proxy_robust_z.csv,0,0,84,0,0,0,,,,1.0,0.0,,not_applicable_no_positive_reference
cholera,SeasonalNaive,False,0,proxy_robust_z,5.0,22518.537999999997,3052.0,2626.0,84,results/stage3_statistical_baselines/predictions/cholera_seasonalnaive_proxy_robust_z.csv,0,0,84,0,0,0,,,,1.0,0.0,,not_applicable_no_positive_reference
cholera,ARIMA,False,0,injected_5pct,2.0,752.5222520227669,208.6429749369126,183.4207733326097,84,results/stage3_statistical_baselines/predictions/cholera_arima_injected_5pct.csv,4,13,67,0,4,17,0.23529411764705882,1.0,0.38095238095238093,0.8375,0.1625,0.91875,applicable
cholera,ARIMA,False,0,injected_5pct,2.5,888.4920712942305,208.6429749369126,183.4207733326097,84,results/stage3_statistical_baselines/predictions/cholera_arima_injected_5pct.csv,4,13,67,0,4,17,0.23529411764705882,1.0,0.38095238095238093,0.8375,0.1625,0.91875,applicable
cholera,ARIMA,False,0,injected_5pct,3.0,1024.4618905656941,208.6429749369126,183.4207733326097,84,results/stage3_statistical_baselines/predictions/cholera_arima_injected_5pct.csv,4,13,67,0,4,17,0.23529411764705882,1.0,0.38095238095238093,0.8375,0.1625,0.91875,applicable
cholera,ARIMA,False,0,injected_5pct,3.5,1160.4317098371575,208.6429749369126,183.4207733326097,84,results/stage3_statistical_baselines/predictions/cholera_arima_injected_5pct.csv,4,13,67,0,4,17,0.23529411764705882,1.0,0.38095238095238093,0.8375,0.1625,0.91875,applicable
cholera,ARIMA,False,0,injected_5pct,4.0,1296.4015291086212,208.6429749369126,183.4207733326097,84,results/stage3_statistical_baselines/predictions/cholera_arima_injected_5pct.csv,4,13,67,0,4,17,0.23529411764705882,1.0,0.38095238095238093,0.8375,0.1625,0.91875,applicable
cholera,ARIMA,False,0,injected_5pct,4.5,1432.3713483800848,208.6429749369126,183.4207733326097,84,results/stage3_statistical_baselines/predictions/cholera_arima_injected_5pct.csv,4,13,67,0,4,17,0.23529411764705882,1.0,0.38095238095238093,0.8375,0.1625,0.91875,applicable
cholera,ARIMA,False,0,injected_5pct,5.0,1568.3411676515484,208.6429749369126,183.4207733326097,84,results/stage3_statistical_baselines/predictions/cholera_arima_injected_5pct.csv,4,13,67,0,4,17,0.23529411764705882,1.0,0.38095238095238093,0.8375,0.1625,0.91875,applicable
cholera,ARIMA,False,0,injected_10pct,2.0,752.5222520227669,208.6429749369126,183.4207733326097,84,results/stage3_statistical_baselines/predictions/cholera_arima_injected_10pct.csv,4,9,67,4,8,13,0.3076923076923077,0.5,0.38095238095238093,0.881578947368421,0.11842105263157894,0.6907894736842105,applicable
cholera,ARIMA,False,0,injected_10pct,2.5,888.4920712942305,208.6429749369126,183.4207733326097,84,results/stage3_statistical_baselines/predictions/cholera_arima_injected_10pct.csv,3,9,67,5,8,12,0.25,0.375,0.3,0.881578947368421,0.11842105263157894,0.6282894736842105,applicable
cholera,ARIMA,False,0,injected_10pct,3.0,1024.4618905656941,208.6429749369126,183.4207733326097,84,results/stage3_statistical_baselines/predictions/cholera_arima_injected_10pct.csv,3,9,67,5,8,12,0.25,0.375,0.3,0.881578947368421,0.11842105263157894,0.6282894736842105,applicable
cholera,ARIMA,False,0,injected_10pct,3.5,1160.4317098371575,208.6429749369126,183.4207733326097,84,results/stage3_statistical_baselines/predictions/cholera_arima_injected_10pct.csv,3,9,67,5,8,12,0.25,0.375,0.3,0.881578947368421,0.11842105263157894,0.6282894736842105,applicable
cholera,ARIMA,False,0,injected_10pct,4.0,1296.4015291086212,208.6429749369126,183.4207733326097,84,results/stage3_statistical_baselines/predictions/cholera_arima_injected_10pct.csv,3,8,68,5,8,11,0.2727272727272727,0.375,0.3157894736842105,0.8947368421052632,0.10526315789473684,0.6348684210526316,applicable
cholera,ARIMA,False,0,injected_10pct,4.5,1432.3713483800848,208.6429749369126,183.4207733326097,84,results/stage3_statistical_baselines/predictions/cholera_arima_injected_10pct.csv,3,8,68,5,8,11,0.2727272727272727,0.375,0.3157894736842105,0.8947368421052632,0.10526315789473684,0.6348684210526316,applicable
cholera,ARIMA,False,0,injected_10pct,5.0,1568.3411676515484,208.6429749369126,183.4207733326097,84,results/stage3_statistical_baselines/predictions/cholera_arima_injected_10pct.csv,3,6,70,5,8,9,0.3333333333333333,0.375,0.35294117647058826,0.9210526315789473,0.07894736842105263,0.6480263157894737,applicable
cholera,ARIMA,False,0,proxy_robust_z,2.0,752.5222520227669,208.6429749369126,183.4207733326097,84,results/stage3_statistical_baselines/predictions/cholera_arima_proxy_robust_z.csv,0,0,84,0,0,0,,,,1.0,0.0,,not_applicable_no_positive_reference
cholera,ARIMA,False,0,proxy_robust_z,2.5,888.4920712942305,208.6429749369126,183.4207733326097,84,results/stage3_statistical_baselines/predictions/cholera_arima_proxy_robust_z.csv,0,0,84,0,0,0,,,,1.0,0.0,,not_applicable_no_positive_reference
cholera,ARIMA,False,0,proxy_robust_z,3.0,1024.4618905656941,208.6429749369126,183.4207733326097,84,results/stage3_statistical_baselines/predictions/cholera_arima_proxy_robust_z.csv,0,0,84,0,0,0,,,,1.0,0.0,,not_applicable_no_positive_reference
cholera,ARIMA,False,0,proxy_robust_z,3.5,1160.4317098371575,208.6429749369126,183.4207733326097,84,results/stage3_statistical_baselines/predictions/cholera_arima_proxy_robust_z.csv,0,0,84,0,0,0,,,,1.0,0.0,,not_applicable_no_positive_reference
cholera,ARIMA,False,0,proxy_robust_z,4.0,1296.4015291086212,208.6429749369126,183.4207733326097,84,results/stage3_statistical_baselines/predictions/cholera_arima_proxy_robust_z.csv,0,0,84,0,0,0,,,,1.0,0.0,,not_applicable_no_positive_reference
cholera,ARIMA,False,0,proxy_robust_z,4.5,1432.3713483800848,208.6429749369126,183.4207733326097,84,results/stage3_statistical_baselines/predictions/cholera_arima_proxy_robust_z.csv,0,0,84,0,0,0,,,,1.0,0.0,,not_applicable_no_positive_reference
cholera,ARIMA,False,0,proxy_robust_z,5.0,1568.3411676515484,208.6429749369126,183.4207733326097,84,results/stage3_statistical_baselines/predictions/cholera_arima_proxy_robust_z.csv,0,0,84,0,0,0,,,,1.0,0.0,,not_applicable_no_positive_reference
cholera,XGBoost,True,110,injected_5pct,2.0,249.78795236293848,95.00673571803205,52.199250183767184,84,results/stage4_xgboost/predictions/cholera_xgboost_seed_110_injected_5pct.csv,4,35,45,0,4,39,0.10256410256410256,1.0,0.18604651162790697,0.5625,0.4375,0.78125,applicable
cholera,XGBoost,True,110,injected_5pct,2.5,288.4832565241651,95.00673571803205,52.199250183767184,84,results/stage4_xgboost/predictions/cholera_xgboost_seed_110_injected_5pct.csv,4,35,45,0,4,39,0.10256410256410256,1.0,0.18604651162790697,0.5625,0.4375,0.78125,applicable
cholera,XGBoost,True,110,injected_5pct,3.0,327.17856068539174,95.00673571803205,52.199250183767184,84,results/stage4_xgboost/predictions/cholera_xgboost_seed_110_injected_5pct.csv,4,34,46,0,4,38,0.10526315789473684,1.0,0.19047619047619047,0.575,0.425,0.7875,applicable
cholera,XGBoost,True,110,injected_5pct,3.5,365.8738648466183,95.00673571803205,52.199250183767184,84,results/stage4_xgboost/predictions/cholera_xgboost_seed_110_injected_5pct.csv,4,28,52,0,4,32,0.125,1.0,0.2222222222222222,0.65,0.35,0.825,applicable
cholera,XGBoost,True,110,injected_5pct,4.0,404.56916900784495,95.00673571803205,52.199250183767184,84,results/stage4_xgboost/predictions/cholera_xgboost_seed_110_injected_5pct.csv,4,27,53,0,4,31,0.12903225806451613,1.0,0.22857142857142856,0.6625,0.3375,0.83125,applicable
cholera,XGBoost,True,110,injected_5pct,4.5,443.2644731690715,95.00673571803205,52.199250183767184,84,results/stage4_xgboost/predictions/cholera_xgboost_seed_110_injected_5pct.csv,4,22,58,0,4,26,0.15384615384615385,1.0,0.26666666666666666,0.725,0.275,0.8625,applicable
cholera,XGBoost,True,110,injected_5pct,5.0,481.95977733029815,95.00673571803205,52.199250183767184,84,results/stage4_xgboost/predictions/cholera_xgboost_seed_110_injected_5pct.csv,4,17,63,0,4,21,0.19047619047619047,1.0,0.32,0.7875,0.2125,0.89375,applicable
cholera,XGBoost,True,11,injected_5pct,2.0,249.78795236293848,95.00673571803205,52.199250183767184,84,results/stage4_xgboost/predictions/cholera_xgboost_seed_11_injected_5pct.csv,4,40,40,0,4,44,0.09090909090909091,1.0,0.16666666666666666,0.5,0.5,0.75,applicable
cholera,XGBoost,True,11,injected_5pct,2.5,288.4832565241651,95.00673571803205,52.199250183767184,84,results/stage4_xgboost/predictions/cholera_xgboost_seed_11_injected_5pct.csv,4,40,40,0,4,44,0.09090909090909091,1.0,0.16666666666666666,0.5,0.5,0.75,applicable
cholera,XGBoost,True,11,injected_5pct,3.0,327.17856068539174,95.00673571803205,52.199250183767184,84,results/stage4_xgboost/predictions/cholera_xgboost_seed_11_injected_5pct.csv,4,35,45,0,4,39,0.10256410256410256,1.0,0.18604651162790697,0.5625,0.4375,0.78125,applicable
cholera,XGBoost,True,11,injected_5pct,3.5,365.8738648466183,95.00673571803205,52.199250183767184,84,results/stage4_xgboost/predictions/cholera_xgboost_seed_11_injected_5pct.csv,4,33,47,0,4,37,0.10810810810810811,1.0,0.1951219512195122,0.5875,0.4125,0.79375,applicable
cholera,XGBoost,True,11,injected_5pct,4.0,404.56916900784495,95.00673571803205,52.199250183767184,84,results/stage4_xgboost/predictions/cholera_xgboost_seed_11_injected_5pct.csv,4,28,52,0,4,32,0.125,1.0,0.2222222222222222,0.65,0.35,0.825,applicable
cholera,XGBoost,True,11,injected_5pct,4.5,443.2644731690715,95.00673571803205,52.199250183767184,84,results/stage4_xgboost/predictions/cholera_xgboost_seed_11_injected_5pct.csv,4,27,53,0,4,31,0.12903225806451613,1.0,0.22857142857142856,0.6625,0.3375,0.83125,applicable
cholera,XGBoost,True,11,injected_5pct,5.0,481.95977733029815,95.00673571803205,52.199250183767184,84,results/stage4_xgboost/predictions/cholera_xgboost_seed_11_injected_5pct.csv,4,23,57,0,4,27,0.14814814814814814,1.0,0.25806451612903225,0.7125,0.2875,0.85625,applicable
cholera,XGBoost,True,22,injected_5pct,2.0,249.78795236293848,95.00673571803205,52.199250183767184,84,results/stage4_xgboost/predictions/cholera_xgboost_seed_22_injected_5pct.csv,4,43,37,0,4,47,0.0851063829787234,1.0,0.1568627450980392,0.4625,0.5375,0.73125,applicable
cholera,XGBoost,True,22,injected_5pct,2.5,288.4832565241651,95.00673571803205,52.199250183767184,84,results/stage4_xgboost/predictions/cholera_xgboost_seed_22_injected_5pct.csv,4,39,41,0,4,43,0.09302325581395349,1.0,0.1702127659574468,0.5125,0.4875,0.75625,applicable
cholera,XGBoost,True,22,injected_5pct,3.0,327.17856068539174,95.00673571803205,52.199250183767184,84,results/stage4_xgboost/predictions/cholera_xgboost_seed_22_injected_5pct.csv,4,37,43,0,4,41,0.0975609756097561,1.0,0.17777777777777778,0.5375,0.4625,0.76875,applicable
cholera,XGBoost,True,22,injected_5pct,3.5,365.8738648466183,95.00673571803205,52.199250183767184,84,results/stage4_xgboost/predictions/cholera_xgboost_seed_22_injected_5pct.csv,4,34,46,0,4,38,0.10526315789473684,1.0,0.19047619047619047,0.575,0.425,0.7875,applicable
cholera,XGBoost,True,22,injected_5pct,4.0,404.56916900784495,95.00673571803205,52.199250183767184,84,results/stage4_xgboost/predictions/cholera_xgboost_seed_22_injected_5pct.csv,4,29,51,0,4,33,0.12121212121212122,1.0,0.21621621621621623,0.6375,0.3625,0.81875,applicable
cholera,XGBoost,True,22,injected_5pct,4.5,443.2644731690715,95.00673571803205,52.199250183767184,84,results/stage4_xgboost/predictions/cholera_xgboost_seed_22_injected_5pct.csv,4,28,52,0,4,32,0.125,1.0,0.2222222222222222,0.65,0.35,0.825,applicable
cholera,XGBoost,True,22,injected_5pct,5.0,481.95977733029815,95.00673571803205,52.199250183767184,84,results/stage4_xgboost/predictions/cholera_xgboost_seed_22_injected_5pct.csv,4,26,54,0,4,30,0.13333333333333333,1.0,0.23529411764705882,0.675,0.325,0.8375,applicable
cholera,XGBoost,True,33,injected_5pct,2.0,249.78795236293848,95.00673571803205,52.199250183767184,84,results/stage4_xgboost/predictions/cholera_xgboost_seed_33_injected_5pct.csv,4,37,43,0,4,41,0.0975609756097561,1.0,0.17777777777777778,0.5375,0.4625,0.76875,applicable
cholera,XGBoost,True,33,injected_5pct,2.5,288.4832565241651,95.00673571803205,52.199250183767184,84,results/stage4_xgboost/predictions/cholera_xgboost_seed_33_injected_5pct.csv,4,37,43,0,4,41,0.0975609756097561,1.0,0.17777777777777778,0.5375,0.4625,0.76875,applicable
cholera,XGBoost,True,33,injected_5pct,3.0,327.17856068539174,95.00673571803205,52.199250183767184,84,results/stage4_xgboost/predictions/cholera_xgboost_seed_33_injected_5pct.csv,4,32,48,0,4,36,0.1111111111111111,1.0,0.2,0.6,0.4,0.8,applicable
cholera,XGBoost,True,33,injected_5pct,3.5,365.8738648466183,95.00673571803205,52.199250183767184,84,results/stage4_xgboost/predictions/cholera_xgboost_seed_33_injected_5pct.csv,4,31,49,0,4,35,0.11428571428571428,1.0,0.20512820512820512,0.6125,0.3875,0.80625,applicable
cholera,XGBoost,True,33,injected_5pct,4.0,404.56916900784495,95.00673571803205,52.199250183767184,84,results/stage4_xgboost/predictions/cholera_xgboost_seed_33_injected_5pct.csv,4,30,50,0,4,34,0.11764705882352941,1.0,0.21052631578947367,0.625,0.375,0.8125,applicable
cholera,XGBoost,True,33,injected_5pct,4.5,443.2644731690715,95.00673571803205,52.199250183767184,84,results/stage4_xgboost/predictions/cholera_xgboost_seed_33_injected_5pct.csv,4,25,55,0,4,29,0.13793103448275862,1.0,0.24242424242424243,0.6875,0.3125,0.84375,applicable
cholera,XGBoost,True,33,injected_5pct,5.0,481.95977733029815,95.00673571803205,52.199250183767184,84,results/stage4_xgboost/predictions/cholera_xgboost_seed_33_injected_5pct.csv,4,20,60,0,4,24,0.16666666666666666,1.0,0.2857142857142857,0.75,0.25,0.875,applicable
cholera,XGBoost,True,44,injected_5pct,2.0,249.78795236293848,95.00673571803205,52.199250183767184,84,results/stage4_xgboost/predictions/cholera_xgboost_seed_44_injected_5pct.csv,4,35,45,0,4,39,0.10256410256410256,1.0,0.18604651162790697,0.5625,0.4375,0.78125,applicable
cholera,XGBoost,True,44,injected_5pct,2.5,288.4832565241651,95.00673571803205,52.199250183767184,84,results/stage4_xgboost/predictions/cholera_xgboost_seed_44_injected_5pct.csv,4,34,46,0,4,38,0.10526315789473684,1.0,0.19047619047619047,0.575,0.425,0.7875,applicable
cholera,XGBoost,True,44,injected_5pct,3.0,327.17856068539174,95.00673571803205,52.199250183767184,84,results/stage4_xgboost/predictions/cholera_xgboost_seed_44_injected_5pct.csv,4,32,48,0,4,36,0.1111111111111111,1.0,0.2,0.6,0.4,0.8,applicable
cholera,XGBoost,True,44,injected_5pct,3.5,365.8738648466183,95.00673571803205,52.199250183767184,84,results/stage4_xgboost/predictions/cholera_xgboost_seed_44_injected_5pct.csv,4,29,51,0,4,33,0.12121212121212122,1.0,0.21621621621621623,0.6375,0.3625,0.81875,applicable
cholera,XGBoost,True,44,injected_5pct,4.0,404.56916900784495,95.00673571803205,52.199250183767184,84,results/stage4_xgboost/predictions/cholera_xgboost_seed_44_injected_5pct.csv,4,24,56,0,4,28,0.14285714285714285,1.0,0.25,0.7,0.3,0.85,applicable
cholera,XGBoost,True,44,injected_5pct,4.5,443.2644731690715,95.00673571803205,52.199250183767184,84,results/stage4_xgboost/predictions/cholera_xgboost_seed_44_injected_5pct.csv,4,22,58,0,4,26,0.15384615384615385,1.0,0.26666666666666666,0.725,0.275,0.8625,applicable
cholera,XGBoost,True,44,injected_5pct,5.0,481.95977733029815,95.00673571803205,52.199250183767184,84,results/stage4_xgboost/predictions/cholera_xgboost_seed_44_injected_5pct.csv,4,16,64,0,4,20,0.2,1.0,0.3333333333333333,0.8,0.2,0.9,applicable
cholera,XGBoost,True,55,injected_5pct,2.0,249.78795236293848,95.00673571803205,52.199250183767184,84,results/stage4_xgboost/predictions/cholera_xgboost_seed_55_injected_5pct.csv,4,38,42,0,4,42,0.09523809523809523,1.0,0.17391304347826086,0.525,0.475,0.7625,applicable
cholera,XGBoost,True,55,injected_5pct,2.5,288.4832565241651,95.00673571803205,52.199250183767184,84,results/stage4_xgboost/predictions/cholera_xgboost_seed_55_injected_5pct.csv,4,37,43,0,4,41,0.0975609756097561,1.0,0.17777777777777778,0.5375,0.4625,0.76875,applicable
cholera,XGBoost,True,55,injected_5pct,3.0,327.17856068539174,95.00673571803205,52.199250183767184,84,results/stage4_xgboost/predictions/cholera_xgboost_seed_55_injected_5pct.csv,4,36,44,0,4,40,0.1,1.0,0.18181818181818182,0.55,0.45,0.775,applicable
cholera,XGBoost,True,55,injected_5pct,3.5,365.8738648466183,95.00673571803205,52.199250183767184,84,results/stage4_xgboost/predictions/cholera_xgboost_seed_55_injected_5pct.csv,4,34,46,0,4,38,0.10526315789473684,1.0,0.19047619047619047,0.575,0.425,0.7875,applicable
cholera,XGBoost,True,55,injected_5pct,4.0,404.56916900784495,95.00673571803205,52.199250183767184,84,results/stage4_xgboost/predictions/cholera_xgboost_seed_55_injected_5pct.csv,4,32,48,0,4,36,0.1111111111111111,1.0,0.2,0.6,0.4,0.8,applicable
cholera,XGBoost,True,55,injected_5pct,4.5,443.2644731690715,95.00673571803205,52.199250183767184,84,results/stage4_xgboost/predictions/cholera_xgboost_seed_55_injected_5pct.csv,4,31,49,0,4,35,0.11428571428571428,1.0,0.20512820512820512,0.6125,0.3875,0.80625,applicable
cholera,XGBoost,True,55,injected_5pct,5.0,481.95977733029815,95.00673571803205,52.199250183767184,84,results/stage4_xgboost/predictions/cholera_xgboost_seed_55_injected_5pct.csv,4,25,55,0,4,29,0.13793103448275862,1.0,0.24242424242424243,0.6875,0.3125,0.84375,applicable
cholera,XGBoost,True,66,injected_5pct,2.0,249.78795236293848,95.00673571803205,52.199250183767184,84,results/stage4_xgboost/predictions/cholera_xgboost_seed_66_injected_5pct.csv,4,38,42,0,4,42,0.09523809523809523,1.0,0.17391304347826086,0.525,0.475,0.7625,applicable
cholera,XGBoost,True,66,injected_5pct,2.5,288.4832565241651,95.00673571803205,52.199250183767184,84,results/stage4_xgboost/predictions/cholera_xgboost_seed_66_injected_5pct.csv,4,37,43,0,4,41,0.0975609756097561,1.0,0.17777777777777778,0.5375,0.4625,0.76875,applicable
cholera,XGBoost,True,66,injected_5pct,3.0,327.17856068539174,95.00673571803205,52.199250183767184,84,results/stage4_xgboost/predictions/cholera_xgboost_seed_66_injected_5pct.csv,4,34,46,0,4,38,0.10526315789473684,1.0,0.19047619047619047,0.575,0.425,0.7875,applicable
cholera,XGBoost,True,66,injected_5pct,3.5,365.8738648466183,95.00673571803205,52.199250183767184,84,results/stage4_xgboost/predictions/cholera_xgboost_seed_66_injected_5pct.csv,4,34,46,0,4,38,0.10526315789473684,1.0,0.19047619047619047,0.575,0.425,0.7875,applicable
cholera,XGBoost,True,66,injected_5pct,4.0,404.56916900784495,95.00673571803205,52.199250183767184,84,results/stage4_xgboost/predictions/cholera_xgboost_seed_66_injected_5pct.csv,4,29,51,0,4,33,0.12121212121212122,1.0,0.21621621621621623,0.6375,0.3625,0.81875,applicable
cholera,XGBoost,True,66,injected_5pct,4.5,443.2644731690715,95.00673571803205,52.199250183767184,84,results/stage4_xgboost/predictions/cholera_xgboost_seed_66_injected_5pct.csv,4,26,54,0,4,30,0.13333333333333333,1.0,0.23529411764705882,0.675,0.325,0.8375,applicable
cholera,XGBoost,True,66,injected_5pct,5.0,481.95977733029815,95.00673571803205,52.199250183767184,84,results/stage4_xgboost/predictions/cholera_xgboost_seed_66_injected_5pct.csv,4,24,56,0,4,28,0.14285714285714285,1.0,0.25,0.7,0.3,0.85,applicable
cholera,XGBoost,True,77,injected_5pct,2.0,249.78795236293848,95.00673571803205,52.199250183767184,84,results/stage4_xgboost/predictions/cholera_xgboost_seed_77_injected_5pct.csv,4,35,45,0,4,39,0.10256410256410256,1.0,0.18604651162790697,0.5625,0.4375,0.78125,applicable
cholera,XGBoost,True,77,injected_5pct,2.5,288.4832565241651,95.00673571803205,52.199250183767184,84,results/stage4_xgboost/predictions/cholera_xgboost_seed_77_injected_5pct.csv,4,32,48,0,4,36,0.1111111111111111,1.0,0.2,0.6,0.4,0.8,applicable
cholera,XGBoost,True,77,injected_5pct,3.0,327.17856068539174,95.00673571803205,52.199250183767184,84,results/stage4_xgboost/predictions/cholera_xgboost_seed_77_injected_5pct.csv,4,29,51,0,4,33,0.12121212121212122,1.0,0.21621621621621623,0.6375,0.3625,0.81875,applicable
cholera,XGBoost,True,77,injected_5pct,3.5,365.8738648466183,95.00673571803205,52.199250183767184,84,results/stage4_xgboost/predictions/cholera_xgboost_seed_77_injected_5pct.csv,4,25,55,0,4,29,0.13793103448275862,1.0,0.24242424242424243,0.6875,0.3125,0.84375,applicable
cholera,XGBoost,True,77,injected_5pct,4.0,404.56916900784495,95.00673571803205,52.199250183767184,84,results/stage4_xgboost/predictions/cholera_xgboost_seed_77_injected_5pct.csv,4,20,60,0,4,24,0.16666666666666666,1.0,0.2857142857142857,0.75,0.25,0.875,applicable
cholera,XGBoost,True,77,injected_5pct,4.5,443.2644731690715,95.00673571803205,52.199250183767184,84,results/stage4_xgboost/predictions/cholera_xgboost_seed_77_injected_5pct.csv,4,16,64,0,4,20,0.2,1.0,0.3333333333333333,0.8,0.2,0.9,applicable
cholera,XGBoost,True,77,injected_5pct,5.0,481.95977733029815,95.00673571803205,52.199250183767184,84,results/stage4_xgboost/predictions/cholera_xgboost_seed_77_injected_5pct.csv,4,14,66,0,4,18,0.2222222222222222,1.0,0.36363636363636365,0.825,0.175,0.9125,applicable
cholera,XGBoost,True,88,injected_5pct,2.0,249.78795236293848,95.00673571803205,52.199250183767184,84,results/stage4_xgboost/predictions/cholera_xgboost_seed_88_injected_5pct.csv,4,39,41,0,4,43,0.09302325581395349,1.0,0.1702127659574468,0.5125,0.4875,0.75625,applicable
cholera,XGBoost,True,88,injected_5pct,2.5,288.4832565241651,95.00673571803205,52.199250183767184,84,results/stage4_xgboost/predictions/cholera_xgboost_seed_88_injected_5pct.csv,4,38,42,0,4,42,0.09523809523809523,1.0,0.17391304347826086,0.525,0.475,0.7625,applicable
cholera,XGBoost,True,88,injected_5pct,3.0,327.17856068539174,95.00673571803205,52.199250183767184,84,results/stage4_xgboost/predictions/cholera_xgboost_seed_88_injected_5pct.csv,4,35,45,0,4,39,0.10256410256410256,1.0,0.18604651162790697,0.5625,0.4375,0.78125,applicable
cholera,XGBoost,True,88,injected_5pct,3.5,365.8738648466183,95.00673571803205,52.199250183767184,84,results/stage4_xgboost/predictions/cholera_xgboost_seed_88_injected_5pct.csv,4,30,50,0,4,34,0.11764705882352941,1.0,0.21052631578947367,0.625,0.375,0.8125,applicable
cholera,XGBoost,True,88,injected_5pct,4.0,404.56916900784495,95.00673571803205,52.199250183767184,84,results/stage4_xgboost/predictions/cholera_xgboost_seed_88_injected_5pct.csv,4,29,51,0,4,33,0.12121212121212122,1.0,0.21621621621621623,0.6375,0.3625,0.81875,applicable
cholera,XGBoost,True,88,injected_5pct,4.5,443.2644731690715,95.00673571803205,52.199250183767184,84,results/stage4_xgboost/predictions/cholera_xgboost_seed_88_injected_5pct.csv,4,23,57,0,4,27,0.14814814814814814,1.0,0.25806451612903225,0.7125,0.2875,0.85625,applicable
cholera,XGBoost,True,88,injected_5pct,5.0,481.95977733029815,95.00673571803205,52.199250183767184,84,results/stage4_xgboost/predictions/cholera_xgboost_seed_88_injected_5pct.csv,4,21,59,0,4,25,0.16,1.0,0.27586206896551724,0.7375,0.2625,0.86875,applicable
cholera,XGBoost,True,99,injected_5pct,2.0,249.78795236293848,95.00673571803205,52.199250183767184,84,results/stage4_xgboost/predictions/cholera_xgboost_seed_99_injected_5pct.csv,4,36,44,0,4,40,0.1,1.0,0.18181818181818182,0.55,0.45,0.775,applicable
cholera,XGBoost,True,99,injected_5pct,2.5,288.4832565241651,95.00673571803205,52.199250183767184,84,results/stage4_xgboost/predictions/cholera_xgboost_seed_99_injected_5pct.csv,4,35,45,0,4,39,0.10256410256410256,1.0,0.18604651162790697,0.5625,0.4375,0.78125,applicable
cholera,XGBoost,True,99,injected_5pct,3.0,327.17856068539174,95.00673571803205,52.199250183767184,84,results/stage4_xgboost/predictions/cholera_xgboost_seed_99_injected_5pct.csv,4,34,46,0,4,38,0.10526315789473684,1.0,0.19047619047619047,0.575,0.425,0.7875,applicable
cholera,XGBoost,True,99,injected_5pct,3.5,365.8738648466183,95.00673571803205,52.199250183767184,84,results/stage4_xgboost/predictions/cholera_xgboost_seed_99_injected_5pct.csv,4,33,47,0,4,37,0.10810810810810811,1.0,0.1951219512195122,0.5875,0.4125,0.79375,applicable
cholera,XGBoost,True,99,injected_5pct,4.0,404.56916900784495,95.00673571803205,52.199250183767184,84,results/stage4_xgboost/predictions/cholera_xgboost_seed_99_injected_5pct.csv,4,29,51,0,4,33,0.12121212121212122,1.0,0.21621621621621623,0.6375,0.3625,0.81875,applicable
cholera,XGBoost,True,99,injected_5pct,4.5,443.2644731690715,95.00673571803205,52.199250183767184,84,results/stage4_xgboost/predictions/cholera_xgboost_seed_99_injected_5pct.csv,4,21,59,0,4,25,0.16,1.0,0.27586206896551724,0.7375,0.2625,0.86875,applicable
cholera,XGBoost,True,99,injected_5pct,5.0,481.95977733029815,95.00673571803205,52.199250183767184,84,results/stage4_xgboost/predictions/cholera_xgboost_seed_99_injected_5pct.csv,4,18,62,0,4,22,0.18181818181818182,1.0,0.3076923076923077,0.775,0.225,0.8875,applicable
cholera,XGBoost,True,110,injected_10pct,2.0,249.78795236293848,95.00673571803205,52.199250183767184,84,results/stage4_xgboost/predictions/cholera_xgboost_seed_110_injected_10pct.csv,5,31,45,3,8,36,0.1388888888888889,0.625,0.22727272727272727,0.5921052631578947,0.40789473684210525,0.6085526315789473,applicable
cholera,XGBoost,True,110,injected_10pct,2.5,288.4832565241651,95.00673571803205,52.199250183767184,84,results/stage4_xgboost/predictions/cholera_xgboost_seed_110_injected_10pct.csv,4,31,45,4,8,35,0.11428571428571428,0.5,0.18604651162790697,0.5921052631578947,0.40789473684210525,0.5460526315789473,applicable
cholera,XGBoost,True,110,injected_10pct,3.0,327.17856068539174,95.00673571803205,52.199250183767184,84,results/stage4_xgboost/predictions/cholera_xgboost_seed_110_injected_10pct.csv,4,29,47,4,8,33,0.12121212121212122,0.5,0.1951219512195122,0.618421052631579,0.3815789473684211,0.5592105263157895,applicable
cholera,XGBoost,True,110,injected_10pct,3.5,365.8738648466183,95.00673571803205,52.199250183767184,84,results/stage4_xgboost/predictions/cholera_xgboost_seed_110_injected_10pct.csv,4,25,51,4,8,29,0.13793103448275862,0.5,0.21621621621621623,0.6710526315789473,0.32894736842105265,0.5855263157894737,applicable
cholera,XGBoost,True,110,injected_10pct,4.0,404.56916900784495,95.00673571803205,52.199250183767184,84,results/stage4_xgboost/predictions/cholera_xgboost_seed_110_injected_10pct.csv,3,24,52,5,8,27,0.1111111111111111,0.375,0.17142857142857143,0.6842105263157895,0.3157894736842105,0.5296052631578947,applicable
cholera,XGBoost,True,110,injected_10pct,4.5,443.2644731690715,95.00673571803205,52.199250183767184,84,results/stage4_xgboost/predictions/cholera_xgboost_seed_110_injected_10pct.csv,3,20,56,5,8,23,0.13043478260869565,0.375,0.1935483870967742,0.7368421052631579,0.2631578947368421,0.555921052631579,applicable
cholera,XGBoost,True,110,injected_10pct,5.0,481.95977733029815,95.00673571803205,52.199250183767184,84,results/stage4_xgboost/predictions/cholera_xgboost_seed_110_injected_10pct.csv,3,17,59,5,8,20,0.15,0.375,0.21428571428571427,0.7763157894736842,0.2236842105263158,0.575657894736842,applicable
cholera,XGBoost,True,11,injected_10pct,2.0,249.78795236293848,95.00673571803205,52.199250183767184,84,results/stage4_xgboost/predictions/cholera_xgboost_seed_11_injected_10pct.csv,5,28,48,3,8,33,0.15151515151515152,0.625,0.24390243902439024,0.631578947368421,0.3684210526315789,0.6282894736842105,applicable
cholera,XGBoost,True,11,injected_10pct,2.5,288.4832565241651,95.00673571803205,52.199250183767184,84,results/stage4_xgboost/predictions/cholera_xgboost_seed_11_injected_10pct.csv,5,27,49,3,8,32,0.15625,0.625,0.25,0.6447368421052632,0.35526315789473684,0.6348684210526316,applicable
cholera,XGBoost,True,11,injected_10pct,3.0,327.17856068539174,95.00673571803205,52.199250183767184,84,results/stage4_xgboost/predictions/cholera_xgboost_seed_11_injected_10pct.csv,4,27,49,4,8,31,0.12903225806451613,0.5,0.20512820512820512,0.6447368421052632,0.35526315789473684,0.5723684210526316,applicable
cholera,XGBoost,True,11,injected_10pct,3.5,365.8738648466183,95.00673571803205,52.199250183767184,84,results/stage4_xgboost/predictions/cholera_xgboost_seed_11_injected_10pct.csv,4,26,50,4,8,30,0.13333333333333333,0.5,0.21052631578947367,0.6578947368421053,0.34210526315789475,0.5789473684210527,applicable
cholera,XGBoost,True,11,injected_10pct,4.0,404.56916900784495,95.00673571803205,52.199250183767184,84,results/stage4_xgboost/predictions/cholera_xgboost_seed_11_injected_10pct.csv,4,22,54,4,8,26,0.15384615384615385,0.5,0.23529411764705882,0.7105263157894737,0.2894736842105263,0.6052631578947368,applicable
cholera,XGBoost,True,11,injected_10pct,4.5,443.2644731690715,95.00673571803205,52.199250183767184,84,results/stage4_xgboost/predictions/cholera_xgboost_seed_11_injected_10pct.csv,4,20,56,4,8,24,0.16666666666666666,0.5,0.25,0.7368421052631579,0.2631578947368421,0.618421052631579,applicable
cholera,XGBoost,True,11,injected_10pct,5.0,481.95977733029815,95.00673571803205,52.199250183767184,84,results/stage4_xgboost/predictions/cholera_xgboost_seed_11_injected_10pct.csv,4,17,59,4,8,21,0.19047619047619047,0.5,0.27586206896551724,0.7763157894736842,0.2236842105263158,0.638157894736842,applicable
cholera,XGBoost,True,22,injected_10pct,2.0,249.78795236293848,95.00673571803205,52.199250183767184,84,results/stage4_xgboost/predictions/cholera_xgboost_seed_22_injected_10pct.csv,5,32,44,3,8,37,0.13513513513513514,0.625,0.2222222222222222,0.5789473684210527,0.42105263157894735,0.6019736842105263,applicable
cholera,XGBoost,True,22,injected_10pct,2.5,288.4832565241651,95.00673571803205,52.199250183767184,84,results/stage4_xgboost/predictions/cholera_xgboost_seed_22_injected_10pct.csv,5,30,46,3,8,35,0.14285714285714285,0.625,0.23255813953488372,0.6052631578947368,0.39473684210526316,0.6151315789473684,applicable
cholera,XGBoost,True,22,injected_10pct,3.0,327.17856068539174,95.00673571803205,52.199250183767184,84,results/stage4_xgboost/predictions/cholera_xgboost_seed_22_injected_10pct.csv,5,30,46,3,8,35,0.14285714285714285,0.625,0.23255813953488372,0.6052631578947368,0.39473684210526316,0.6151315789473684,applicable
cholera,XGBoost,True,22,injected_10pct,3.5,365.8738648466183,95.00673571803205,52.199250183767184,84,results/stage4_xgboost/predictions/cholera_xgboost_seed_22_injected_10pct.csv,4,26,50,4,8,30,0.13333333333333333,0.5,0.21052631578947367,0.6578947368421053,0.34210526315789475,0.5789473684210527,applicable
cholera,XGBoost,True,22,injected_10pct,4.0,404.56916900784495,95.00673571803205,52.199250183767184,84,results/stage4_xgboost/predictions/cholera_xgboost_seed_22_injected_10pct.csv,4,24,52,4,8,28,0.14285714285714285,0.5,0.2222222222222222,0.6842105263157895,0.3157894736842105,0.5921052631578947,applicable
cholera,XGBoost,True,22,injected_10pct,4.5,443.2644731690715,95.00673571803205,52.199250183767184,84,results/stage4_xgboost/predictions/cholera_xgboost_seed_22_injected_10pct.csv,4,23,53,4,8,27,0.14814814814814814,0.5,0.22857142857142856,0.6973684210526315,0.3026315789473684,0.5986842105263157,applicable
cholera,XGBoost,True,22,injected_10pct,5.0,481.95977733029815,95.00673571803205,52.199250183767184,84,results/stage4_xgboost/predictions/cholera_xgboost_seed_22_injected_10pct.csv,3,22,54,5,8,25,0.12,0.375,0.18181818181818182,0.7105263157894737,0.2894736842105263,0.5427631578947368,applicable
cholera,XGBoost,True,33,injected_10pct,2.0,249.78795236293848,95.00673571803205,52.199250183767184,84,results/stage4_xgboost/predictions/cholera_xgboost_seed_33_injected_10pct.csv,4,31,45,4,8,35,0.11428571428571428,0.5,0.18604651162790697,0.5921052631578947,0.40789473684210525,0.5460526315789473,applicable
cholera,XGBoost,True,33,injected_10pct,2.5,288.4832565241651,95.00673571803205,52.199250183767184,84,results/stage4_xgboost/predictions/cholera_xgboost_seed_33_injected_10pct.csv,4,31,45,4,8,35,0.11428571428571428,0.5,0.18604651162790697,0.5921052631578947,0.40789473684210525,0.5460526315789473,applicable
cholera,XGBoost,True,33,injected_10pct,3.0,327.17856068539174,95.00673571803205,52.199250183767184,84,results/stage4_xgboost/predictions/cholera_xgboost_seed_33_injected_10pct.csv,4,28,48,4,8,32,0.125,0.5,0.2,0.631578947368421,0.3684210526315789,0.5657894736842105,applicable
cholera,XGBoost,True,33,injected_10pct,3.5,365.8738648466183,95.00673571803205,52.199250183767184,84,results/stage4_xgboost/predictions/cholera_xgboost_seed_33_injected_10pct.csv,4,26,50,4,8,30,0.13333333333333333,0.5,0.21052631578947367,0.6578947368421053,0.34210526315789475,0.5789473684210527,applicable
cholera,XGBoost,True,33,injected_10pct,4.0,404.56916900784495,95.00673571803205,52.199250183767184,84,results/stage4_xgboost/predictions/cholera_xgboost_seed_33_injected_10pct.csv,3,23,53,5,8,26,0.11538461538461539,0.375,0.17647058823529413,0.6973684210526315,0.3026315789473684,0.5361842105263157,applicable
cholera,XGBoost,True,33,injected_10pct,4.5,443.2644731690715,95.00673571803205,52.199250183767184,84,results/stage4_xgboost/predictions/cholera_xgboost_seed_33_injected_10pct.csv,3,19,57,5,8,22,0.13636363636363635,0.375,0.2,0.75,0.25,0.5625,applicable
cholera,XGBoost,True,33,injected_10pct,5.0,481.95977733029815,95.00673571803205,52.199250183767184,84,results/stage4_xgboost/predictions/cholera_xgboost_seed_33_injected_10pct.csv,3,19,57,5,8,22,0.13636363636363635,0.375,0.2,0.75,0.25,0.5625,applicable
cholera,XGBoost,True,44,injected_10pct,2.0,249.78795236293848,95.00673571803205,52.199250183767184,84,results/stage4_xgboost/predictions/cholera_xgboost_seed_44_injected_10pct.csv,5,28,48,3,8,33,0.15151515151515152,0.625,0.24390243902439024,0.631578947368421,0.3684210526315789,0.6282894736842105,applicable
cholera,XGBoost,True,44,injected_10pct,2.5,288.4832565241651,95.00673571803205,52.199250183767184,84,results/stage4_xgboost/predictions/cholera_xgboost_seed_44_injected_10pct.csv,5,28,48,3,8,33,0.15151515151515152,0.625,0.24390243902439024,0.631578947368421,0.3684210526315789,0.6282894736842105,applicable
cholera,XGBoost,True,44,injected_10pct,3.0,327.17856068539174,95.00673571803205,52.199250183767184,84,results/stage4_xgboost/predictions/cholera_xgboost_seed_44_injected_10pct.csv,4,26,50,4,8,30,0.13333333333333333,0.5,0.21052631578947367,0.6578947368421053,0.34210526315789475,0.5789473684210527,applicable
cholera,XGBoost,True,44,injected_10pct,3.5,365.8738648466183,95.00673571803205,52.199250183767184,84,results/stage4_xgboost/predictions/cholera_xgboost_seed_44_injected_10pct.csv,4,22,54,4,8,26,0.15384615384615385,0.5,0.23529411764705882,0.7105263157894737,0.2894736842105263,0.6052631578947368,applicable
cholera,XGBoost,True,44,injected_10pct,4.0,404.56916900784495,95.00673571803205,52.199250183767184,84,results/stage4_xgboost/predictions/cholera_xgboost_seed_44_injected_10pct.csv,4,21,55,4,8,25,0.16,0.5,0.24242424242424243,0.7236842105263158,0.27631578947368424,0.611842105263158,applicable
cholera,XGBoost,True,44,injected_10pct,4.5,443.2644731690715,95.00673571803205,52.199250183767184,84,results/stage4_xgboost/predictions/cholera_xgboost_seed_44_injected_10pct.csv,4,21,55,4,8,25,0.16,0.5,0.24242424242424243,0.7236842105263158,0.27631578947368424,0.611842105263158,applicable
cholera,XGBoost,True,44,injected_10pct,5.0,481.95977733029815,95.00673571803205,52.199250183767184,84,results/stage4_xgboost/predictions/cholera_xgboost_seed_44_injected_10pct.csv,3,20,56,5,8,23,0.13043478260869565,0.375,0.1935483870967742,0.7368421052631579,0.2631578947368421,0.555921052631579,applicable
cholera,XGBoost,True,55,injected_10pct,2.0,249.78795236293848,95.00673571803205,52.199250183767184,84,results/stage4_xgboost/predictions/cholera_xgboost_seed_55_injected_10pct.csv,5,31,45,3,8,36,0.1388888888888889,0.625,0.22727272727272727,0.5921052631578947,0.40789473684210525,0.6085526315789473,applicable
cholera,XGBoost,True,55,injected_10pct,2.5,288.4832565241651,95.00673571803205,52.199250183767184,84,results/stage4_xgboost/predictions/cholera_xgboost_seed_55_injected_10pct.csv,4,31,45,4,8,35,0.11428571428571428,0.5,0.18604651162790697,0.5921052631578947,0.40789473684210525,0.5460526315789473,applicable
cholera,XGBoost,True,55,injected_10pct,3.0,327.17856068539174,95.00673571803205,52.199250183767184,84,results/stage4_xgboost/predictions/cholera_xgboost_seed_55_injected_10pct.csv,4,29,47,4,8,33,0.12121212121212122,0.5,0.1951219512195122,0.618421052631579,0.3815789473684211,0.5592105263157895,applicable
cholera,XGBoost,True,55,injected_10pct,3.5,365.8738648466183,95.00673571803205,52.199250183767184,84,results/stage4_xgboost/predictions/cholera_xgboost_seed_55_injected_10pct.csv,4,27,49,4,8,31,0.12903225806451613,0.5,0.20512820512820512,0.6447368421052632,0.35526315789473684,0.5723684210526316,applicable
cholera,XGBoost,True,55,injected_10pct,4.0,404.56916900784495,95.00673571803205,52.199250183767184,84,results/stage4_xgboost/predictions/cholera_xgboost_seed_55_injected_10pct.csv,4,26,50,4,8,30,0.13333333333333333,0.5,0.21052631578947367,0.6578947368421053,0.34210526315789475,0.5789473684210527,applicable
cholera,XGBoost,True,55,injected_10pct,4.5,443.2644731690715,95.00673571803205,52.199250183767184,84,results/stage4_xgboost/predictions/cholera_xgboost_seed_55_injected_10pct.csv,4,25,51,4,8,29,0.13793103448275862,0.5,0.21621621621621623,0.6710526315789473,0.32894736842105265,0.5855263157894737,applicable
cholera,XGBoost,True,55,injected_10pct,5.0,481.95977733029815,95.00673571803205,52.199250183767184,84,results/stage4_xgboost/predictions/cholera_xgboost_seed_55_injected_10pct.csv,4,22,54,4,8,26,0.15384615384615385,0.5,0.23529411764705882,0.7105263157894737,0.2894736842105263,0.6052631578947368,applicable
cholera,XGBoost,True,66,injected_10pct,2.0,249.78795236293848,95.00673571803205,52.199250183767184,84,results/stage4_xgboost/predictions/cholera_xgboost_seed_66_injected_10pct.csv,4,32,44,4,8,36,0.1111111111111111,0.5,0.18181818181818182,0.5789473684210527,0.42105263157894735,0.5394736842105263,applicable
cholera,XGBoost,True,66,injected_10pct,2.5,288.4832565241651,95.00673571803205,52.199250183767184,84,results/stage4_xgboost/predictions/cholera_xgboost_seed_66_injected_10pct.csv,4,29,47,4,8,33,0.12121212121212122,0.5,0.1951219512195122,0.618421052631579,0.3815789473684211,0.5592105263157895,applicable
cholera,XGBoost,True,66,injected_10pct,3.0,327.17856068539174,95.00673571803205,52.199250183767184,84,results/stage4_xgboost/predictions/cholera_xgboost_seed_66_injected_10pct.csv,4,28,48,4,8,32,0.125,0.5,0.2,0.631578947368421,0.3684210526315789,0.5657894736842105,applicable
cholera,XGBoost,True,66,injected_10pct,3.5,365.8738648466183,95.00673571803205,52.199250183767184,84,results/stage4_xgboost/predictions/cholera_xgboost_seed_66_injected_10pct.csv,4,28,48,4,8,32,0.125,0.5,0.2,0.631578947368421,0.3684210526315789,0.5657894736842105,applicable
cholera,XGBoost,True,66,injected_10pct,4.0,404.56916900784495,95.00673571803205,52.199250183767184,84,results/stage4_xgboost/predictions/cholera_xgboost_seed_66_injected_10pct.csv,4,25,51,4,8,29,0.13793103448275862,0.5,0.21621621621621623,0.6710526315789473,0.32894736842105265,0.5855263157894737,applicable
cholera,XGBoost,True,66,injected_10pct,4.5,443.2644731690715,95.00673571803205,52.199250183767184,84,results/stage4_xgboost/predictions/cholera_xgboost_seed_66_injected_10pct.csv,4,24,52,4,8,28,0.14285714285714285,0.5,0.2222222222222222,0.6842105263157895,0.3157894736842105,0.5921052631578947,applicable
cholera,XGBoost,True,66,injected_10pct,5.0,481.95977733029815,95.00673571803205,52.199250183767184,84,results/stage4_xgboost/predictions/cholera_xgboost_seed_66_injected_10pct.csv,3,22,54,5,8,25,0.12,0.375,0.18181818181818182,0.7105263157894737,0.2894736842105263,0.5427631578947368,applicable
cholera,XGBoost,True,77,injected_10pct,2.0,249.78795236293848,95.00673571803205,52.199250183767184,84,results/stage4_xgboost/predictions/cholera_xgboost_seed_77_injected_10pct.csv,5,29,47,3,8,34,0.14705882352941177,0.625,0.23809523809523808,0.618421052631579,0.3815789473684211,0.6217105263157895,applicable
cholera,XGBoost,True,77,injected_10pct,2.5,288.4832565241651,95.00673571803205,52.199250183767184,84,results/stage4_xgboost/predictions/cholera_xgboost_seed_77_injected_10pct.csv,4,28,48,4,8,32,0.125,0.5,0.2,0.631578947368421,0.3684210526315789,0.5657894736842105,applicable
cholera,XGBoost,True,77,injected_10pct,3.0,327.17856068539174,95.00673571803205,52.199250183767184,84,results/stage4_xgboost/predictions/cholera_xgboost_seed_77_injected_10pct.csv,4,25,51,4,8,29,0.13793103448275862,0.5,0.21621621621621623,0.6710526315789473,0.32894736842105265,0.5855263157894737,applicable
cholera,XGBoost,True,77,injected_10pct,3.5,365.8738648466183,95.00673571803205,52.199250183767184,84,results/stage4_xgboost/predictions/cholera_xgboost_seed_77_injected_10pct.csv,4,22,54,4,8,26,0.15384615384615385,0.5,0.23529411764705882,0.7105263157894737,0.2894736842105263,0.6052631578947368,applicable
cholera,XGBoost,True,77,injected_10pct,4.0,404.56916900784495,95.00673571803205,52.199250183767184,84,results/stage4_xgboost/predictions/cholera_xgboost_seed_77_injected_10pct.csv,4,20,56,4,8,24,0.16666666666666666,0.5,0.25,0.7368421052631579,0.2631578947368421,0.618421052631579,applicable
cholera,XGBoost,True,77,injected_10pct,4.5,443.2644731690715,95.00673571803205,52.199250183767184,84,results/stage4_xgboost/predictions/cholera_xgboost_seed_77_injected_10pct.csv,4,18,58,4,8,22,0.18181818181818182,0.5,0.26666666666666666,0.7631578947368421,0.23684210526315788,0.631578947368421,applicable
cholera,XGBoost,True,77,injected_10pct,5.0,481.95977733029815,95.00673571803205,52.199250183767184,84,results/stage4_xgboost/predictions/cholera_xgboost_seed_77_injected_10pct.csv,3,14,62,5,8,17,0.17647058823529413,0.375,0.24,0.8157894736842105,0.18421052631578946,0.5953947368421053,applicable
cholera,XGBoost,True,88,injected_10pct,2.0,249.78795236293848,95.00673571803205,52.199250183767184,84,results/stage4_xgboost/predictions/cholera_xgboost_seed_88_injected_10pct.csv,5,33,43,3,8,38,0.13157894736842105,0.625,0.21739130434782608,0.5657894736842105,0.4342105263157895,0.5953947368421053,applicable
cholera,XGBoost,True,88,injected_10pct,2.5,288.4832565241651,95.00673571803205,52.199250183767184,84,results/stage4_xgboost/predictions/cholera_xgboost_seed_88_injected_10pct.csv,5,31,45,3,8,36,0.1388888888888889,0.625,0.22727272727272727,0.5921052631578947,0.40789473684210525,0.6085526315789473,applicable
cholera,XGBoost,True,88,injected_10pct,3.0,327.17856068539174,95.00673571803205,52.199250183767184,84,results/stage4_xgboost/predictions/cholera_xgboost_seed_88_injected_10pct.csv,5,27,49,3,8,32,0.15625,0.625,0.25,0.6447368421052632,0.35526315789473684,0.6348684210526316,applicable
cholera,XGBoost,True,88,injected_10pct,3.5,365.8738648466183,95.00673571803205,52.199250183767184,84,results/stage4_xgboost/predictions/cholera_xgboost_seed_88_injected_10pct.csv,4,27,49,4,8,31,0.12903225806451613,0.5,0.20512820512820512,0.6447368421052632,0.35526315789473684,0.5723684210526316,applicable
cholera,XGBoost,True,88,injected_10pct,4.0,404.56916900784495,95.00673571803205,52.199250183767184,84,results/stage4_xgboost/predictions/cholera_xgboost_seed_88_injected_10pct.csv,3,23,53,5,8,26,0.11538461538461539,0.375,0.17647058823529413,0.6973684210526315,0.3026315789473684,0.5361842105263157,applicable
cholera,XGBoost,True,88,injected_10pct,4.5,443.2644731690715,95.00673571803205,52.199250183767184,84,results/stage4_xgboost/predictions/cholera_xgboost_seed_88_injected_10pct.csv,3,18,58,5,8,21,0.14285714285714285,0.375,0.20689655172413793,0.7631578947368421,0.23684210526315788,0.569078947368421,applicable
cholera,XGBoost,True,88,injected_10pct,5.0,481.95977733029815,95.00673571803205,52.199250183767184,84,results/stage4_xgboost/predictions/cholera_xgboost_seed_88_injected_10pct.csv,3,16,60,5,8,19,0.15789473684210525,0.375,0.2222222222222222,0.7894736842105263,0.21052631578947367,0.5822368421052632,applicable
cholera,XGBoost,True,99,injected_10pct,2.0,249.78795236293848,95.00673571803205,52.199250183767184,84,results/stage4_xgboost/predictions/cholera_xgboost_seed_99_injected_10pct.csv,6,28,48,2,8,34,0.17647058823529413,0.75,0.2857142857142857,0.631578947368421,0.3684210526315789,0.6907894736842105,applicable
cholera,XGBoost,True,99,injected_10pct,2.5,288.4832565241651,95.00673571803205,52.199250183767184,84,results/stage4_xgboost/predictions/cholera_xgboost_seed_99_injected_10pct.csv,5,26,50,3,8,31,0.16129032258064516,0.625,0.2564102564102564,0.6578947368421053,0.34210526315789475,0.6414473684210527,applicable
cholera,XGBoost,True,99,injected_10pct,3.0,327.17856068539174,95.00673571803205,52.199250183767184,84,results/stage4_xgboost/predictions/cholera_xgboost_seed_99_injected_10pct.csv,5,26,50,3,8,31,0.16129032258064516,0.625,0.2564102564102564,0.6578947368421053,0.34210526315789475,0.6414473684210527,applicable
cholera,XGBoost,True,99,injected_10pct,3.5,365.8738648466183,95.00673571803205,52.199250183767184,84,results/stage4_xgboost/predictions/cholera_xgboost_seed_99_injected_10pct.csv,5,24,52,3,8,29,0.1724137931034483,0.625,0.2702702702702703,0.6842105263157895,0.3157894736842105,0.6546052631578947,applicable
cholera,XGBoost,True,99,injected_10pct,4.0,404.56916900784495,95.00673571803205,52.199250183767184,84,results/stage4_xgboost/predictions/cholera_xgboost_seed_99_injected_10pct.csv,4,22,54,4,8,26,0.15384615384615385,0.5,0.23529411764705882,0.7105263157894737,0.2894736842105263,0.6052631578947368,applicable
cholera,XGBoost,True,99,injected_10pct,4.5,443.2644731690715,95.00673571803205,52.199250183767184,84,results/stage4_xgboost/predictions/cholera_xgboost_seed_99_injected_10pct.csv,4,18,58,4,8,22,0.18181818181818182,0.5,0.26666666666666666,0.7631578947368421,0.23684210526315788,0.631578947368421,applicable
cholera,XGBoost,True,99,injected_10pct,5.0,481.95977733029815,95.00673571803205,52.199250183767184,84,results/stage4_xgboost/predictions/cholera_xgboost_seed_99_injected_10pct.csv,3,15,61,5,8,18,0.16666666666666666,0.375,0.23076923076923078,0.8026315789473685,0.19736842105263158,0.5888157894736843,applicable
cholera,XGBoost,True,110,proxy_robust_z,2.0,249.78795236293848,95.00673571803205,52.199250183767184,84,results/stage4_xgboost/predictions/cholera_xgboost_seed_110_proxy_robust_z.csv,0,42,42,0,0,42,,,,0.5,0.5,,not_applicable_no_positive_reference
cholera,XGBoost,True,110,proxy_robust_z,2.5,288.4832565241651,95.00673571803205,52.199250183767184,84,results/stage4_xgboost/predictions/cholera_xgboost_seed_110_proxy_robust_z.csv,0,41,43,0,0,41,,,,0.5119047619047619,0.4880952380952381,,not_applicable_no_positive_reference
cholera,XGBoost,True,110,proxy_robust_z,3.0,327.17856068539174,95.00673571803205,52.199250183767184,84,results/stage4_xgboost/predictions/cholera_xgboost_seed_110_proxy_robust_z.csv,0,41,43,0,0,41,,,,0.5119047619047619,0.4880952380952381,,not_applicable_no_positive_reference
cholera,XGBoost,True,110,proxy_robust_z,3.5,365.8738648466183,95.00673571803205,52.199250183767184,84,results/stage4_xgboost/predictions/cholera_xgboost_seed_110_proxy_robust_z.csv,0,37,47,0,0,37,,,,0.5595238095238095,0.44047619047619047,,not_applicable_no_positive_reference
cholera,XGBoost,True,110,proxy_robust_z,4.0,404.56916900784495,95.00673571803205,52.199250183767184,84,results/stage4_xgboost/predictions/cholera_xgboost_seed_110_proxy_robust_z.csv,0,35,49,0,0,35,,,,0.5833333333333334,0.4166666666666667,,not_applicable_no_positive_reference
cholera,XGBoost,True,110,proxy_robust_z,4.5,443.2644731690715,95.00673571803205,52.199250183767184,84,results/stage4_xgboost/predictions/cholera_xgboost_seed_110_proxy_robust_z.csv,0,32,52,0,0,32,,,,0.6190476190476191,0.38095238095238093,,not_applicable_no_positive_reference
cholera,XGBoost,True,110,proxy_robust_z,5.0,481.95977733029815,95.00673571803205,52.199250183767184,84,results/stage4_xgboost/predictions/cholera_xgboost_seed_110_proxy_robust_z.csv,0,26,58,0,0,26,,,,0.6904761904761905,0.30952380952380953,,not_applicable_no_positive_reference
cholera,XGBoost,True,11,proxy_robust_z,2.0,249.78795236293848,95.00673571803205,52.199250183767184,84,results/stage4_xgboost/predictions/cholera_xgboost_seed_11_proxy_robust_z.csv,0,42,42,0,0,42,,,,0.5,0.5,,not_applicable_no_positive_reference
cholera,XGBoost,True,11,proxy_robust_z,2.5,288.4832565241651,95.00673571803205,52.199250183767184,84,results/stage4_xgboost/predictions/cholera_xgboost_seed_11_proxy_robust_z.csv,0,42,42,0,0,42,,,,0.5,0.5,,not_applicable_no_positive_reference
cholera,XGBoost,True,11,proxy_robust_z,3.0,327.17856068539174,95.00673571803205,52.199250183767184,84,results/stage4_xgboost/predictions/cholera_xgboost_seed_11_proxy_robust_z.csv,0,41,43,0,0,41,,,,0.5119047619047619,0.4880952380952381,,not_applicable_no_positive_reference
cholera,XGBoost,True,11,proxy_robust_z,3.5,365.8738648466183,95.00673571803205,52.199250183767184,84,results/stage4_xgboost/predictions/cholera_xgboost_seed_11_proxy_robust_z.csv,0,41,43,0,0,41,,,,0.5119047619047619,0.4880952380952381,,not_applicable_no_positive_reference
cholera,XGBoost,True,11,proxy_robust_z,4.0,404.56916900784495,95.00673571803205,52.199250183767184,84,results/stage4_xgboost/predictions/cholera_xgboost_seed_11_proxy_robust_z.csv,0,39,45,0,0,39,,,,0.5357142857142857,0.4642857142857143,,not_applicable_no_positive_reference
cholera,XGBoost,True,11,proxy_robust_z,4.5,443.2644731690715,95.00673571803205,52.199250183767184,84,results/stage4_xgboost/predictions/cholera_xgboost_seed_11_proxy_robust_z.csv,0,36,48,0,0,36,,,,0.5714285714285714,0.42857142857142855,,not_applicable_no_positive_reference
cholera,XGBoost,True,11,proxy_robust_z,5.0,481.95977733029815,95.00673571803205,52.199250183767184,84,results/stage4_xgboost/predictions/cholera_xgboost_seed_11_proxy_robust_z.csv,0,31,53,0,0,31,,,,0.6309523809523809,0.36904761904761907,,not_applicable_no_positive_reference
cholera,XGBoost,True,22,proxy_robust_z,2.0,249.78795236293848,95.00673571803205,52.199250183767184,84,results/stage4_xgboost/predictions/cholera_xgboost_seed_22_proxy_robust_z.csv,0,42,42,0,0,42,,,,0.5,0.5,,not_applicable_no_positive_reference
cholera,XGBoost,True,22,proxy_robust_z,2.5,288.4832565241651,95.00673571803205,52.199250183767184,84,results/stage4_xgboost/predictions/cholera_xgboost_seed_22_proxy_robust_z.csv,0,42,42,0,0,42,,,,0.5,0.5,,not_applicable_no_positive_reference
cholera,XGBoost,True,22,proxy_robust_z,3.0,327.17856068539174,95.00673571803205,52.199250183767184,84,results/stage4_xgboost/predictions/cholera_xgboost_seed_22_proxy_robust_z.csv,0,42,42,0,0,42,,,,0.5,0.5,,not_applicable_no_positive_reference
cholera,XGBoost,True,22,proxy_robust_z,3.5,365.8738648466183,95.00673571803205,52.199250183767184,84,results/stage4_xgboost/predictions/cholera_xgboost_seed_22_proxy_robust_z.csv,0,41,43,0,0,41,,,,0.5119047619047619,0.4880952380952381,,not_applicable_no_positive_reference
cholera,XGBoost,True,22,proxy_robust_z,4.0,404.56916900784495,95.00673571803205,52.199250183767184,84,results/stage4_xgboost/predictions/cholera_xgboost_seed_22_proxy_robust_z.csv,0,40,44,0,0,40,,,,0.5238095238095238,0.47619047619047616,,not_applicable_no_positive_reference
cholera,XGBoost,True,22,proxy_robust_z,4.5,443.2644731690715,95.00673571803205,52.199250183767184,84,results/stage4_xgboost/predictions/cholera_xgboost_seed_22_proxy_robust_z.csv,0,40,44,0,0,40,,,,0.5238095238095238,0.47619047619047616,,not_applicable_no_positive_reference
cholera,XGBoost,True,22,proxy_robust_z,5.0,481.95977733029815,95.00673571803205,52.199250183767184,84,results/stage4_xgboost/predictions/cholera_xgboost_seed_22_proxy_robust_z.csv,0,37,47,0,0,37,,,,0.5595238095238095,0.44047619047619047,,not_applicable_no_positive_reference
cholera,XGBoost,True,33,proxy_robust_z,2.0,249.78795236293848,95.00673571803205,52.199250183767184,84,results/stage4_xgboost/predictions/cholera_xgboost_seed_33_proxy_robust_z.csv,0,41,43,0,0,41,,,,0.5119047619047619,0.4880952380952381,,not_applicable_no_positive_reference
cholera,XGBoost,True,33,proxy_robust_z,2.5,288.4832565241651,95.00673571803205,52.199250183767184,84,results/stage4_xgboost/predictions/cholera_xgboost_seed_33_proxy_robust_z.csv,0,41,43,0,0,41,,,,0.5119047619047619,0.4880952380952381,,not_applicable_no_positive_reference
cholera,XGBoost,True,33,proxy_robust_z,3.0,327.17856068539174,95.00673571803205,52.199250183767184,84,results/stage4_xgboost/predictions/cholera_xgboost_seed_33_proxy_robust_z.csv,0,41,43,0,0,41,,,,0.5119047619047619,0.4880952380952381,,not_applicable_no_positive_reference
cholera,XGBoost,True,33,proxy_robust_z,3.5,365.8738648466183,95.00673571803205,52.199250183767184,84,results/stage4_xgboost/predictions/cholera_xgboost_seed_33_proxy_robust_z.csv,0,39,45,0,0,39,,,,0.5357142857142857,0.4642857142857143,,not_applicable_no_positive_reference
cholera,XGBoost,True,33,proxy_robust_z,4.0,404.56916900784495,95.00673571803205,52.199250183767184,84,results/stage4_xgboost/predictions/cholera_xgboost_seed_33_proxy_robust_z.csv,0,37,47,0,0,37,,,,0.5595238095238095,0.44047619047619047,,not_applicable_no_positive_reference
cholera,XGBoost,True,33,proxy_robust_z,4.5,443.2644731690715,95.00673571803205,52.199250183767184,84,results/stage4_xgboost/predictions/cholera_xgboost_seed_33_proxy_robust_z.csv,0,28,56,0,0,28,,,,0.6666666666666666,0.3333333333333333,,not_applicable_no_positive_reference
cholera,XGBoost,True,33,proxy_robust_z,5.0,481.95977733029815,95.00673571803205,52.199250183767184,84,results/stage4_xgboost/predictions/cholera_xgboost_seed_33_proxy_robust_z.csv,0,22,62,0,0,22,,,,0.7380952380952381,0.2619047619047619,,not_applicable_no_positive_reference
cholera,XGBoost,True,44,proxy_robust_z,2.0,249.78795236293848,95.00673571803205,52.199250183767184,84,results/stage4_xgboost/predictions/cholera_xgboost_seed_44_proxy_robust_z.csv,0,42,42,0,0,42,,,,0.5,0.5,,not_applicable_no_positive_reference
cholera,XGBoost,True,44,proxy_robust_z,2.5,288.4832565241651,95.00673571803205,52.199250183767184,84,results/stage4_xgboost/predictions/cholera_xgboost_seed_44_proxy_robust_z.csv,0,42,42,0,0,42,,,,0.5,0.5,,not_applicable_no_positive_reference
cholera,XGBoost,True,44,proxy_robust_z,3.0,327.17856068539174,95.00673571803205,52.199250183767184,84,results/stage4_xgboost/predictions/cholera_xgboost_seed_44_proxy_robust_z.csv,0,41,43,0,0,41,,,,0.5119047619047619,0.4880952380952381,,not_applicable_no_positive_reference
cholera,XGBoost,True,44,proxy_robust_z,3.5,365.8738648466183,95.00673571803205,52.199250183767184,84,results/stage4_xgboost/predictions/cholera_xgboost_seed_44_proxy_robust_z.csv,0,39,45,0,0,39,,,,0.5357142857142857,0.4642857142857143,,not_applicable_no_positive_reference
cholera,XGBoost,True,44,proxy_robust_z,4.0,404.56916900784495,95.00673571803205,52.199250183767184,84,results/stage4_xgboost/predictions/cholera_xgboost_seed_44_proxy_robust_z.csv,0,39,45,0,0,39,,,,0.5357142857142857,0.4642857142857143,,not_applicable_no_positive_reference
cholera,XGBoost,True,44,proxy_robust_z,4.5,443.2644731690715,95.00673571803205,52.199250183767184,84,results/stage4_xgboost/predictions/cholera_xgboost_seed_44_proxy_robust_z.csv,0,37,47,0,0,37,,,,0.5595238095238095,0.44047619047619047,,not_applicable_no_positive_reference
cholera,XGBoost,True,44,proxy_robust_z,5.0,481.95977733029815,95.00673571803205,52.199250183767184,84,results/stage4_xgboost/predictions/cholera_xgboost_seed_44_proxy_robust_z.csv,0,30,54,0,0,30,,,,0.6428571428571429,0.35714285714285715,,not_applicable_no_positive_reference
cholera,XGBoost,True,55,proxy_robust_z,2.0,249.78795236293848,95.00673571803205,52.199250183767184,84,results/stage4_xgboost/predictions/cholera_xgboost_seed_55_proxy_robust_z.csv,0,42,42,0,0,42,,,,0.5,0.5,,not_applicable_no_positive_reference
cholera,XGBoost,True,55,proxy_robust_z,2.5,288.4832565241651,95.00673571803205,52.199250183767184,84,results/stage4_xgboost/predictions/cholera_xgboost_seed_55_proxy_robust_z.csv,0,42,42,0,0,42,,,,0.5,0.5,,not_applicable_no_positive_reference
cholera,XGBoost,True,55,proxy_robust_z,3.0,327.17856068539174,95.00673571803205,52.199250183767184,84,results/stage4_xgboost/predictions/cholera_xgboost_seed_55_proxy_robust_z.csv,0,41,43,0,0,41,,,,0.5119047619047619,0.4880952380952381,,not_applicable_no_positive_reference
cholera,XGBoost,True,55,proxy_robust_z,3.5,365.8738648466183,95.00673571803205,52.199250183767184,84,results/stage4_xgboost/predictions/cholera_xgboost_seed_55_proxy_robust_z.csv,0,41,43,0,0,41,,,,0.5119047619047619,0.4880952380952381,,not_applicable_no_positive_reference
cholera,XGBoost,True,55,proxy_robust_z,4.0,404.56916900784495,95.00673571803205,52.199250183767184,84,results/stage4_xgboost/predictions/cholera_xgboost_seed_55_proxy_robust_z.csv,0,39,45,0,0,39,,,,0.5357142857142857,0.4642857142857143,,not_applicable_no_positive_reference
cholera,XGBoost,True,55,proxy_robust_z,4.5,443.2644731690715,95.00673571803205,52.199250183767184,84,results/stage4_xgboost/predictions/cholera_xgboost_seed_55_proxy_robust_z.csv,0,37,47,0,0,37,,,,0.5595238095238095,0.44047619047619047,,not_applicable_no_positive_reference
cholera,XGBoost,True,55,proxy_robust_z,5.0,481.95977733029815,95.00673571803205,52.199250183767184,84,results/stage4_xgboost/predictions/cholera_xgboost_seed_55_proxy_robust_z.csv,0,35,49,0,0,35,,,,0.5833333333333334,0.4166666666666667,,not_applicable_no_positive_reference
cholera,XGBoost,True,66,proxy_robust_z,2.0,249.78795236293848,95.00673571803205,52.199250183767184,84,results/stage4_xgboost/predictions/cholera_xgboost_seed_66_proxy_robust_z.csv,0,42,42,0,0,42,,,,0.5,0.5,,not_applicable_no_positive_reference
cholera,XGBoost,True,66,proxy_robust_z,2.5,288.4832565241651,95.00673571803205,52.199250183767184,84,results/stage4_xgboost/predictions/cholera_xgboost_seed_66_proxy_robust_z.csv,0,41,43,0,0,41,,,,0.5119047619047619,0.4880952380952381,,not_applicable_no_positive_reference
cholera,XGBoost,True,66,proxy_robust_z,3.0,327.17856068539174,95.00673571803205,52.199250183767184,84,results/stage4_xgboost/predictions/cholera_xgboost_seed_66_proxy_robust_z.csv,0,41,43,0,0,41,,,,0.5119047619047619,0.4880952380952381,,not_applicable_no_positive_reference
cholera,XGBoost,True,66,proxy_robust_z,3.5,365.8738648466183,95.00673571803205,52.199250183767184,84,results/stage4_xgboost/predictions/cholera_xgboost_seed_66_proxy_robust_z.csv,0,40,44,0,0,40,,,,0.5238095238095238,0.47619047619047616,,not_applicable_no_positive_reference
cholera,XGBoost,True,66,proxy_robust_z,4.0,404.56916900784495,95.00673571803205,52.199250183767184,84,results/stage4_xgboost/predictions/cholera_xgboost_seed_66_proxy_robust_z.csv,0,39,45,0,0,39,,,,0.5357142857142857,0.4642857142857143,,not_applicable_no_positive_reference
cholera,XGBoost,True,66,proxy_robust_z,4.5,443.2644731690715,95.00673571803205,52.199250183767184,84,results/stage4_xgboost/predictions/cholera_xgboost_seed_66_proxy_robust_z.csv,0,37,47,0,0,37,,,,0.5595238095238095,0.44047619047619047,,not_applicable_no_positive_reference
cholera,XGBoost,True,66,proxy_robust_z,5.0,481.95977733029815,95.00673571803205,52.199250183767184,84,results/stage4_xgboost/predictions/cholera_xgboost_seed_66_proxy_robust_z.csv,0,32,52,0,0,32,,,,0.6190476190476191,0.38095238095238093,,not_applicable_no_positive_reference
cholera,XGBoost,True,77,proxy_robust_z,2.0,249.78795236293848,95.00673571803205,52.199250183767184,84,results/stage4_xgboost/predictions/cholera_xgboost_seed_77_proxy_robust_z.csv,0,41,43,0,0,41,,,,0.5119047619047619,0.4880952380952381,,not_applicable_no_positive_reference
cholera,XGBoost,True,77,proxy_robust_z,2.5,288.4832565241651,95.00673571803205,52.199250183767184,84,results/stage4_xgboost/predictions/cholera_xgboost_seed_77_proxy_robust_z.csv,0,41,43,0,0,41,,,,0.5119047619047619,0.4880952380952381,,not_applicable_no_positive_reference
cholera,XGBoost,True,77,proxy_robust_z,3.0,327.17856068539174,95.00673571803205,52.199250183767184,84,results/stage4_xgboost/predictions/cholera_xgboost_seed_77_proxy_robust_z.csv,0,40,44,0,0,40,,,,0.5238095238095238,0.47619047619047616,,not_applicable_no_positive_reference
cholera,XGBoost,True,77,proxy_robust_z,3.5,365.8738648466183,95.00673571803205,52.199250183767184,84,results/stage4_xgboost/predictions/cholera_xgboost_seed_77_proxy_robust_z.csv,0,36,48,0,0,36,,,,0.5714285714285714,0.42857142857142855,,not_applicable_no_positive_reference
cholera,XGBoost,True,77,proxy_robust_z,4.0,404.56916900784495,95.00673571803205,52.199250183767184,84,results/stage4_xgboost/predictions/cholera_xgboost_seed_77_proxy_robust_z.csv,0,34,50,0,0,34,,,,0.5952380952380952,0.40476190476190477,,not_applicable_no_positive_reference
cholera,XGBoost,True,77,proxy_robust_z,4.5,443.2644731690715,95.00673571803205,52.199250183767184,84,results/stage4_xgboost/predictions/cholera_xgboost_seed_77_proxy_robust_z.csv,0,27,57,0,0,27,,,,0.6785714285714286,0.32142857142857145,,not_applicable_no_positive_reference
cholera,XGBoost,True,77,proxy_robust_z,5.0,481.95977733029815,95.00673571803205,52.199250183767184,84,results/stage4_xgboost/predictions/cholera_xgboost_seed_77_proxy_robust_z.csv,0,19,65,0,0,19,,,,0.7738095238095238,0.2261904761904762,,not_applicable_no_positive_reference
cholera,XGBoost,True,88,proxy_robust_z,2.0,249.78795236293848,95.00673571803205,52.199250183767184,84,results/stage4_xgboost/predictions/cholera_xgboost_seed_88_proxy_robust_z.csv,0,42,42,0,0,42,,,,0.5,0.5,,not_applicable_no_positive_reference
cholera,XGBoost,True,88,proxy_robust_z,2.5,288.4832565241651,95.00673571803205,52.199250183767184,84,results/stage4_xgboost/predictions/cholera_xgboost_seed_88_proxy_robust_z.csv,0,41,43,0,0,41,,,,0.5119047619047619,0.4880952380952381,,not_applicable_no_positive_reference
cholera,XGBoost,True,88,proxy_robust_z,3.0,327.17856068539174,95.00673571803205,52.199250183767184,84,results/stage4_xgboost/predictions/cholera_xgboost_seed_88_proxy_robust_z.csv,0,40,44,0,0,40,,,,0.5238095238095238,0.47619047619047616,,not_applicable_no_positive_reference
cholera,XGBoost,True,88,proxy_robust_z,3.5,365.8738648466183,95.00673571803205,52.199250183767184,84,results/stage4_xgboost/predictions/cholera_xgboost_seed_88_proxy_robust_z.csv,0,39,45,0,0,39,,,,0.5357142857142857,0.4642857142857143,,not_applicable_no_positive_reference
cholera,XGBoost,True,88,proxy_robust_z,4.0,404.56916900784495,95.00673571803205,52.199250183767184,84,results/stage4_xgboost/predictions/cholera_xgboost_seed_88_proxy_robust_z.csv,0,35,49,0,0,35,,,,0.5833333333333334,0.4166666666666667,,not_applicable_no_positive_reference
cholera,XGBoost,True,88,proxy_robust_z,4.5,443.2644731690715,95.00673571803205,52.199250183767184,84,results/stage4_xgboost/predictions/cholera_xgboost_seed_88_proxy_robust_z.csv,0,30,54,0,0,30,,,,0.6428571428571429,0.35714285714285715,,not_applicable_no_positive_reference
cholera,XGBoost,True,88,proxy_robust_z,5.0,481.95977733029815,95.00673571803205,52.199250183767184,84,results/stage4_xgboost/predictions/cholera_xgboost_seed_88_proxy_robust_z.csv,0,23,61,0,0,23,,,,0.7261904761904762,0.27380952380952384,,not_applicable_no_positive_reference
cholera,XGBoost,True,99,proxy_robust_z,2.0,249.78795236293848,95.00673571803205,52.199250183767184,84,results/stage4_xgboost/predictions/cholera_xgboost_seed_99_proxy_robust_z.csv,0,41,43,0,0,41,,,,0.5119047619047619,0.4880952380952381,,not_applicable_no_positive_reference
cholera,XGBoost,True,99,proxy_robust_z,2.5,288.4832565241651,95.00673571803205,52.199250183767184,84,results/stage4_xgboost/predictions/cholera_xgboost_seed_99_proxy_robust_z.csv,0,41,43,0,0,41,,,,0.5119047619047619,0.4880952380952381,,not_applicable_no_positive_reference
cholera,XGBoost,True,99,proxy_robust_z,3.0,327.17856068539174,95.00673571803205,52.199250183767184,84,results/stage4_xgboost/predictions/cholera_xgboost_seed_99_proxy_robust_z.csv,0,40,44,0,0,40,,,,0.5238095238095238,0.47619047619047616,,not_applicable_no_positive_reference
cholera,XGBoost,True,99,proxy_robust_z,3.5,365.8738648466183,95.00673571803205,52.199250183767184,84,results/stage4_xgboost/predictions/cholera_xgboost_seed_99_proxy_robust_z.csv,0,38,46,0,0,38,,,,0.5476190476190477,0.4523809523809524,,not_applicable_no_positive_reference
cholera,XGBoost,True,99,proxy_robust_z,4.0,404.56916900784495,95.00673571803205,52.199250183767184,84,results/stage4_xgboost/predictions/cholera_xgboost_seed_99_proxy_robust_z.csv,0,36,48,0,0,36,,,,0.5714285714285714,0.42857142857142855,,not_applicable_no_positive_reference
cholera,XGBoost,True,99,proxy_robust_z,4.5,443.2644731690715,95.00673571803205,52.199250183767184,84,results/stage4_xgboost/predictions/cholera_xgboost_seed_99_proxy_robust_z.csv,0,30,54,0,0,30,,,,0.6428571428571429,0.35714285714285715,,not_applicable_no_positive_reference
cholera,XGBoost,True,99,proxy_robust_z,5.0,481.95977733029815,95.00673571803205,52.199250183767184,84,results/stage4_xgboost/predictions/cholera_xgboost_seed_99_proxy_robust_z.csv,0,22,62,0,0,22,,,,0.7380952380952381,0.2619047619047619,,not_applicable_no_positive_reference
cholera,LSTM,True,110,injected_5pct,2.0,77.71765077285767,29.876806259155277,16.134103775024414,84,results/stage5_lstm/predictions/cholera_lstm_seed_110_injected_5pct.csv,4,61,19,0,4,65,0.06153846153846154,1.0,0.11594202898550725,0.2375,0.7625,0.61875,applicable
cholera,LSTM,True,110,injected_5pct,2.5,89.67786190128326,29.876806259155277,16.134103775024414,84,results/stage5_lstm/predictions/cholera_lstm_seed_110_injected_5pct.csv,4,57,23,0,4,61,0.06557377049180328,1.0,0.12307692307692308,0.2875,0.7125,0.64375,applicable
cholera,LSTM,True,110,injected_5pct,3.0,101.63807302970886,29.876806259155277,16.134103775024414,84,results/stage5_lstm/predictions/cholera_lstm_seed_110_injected_5pct.csv,4,53,27,0,4,57,0.07017543859649122,1.0,0.13114754098360656,0.3375,0.6625,0.66875,applicable
cholera,LSTM,True,110,injected_5pct,3.5,113.59828415813446,29.876806259155277,16.134103775024414,84,results/stage5_lstm/predictions/cholera_lstm_seed_110_injected_5pct.csv,4,49,31,0,4,53,0.07547169811320754,1.0,0.14035087719298245,0.3875,0.6125,0.69375,applicable
cholera,LSTM,True,110,injected_5pct,4.0,125.55849528656006,29.876806259155277,16.134103775024414,84,results/stage5_lstm/predictions/cholera_lstm_seed_110_injected_5pct.csv,4,47,33,0,4,51,0.0784313725490196,1.0,0.14545454545454545,0.4125,0.5875,0.70625,applicable
cholera,LSTM,True,110,injected_5pct,4.5,137.51870641498564,29.876806259155277,16.134103775024414,84,results/stage5_lstm/predictions/cholera_lstm_seed_110_injected_5pct.csv,4,46,34,0,4,50,0.08,1.0,0.14814814814814814,0.425,0.575,0.7125,applicable
cholera,LSTM,True,110,injected_5pct,5.0,149.47891754341126,29.876806259155277,16.134103775024414,84,results/stage5_lstm/predictions/cholera_lstm_seed_110_injected_5pct.csv,4,45,35,0,4,49,0.08163265306122448,1.0,0.1509433962264151,0.4375,0.5625,0.71875,applicable
cholera,LSTM,True,11,injected_5pct,2.0,77.71765077285767,29.876806259155277,16.134103775024414,84,results/stage5_lstm/predictions/cholera_lstm_seed_11_injected_5pct.csv,4,50,30,0,4,54,0.07407407407407407,1.0,0.13793103448275862,0.375,0.625,0.6875,applicable
cholera,LSTM,True,11,injected_5pct,2.5,89.67786190128326,29.876806259155277,16.134103775024414,84,results/stage5_lstm/predictions/cholera_lstm_seed_11_injected_5pct.csv,4,47,33,0,4,51,0.0784313725490196,1.0,0.14545454545454545,0.4125,0.5875,0.70625,applicable
cholera,LSTM,True,11,injected_5pct,3.0,101.63807302970886,29.876806259155277,16.134103775024414,84,results/stage5_lstm/predictions/cholera_lstm_seed_11_injected_5pct.csv,4,46,34,0,4,50,0.08,1.0,0.14814814814814814,0.425,0.575,0.7125,applicable
cholera,LSTM,True,11,injected_5pct,3.5,113.59828415813446,29.876806259155277,16.134103775024414,84,results/stage5_lstm/predictions/cholera_lstm_seed_11_injected_5pct.csv,4,44,36,0,4,48,0.08333333333333333,1.0,0.15384615384615385,0.45,0.55,0.725,applicable
cholera,LSTM,True,11,injected_5pct,4.0,125.55849528656006,29.876806259155277,16.134103775024414,84,results/stage5_lstm/predictions/cholera_lstm_seed_11_injected_5pct.csv,4,44,36,0,4,48,0.08333333333333333,1.0,0.15384615384615385,0.45,0.55,0.725,applicable
cholera,LSTM,True,11,injected_5pct,4.5,137.51870641498564,29.876806259155277,16.134103775024414,84,results/stage5_lstm/predictions/cholera_lstm_seed_11_injected_5pct.csv,4,43,37,0,4,47,0.0851063829787234,1.0,0.1568627450980392,0.4625,0.5375,0.73125,applicable
cholera,LSTM,True,11,injected_5pct,5.0,149.47891754341126,29.876806259155277,16.134103775024414,84,results/stage5_lstm/predictions/cholera_lstm_seed_11_injected_5pct.csv,4,43,37,0,4,47,0.0851063829787234,1.0,0.1568627450980392,0.4625,0.5375,0.73125,applicable
cholera,LSTM,True,22,injected_5pct,2.0,77.71765077285767,29.876806259155277,16.134103775024414,84,results/stage5_lstm/predictions/cholera_lstm_seed_22_injected_5pct.csv,4,56,24,0,4,60,0.06666666666666667,1.0,0.125,0.3,0.7,0.65,applicable
cholera,LSTM,True,22,injected_5pct,2.5,89.67786190128326,29.876806259155277,16.134103775024414,84,results/stage5_lstm/predictions/cholera_lstm_seed_22_injected_5pct.csv,4,54,26,0,4,58,0.06896551724137931,1.0,0.12903225806451613,0.325,0.675,0.6625,applicable
cholera,LSTM,True,22,injected_5pct,3.0,101.63807302970886,29.876806259155277,16.134103775024414,84,results/stage5_lstm/predictions/cholera_lstm_seed_22_injected_5pct.csv,4,48,32,0,4,52,0.07692307692307693,1.0,0.14285714285714285,0.4,0.6,0.7,applicable
cholera,LSTM,True,22,injected_5pct,3.5,113.59828415813446,29.876806259155277,16.134103775024414,84,results/stage5_lstm/predictions/cholera_lstm_seed_22_injected_5pct.csv,4,47,33,0,4,51,0.0784313725490196,1.0,0.14545454545454545,0.4125,0.5875,0.70625,applicable
cholera,LSTM,True,22,injected_5pct,4.0,125.55849528656006,29.876806259155277,16.134103775024414,84,results/stage5_lstm/predictions/cholera_lstm_seed_22_injected_5pct.csv,4,44,36,0,4,48,0.08333333333333333,1.0,0.15384615384615385,0.45,0.55,0.725,applicable
cholera,LSTM,True,22,injected_5pct,4.5,137.51870641498564,29.876806259155277,16.134103775024414,84,results/stage5_lstm/predictions/cholera_lstm_seed_22_injected_5pct.csv,4,43,37,0,4,47,0.0851063829787234,1.0,0.1568627450980392,0.4625,0.5375,0.73125,applicable
cholera,LSTM,True,22,injected_5pct,5.0,149.47891754341126,29.876806259155277,16.134103775024414,84,results/stage5_lstm/predictions/cholera_lstm_seed_22_injected_5pct.csv,4,41,39,0,4,45,0.08888888888888889,1.0,0.16326530612244897,0.4875,0.5125,0.74375,applicable
cholera,LSTM,True,33,injected_5pct,2.0,77.71765077285767,29.876806259155277,16.134103775024414,84,results/stage5_lstm/predictions/cholera_lstm_seed_33_injected_5pct.csv,4,45,35,0,4,49,0.08163265306122448,1.0,0.1509433962264151,0.4375,0.5625,0.71875,applicable
cholera,LSTM,True,33,injected_5pct,2.5,89.67786190128326,29.876806259155277,16.134103775024414,84,results/stage5_lstm/predictions/cholera_lstm_seed_33_injected_5pct.csv,4,42,38,0,4,46,0.08695652173913043,1.0,0.16,0.475,0.525,0.7375,applicable
cholera,LSTM,True,33,injected_5pct,3.0,101.63807302970886,29.876806259155277,16.134103775024414,84,results/stage5_lstm/predictions/cholera_lstm_seed_33_injected_5pct.csv,4,40,40,0,4,44,0.09090909090909091,1.0,0.16666666666666666,0.5,0.5,0.75,applicable
cholera,LSTM,True,33,injected_5pct,3.5,113.59828415813446,29.876806259155277,16.134103775024414,84,results/stage5_lstm/predictions/cholera_lstm_seed_33_injected_5pct.csv,4,39,41,0,4,43,0.09302325581395349,1.0,0.1702127659574468,0.5125,0.4875,0.75625,applicable
cholera,LSTM,True,33,injected_5pct,4.0,125.55849528656006,29.876806259155277,16.134103775024414,84,results/stage5_lstm/predictions/cholera_lstm_seed_33_injected_5pct.csv,4,38,42,0,4,42,0.09523809523809523,1.0,0.17391304347826086,0.525,0.475,0.7625,applicable
cholera,LSTM,True,33,injected_5pct,4.5,137.51870641498564,29.876806259155277,16.134103775024414,84,results/stage5_lstm/predictions/cholera_lstm_seed_33_injected_5pct.csv,4,36,44,0,4,40,0.1,1.0,0.18181818181818182,0.55,0.45,0.775,applicable
cholera,LSTM,True,33,injected_5pct,5.0,149.47891754341126,29.876806259155277,16.134103775024414,84,results/stage5_lstm/predictions/cholera_lstm_seed_33_injected_5pct.csv,4,35,45,0,4,39,0.10256410256410256,1.0,0.18604651162790697,0.5625,0.4375,0.78125,applicable
cholera,LSTM,True,44,injected_5pct,2.0,77.71765077285767,29.876806259155277,16.134103775024414,84,results/stage5_lstm/predictions/cholera_lstm_seed_44_injected_5pct.csv,4,71,9,0,4,75,0.05333333333333334,1.0,0.10126582278481013,0.1125,0.8875,0.55625,applicable
cholera,LSTM,True,44,injected_5pct,2.5,89.67786190128326,29.876806259155277,16.134103775024414,84,results/stage5_lstm/predictions/cholera_lstm_seed_44_injected_5pct.csv,4,68,12,0,4,72,0.05555555555555555,1.0,0.10526315789473684,0.15,0.85,0.575,applicable
cholera,LSTM,True,44,injected_5pct,3.0,101.63807302970886,29.876806259155277,16.134103775024414,84,results/stage5_lstm/predictions/cholera_lstm_seed_44_injected_5pct.csv,4,66,14,0,4,70,0.05714285714285714,1.0,0.10810810810810811,0.175,0.825,0.5875,applicable
cholera,LSTM,True,44,injected_5pct,3.5,113.59828415813446,29.876806259155277,16.134103775024414,84,results/stage5_lstm/predictions/cholera_lstm_seed_44_injected_5pct.csv,4,62,18,0,4,66,0.06060606060606061,1.0,0.11428571428571428,0.225,0.775,0.6125,applicable
cholera,LSTM,True,44,injected_5pct,4.0,125.55849528656006,29.876806259155277,16.134103775024414,84,results/stage5_lstm/predictions/cholera_lstm_seed_44_injected_5pct.csv,4,60,20,0,4,64,0.0625,1.0,0.11764705882352941,0.25,0.75,0.625,applicable
cholera,LSTM,True,44,injected_5pct,4.5,137.51870641498564,29.876806259155277,16.134103775024414,84,results/stage5_lstm/predictions/cholera_lstm_seed_44_injected_5pct.csv,4,54,26,0,4,58,0.06896551724137931,1.0,0.12903225806451613,0.325,0.675,0.6625,applicable
cholera,LSTM,True,44,injected_5pct,5.0,149.47891754341126,29.876806259155277,16.134103775024414,84,results/stage5_lstm/predictions/cholera_lstm_seed_44_injected_5pct.csv,4,49,31,0,4,53,0.07547169811320754,1.0,0.14035087719298245,0.3875,0.6125,0.69375,applicable
cholera,LSTM,True,55,injected_5pct,2.0,77.71765077285767,29.876806259155277,16.134103775024414,84,results/stage5_lstm/predictions/cholera_lstm_seed_55_injected_5pct.csv,4,68,12,0,4,72,0.05555555555555555,1.0,0.10526315789473684,0.15,0.85,0.575,applicable
cholera,LSTM,True,55,injected_5pct,2.5,89.67786190128326,29.876806259155277,16.134103775024414,84,results/stage5_lstm/predictions/cholera_lstm_seed_55_injected_5pct.csv,4,68,12,0,4,72,0.05555555555555555,1.0,0.10526315789473684,0.15,0.85,0.575,applicable
cholera,LSTM,True,55,injected_5pct,3.0,101.63807302970886,29.876806259155277,16.134103775024414,84,results/stage5_lstm/predictions/cholera_lstm_seed_55_injected_5pct.csv,4,68,12,0,4,72,0.05555555555555555,1.0,0.10526315789473684,0.15,0.85,0.575,applicable
cholera,LSTM,True,55,injected_5pct,3.5,113.59828415813446,29.876806259155277,16.134103775024414,84,results/stage5_lstm/predictions/cholera_lstm_seed_55_injected_5pct.csv,4,66,14,0,4,70,0.05714285714285714,1.0,0.10810810810810811,0.175,0.825,0.5875,applicable
cholera,LSTM,True,55,injected_5pct,4.0,125.55849528656006,29.876806259155277,16.134103775024414,84,results/stage5_lstm/predictions/cholera_lstm_seed_55_injected_5pct.csv,4,66,14,0,4,70,0.05714285714285714,1.0,0.10810810810810811,0.175,0.825,0.5875,applicable
cholera,LSTM,True,55,injected_5pct,4.5,137.51870641498564,29.876806259155277,16.134103775024414,84,results/stage5_lstm/predictions/cholera_lstm_seed_55_injected_5pct.csv,4,66,14,0,4,70,0.05714285714285714,1.0,0.10810810810810811,0.175,0.825,0.5875,applicable
cholera,LSTM,True,55,injected_5pct,5.0,149.47891754341126,29.876806259155277,16.134103775024414,84,results/stage5_lstm/predictions/cholera_lstm_seed_55_injected_5pct.csv,4,63,17,0,4,67,0.05970149253731343,1.0,0.11267605633802817,0.2125,0.7875,0.60625,applicable
cholera,LSTM,True,66,injected_5pct,2.0,77.71765077285767,29.876806259155277,16.134103775024414,84,results/stage5_lstm/predictions/cholera_lstm_seed_66_injected_5pct.csv,4,75,5,0,4,79,0.05063291139240506,1.0,0.0963855421686747,0.0625,0.9375,0.53125,applicable
cholera,LSTM,True,66,injected_5pct,2.5,89.67786190128326,29.876806259155277,16.134103775024414,84,results/stage5_lstm/predictions/cholera_lstm_seed_66_injected_5pct.csv,4,75,5,0,4,79,0.05063291139240506,1.0,0.0963855421686747,0.0625,0.9375,0.53125,applicable
cholera,LSTM,True,66,injected_5pct,3.0,101.63807302970886,29.876806259155277,16.134103775024414,84,results/stage5_lstm/predictions/cholera_lstm_seed_66_injected_5pct.csv,4,75,5,0,4,79,0.05063291139240506,1.0,0.0963855421686747,0.0625,0.9375,0.53125,applicable
cholera,LSTM,True,66,injected_5pct,3.5,113.59828415813446,29.876806259155277,16.134103775024414,84,results/stage5_lstm/predictions/cholera_lstm_seed_66_injected_5pct.csv,4,73,7,0,4,77,0.05194805194805195,1.0,0.09876543209876543,0.0875,0.9125,0.54375,applicable
cholera,LSTM,True,66,injected_5pct,4.0,125.55849528656006,29.876806259155277,16.134103775024414,84,results/stage5_lstm/predictions/cholera_lstm_seed_66_injected_5pct.csv,4,69,11,0,4,73,0.0547945205479452,1.0,0.1038961038961039,0.1375,0.8625,0.56875,applicable
cholera,LSTM,True,66,injected_5pct,4.5,137.51870641498564,29.876806259155277,16.134103775024414,84,results/stage5_lstm/predictions/cholera_lstm_seed_66_injected_5pct.csv,4,63,17,0,4,67,0.05970149253731343,1.0,0.11267605633802817,0.2125,0.7875,0.60625,applicable
cholera,LSTM,True,66,injected_5pct,5.0,149.47891754341126,29.876806259155277,16.134103775024414,84,results/stage5_lstm/predictions/cholera_lstm_seed_66_injected_5pct.csv,4,61,19,0,4,65,0.06153846153846154,1.0,0.11594202898550725,0.2375,0.7625,0.61875,applicable
cholera,LSTM,True,77,injected_5pct,2.0,77.71765077285767,29.876806259155277,16.134103775024414,84,results/stage5_lstm/predictions/cholera_lstm_seed_77_injected_5pct.csv,4,51,29,0,4,55,0.07272727272727272,1.0,0.13559322033898305,0.3625,0.6375,0.68125,applicable
cholera,LSTM,True,77,injected_5pct,2.5,89.67786190128326,29.876806259155277,16.134103775024414,84,results/stage5_lstm/predictions/cholera_lstm_seed_77_injected_5pct.csv,4,45,35,0,4,49,0.08163265306122448,1.0,0.1509433962264151,0.4375,0.5625,0.71875,applicable
cholera,LSTM,True,77,injected_5pct,3.0,101.63807302970886,29.876806259155277,16.134103775024414,84,results/stage5_lstm/predictions/cholera_lstm_seed_77_injected_5pct.csv,4,43,37,0,4,47,0.0851063829787234,1.0,0.1568627450980392,0.4625,0.5375,0.73125,applicable
cholera,LSTM,True,77,injected_5pct,3.5,113.59828415813446,29.876806259155277,16.134103775024414,84,results/stage5_lstm/predictions/cholera_lstm_seed_77_injected_5pct.csv,4,42,38,0,4,46,0.08695652173913043,1.0,0.16,0.475,0.525,0.7375,applicable
cholera,LSTM,True,77,injected_5pct,4.0,125.55849528656006,29.876806259155277,16.134103775024414,84,results/stage5_lstm/predictions/cholera_lstm_seed_77_injected_5pct.csv,4,41,39,0,4,45,0.08888888888888889,1.0,0.16326530612244897,0.4875,0.5125,0.74375,applicable
cholera,LSTM,True,77,injected_5pct,4.5,137.51870641498564,29.876806259155277,16.134103775024414,84,results/stage5_lstm/predictions/cholera_lstm_seed_77_injected_5pct.csv,4,40,40,0,4,44,0.09090909090909091,1.0,0.16666666666666666,0.5,0.5,0.75,applicable
cholera,LSTM,True,77,injected_5pct,5.0,149.47891754341126,29.876806259155277,16.134103775024414,84,results/stage5_lstm/predictions/cholera_lstm_seed_77_injected_5pct.csv,4,39,41,0,4,43,0.09302325581395349,1.0,0.1702127659574468,0.5125,0.4875,0.75625,applicable
cholera,LSTM,True,88,injected_5pct,2.0,77.71765077285767,29.876806259155277,16.134103775024414,84,results/stage5_lstm/predictions/cholera_lstm_seed_88_injected_5pct.csv,4,63,17,0,4,67,0.05970149253731343,1.0,0.11267605633802817,0.2125,0.7875,0.60625,applicable
cholera,LSTM,True,88,injected_5pct,2.5,89.67786190128326,29.876806259155277,16.134103775024414,84,results/stage5_lstm/predictions/cholera_lstm_seed_88_injected_5pct.csv,4,58,22,0,4,62,0.06451612903225806,1.0,0.12121212121212122,0.275,0.725,0.6375,applicable
cholera,LSTM,True,88,injected_5pct,3.0,101.63807302970886,29.876806259155277,16.134103775024414,84,results/stage5_lstm/predictions/cholera_lstm_seed_88_injected_5pct.csv,4,57,23,0,4,61,0.06557377049180328,1.0,0.12307692307692308,0.2875,0.7125,0.64375,applicable
cholera,LSTM,True,88,injected_5pct,3.5,113.59828415813446,29.876806259155277,16.134103775024414,84,results/stage5_lstm/predictions/cholera_lstm_seed_88_injected_5pct.csv,4,53,27,0,4,57,0.07017543859649122,1.0,0.13114754098360656,0.3375,0.6625,0.66875,applicable
cholera,LSTM,True,88,injected_5pct,4.0,125.55849528656006,29.876806259155277,16.134103775024414,84,results/stage5_lstm/predictions/cholera_lstm_seed_88_injected_5pct.csv,4,48,32,0,4,52,0.07692307692307693,1.0,0.14285714285714285,0.4,0.6,0.7,applicable
cholera,LSTM,True,88,injected_5pct,4.5,137.51870641498564,29.876806259155277,16.134103775024414,84,results/stage5_lstm/predictions/cholera_lstm_seed_88_injected_5pct.csv,4,43,37,0,4,47,0.0851063829787234,1.0,0.1568627450980392,0.4625,0.5375,0.73125,applicable
cholera,LSTM,True,88,injected_5pct,5.0,149.47891754341126,29.876806259155277,16.134103775024414,84,results/stage5_lstm/predictions/cholera_lstm_seed_88_injected_5pct.csv,4,42,38,0,4,46,0.08695652173913043,1.0,0.16,0.475,0.525,0.7375,applicable
cholera,LSTM,True,99,injected_5pct,2.0,77.71765077285767,29.876806259155277,16.134103775024414,84,results/stage5_lstm/predictions/cholera_lstm_seed_99_injected_5pct.csv,4,62,18,0,4,66,0.06060606060606061,1.0,0.11428571428571428,0.225,0.775,0.6125,applicable
cholera,LSTM,True,99,injected_5pct,2.5,89.67786190128326,29.876806259155277,16.134103775024414,84,results/stage5_lstm/predictions/cholera_lstm_seed_99_injected_5pct.csv,4,60,20,0,4,64,0.0625,1.0,0.11764705882352941,0.25,0.75,0.625,applicable
cholera,LSTM,True,99,injected_5pct,3.0,101.63807302970886,29.876806259155277,16.134103775024414,84,results/stage5_lstm/predictions/cholera_lstm_seed_99_injected_5pct.csv,4,52,28,0,4,56,0.07142857142857142,1.0,0.13333333333333333,0.35,0.65,0.675,applicable
cholera,LSTM,True,99,injected_5pct,3.5,113.59828415813446,29.876806259155277,16.134103775024414,84,results/stage5_lstm/predictions/cholera_lstm_seed_99_injected_5pct.csv,4,50,30,0,4,54,0.07407407407407407,1.0,0.13793103448275862,0.375,0.625,0.6875,applicable
cholera,LSTM,True,99,injected_5pct,4.0,125.55849528656006,29.876806259155277,16.134103775024414,84,results/stage5_lstm/predictions/cholera_lstm_seed_99_injected_5pct.csv,4,48,32,0,4,52,0.07692307692307693,1.0,0.14285714285714285,0.4,0.6,0.7,applicable
cholera,LSTM,True,99,injected_5pct,4.5,137.51870641498564,29.876806259155277,16.134103775024414,84,results/stage5_lstm/predictions/cholera_lstm_seed_99_injected_5pct.csv,4,48,32,0,4,52,0.07692307692307693,1.0,0.14285714285714285,0.4,0.6,0.7,applicable
cholera,LSTM,True,99,injected_5pct,5.0,149.47891754341126,29.876806259155277,16.134103775024414,84,results/stage5_lstm/predictions/cholera_lstm_seed_99_injected_5pct.csv,4,47,33,0,4,51,0.0784313725490196,1.0,0.14545454545454545,0.4125,0.5875,0.70625,applicable
cholera,LSTM,True,110,injected_10pct,2.0,77.71765077285767,29.876806259155277,16.134103775024414,84,results/stage5_lstm/predictions/cholera_lstm_seed_110_injected_10pct.csv,6,51,25,2,8,57,0.10526315789473684,0.75,0.18461538461538463,0.32894736842105265,0.6710526315789473,0.5394736842105263,applicable
cholera,LSTM,True,110,injected_10pct,2.5,89.67786190128326,29.876806259155277,16.134103775024414,84,results/stage5_lstm/predictions/cholera_lstm_seed_110_injected_10pct.csv,6,45,31,2,8,51,0.11764705882352941,0.75,0.2033898305084746,0.40789473684210525,0.5921052631578947,0.5789473684210527,applicable
cholera,LSTM,True,110,injected_10pct,3.0,101.63807302970886,29.876806259155277,16.134103775024414,84,results/stage5_lstm/predictions/cholera_lstm_seed_110_injected_10pct.csv,6,39,37,2,8,45,0.13333333333333333,0.75,0.22641509433962265,0.4868421052631579,0.5131578947368421,0.618421052631579,applicable
cholera,LSTM,True,110,injected_10pct,3.5,113.59828415813446,29.876806259155277,16.134103775024414,84,results/stage5_lstm/predictions/cholera_lstm_seed_110_injected_10pct.csv,6,36,40,2,8,42,0.14285714285714285,0.75,0.24,0.5263157894736842,0.47368421052631576,0.638157894736842,applicable
cholera,LSTM,True,110,injected_10pct,4.0,125.55849528656006,29.876806259155277,16.134103775024414,84,results/stage5_lstm/predictions/cholera_lstm_seed_110_injected_10pct.csv,6,33,43,2,8,39,0.15384615384615385,0.75,0.2553191489361702,0.5657894736842105,0.4342105263157895,0.6578947368421053,applicable
cholera,LSTM,True,110,injected_10pct,4.5,137.51870641498564,29.876806259155277,16.134103775024414,84,results/stage5_lstm/predictions/cholera_lstm_seed_110_injected_10pct.csv,6,33,43,2,8,39,0.15384615384615385,0.75,0.2553191489361702,0.5657894736842105,0.4342105263157895,0.6578947368421053,applicable
cholera,LSTM,True,110,injected_10pct,5.0,149.47891754341126,29.876806259155277,16.134103775024414,84,results/stage5_lstm/predictions/cholera_lstm_seed_110_injected_10pct.csv,6,31,45,2,8,37,0.16216216216216217,0.75,0.26666666666666666,0.5921052631578947,0.40789473684210525,0.6710526315789473,applicable
cholera,LSTM,True,11,injected_10pct,2.0,77.71765077285767,29.876806259155277,16.134103775024414,84,results/stage5_lstm/predictions/cholera_lstm_seed_11_injected_10pct.csv,8,31,45,0,8,39,0.20512820512820512,1.0,0.3404255319148936,0.5921052631578947,0.40789473684210525,0.7960526315789473,applicable
cholera,LSTM,True,11,injected_10pct,2.5,89.67786190128326,29.876806259155277,16.134103775024414,84,results/stage5_lstm/predictions/cholera_lstm_seed_11_injected_10pct.csv,8,30,46,0,8,38,0.21052631578947367,1.0,0.34782608695652173,0.6052631578947368,0.39473684210526316,0.8026315789473684,applicable
cholera,LSTM,True,11,injected_10pct,3.0,101.63807302970886,29.876806259155277,16.134103775024414,84,results/stage5_lstm/predictions/cholera_lstm_seed_11_injected_10pct.csv,7,29,47,1,8,36,0.19444444444444445,0.875,0.3181818181818182,0.618421052631579,0.3815789473684211,0.7467105263157895,applicable
cholera,LSTM,True,11,injected_10pct,3.5,113.59828415813446,29.876806259155277,16.134103775024414,84,results/stage5_lstm/predictions/cholera_lstm_seed_11_injected_10pct.csv,7,28,48,1,8,35,0.2,0.875,0.32558139534883723,0.631578947368421,0.3684210526315789,0.7532894736842105,applicable
cholera,LSTM,True,11,injected_10pct,4.0,125.55849528656006,29.876806259155277,16.134103775024414,84,results/stage5_lstm/predictions/cholera_lstm_seed_11_injected_10pct.csv,7,27,49,1,8,34,0.20588235294117646,0.875,0.3333333333333333,0.6447368421052632,0.35526315789473684,0.7598684210526316,applicable
cholera,LSTM,True,11,injected_10pct,4.5,137.51870641498564,29.876806259155277,16.134103775024414,84,results/stage5_lstm/predictions/cholera_lstm_seed_11_injected_10pct.csv,7,26,50,1,8,33,0.21212121212121213,0.875,0.34146341463414637,0.6578947368421053,0.34210526315789475,0.7664473684210527,applicable
cholera,LSTM,True,11,injected_10pct,5.0,149.47891754341126,29.876806259155277,16.134103775024414,84,results/stage5_lstm/predictions/cholera_lstm_seed_11_injected_10pct.csv,6,25,51,2,8,31,0.1935483870967742,0.75,0.3076923076923077,0.6710526315789473,0.32894736842105265,0.7105263157894737,applicable
cholera,LSTM,True,22,injected_10pct,2.0,77.71765077285767,29.876806259155277,16.134103775024414,84,results/stage5_lstm/predictions/cholera_lstm_seed_22_injected_10pct.csv,6,38,38,2,8,44,0.13636363636363635,0.75,0.23076923076923078,0.5,0.5,0.625,applicable
cholera,LSTM,True,22,injected_10pct,2.5,89.67786190128326,29.876806259155277,16.134103775024414,84,results/stage5_lstm/predictions/cholera_lstm_seed_22_injected_10pct.csv,6,36,40,2,8,42,0.14285714285714285,0.75,0.24,0.5263157894736842,0.47368421052631576,0.638157894736842,applicable
cholera,LSTM,True,22,injected_10pct,3.0,101.63807302970886,29.876806259155277,16.134103775024414,84,results/stage5_lstm/predictions/cholera_lstm_seed_22_injected_10pct.csv,6,33,43,2,8,39,0.15384615384615385,0.75,0.2553191489361702,0.5657894736842105,0.4342105263157895,0.6578947368421053,applicable
cholera,LSTM,True,22,injected_10pct,3.5,113.59828415813446,29.876806259155277,16.134103775024414,84,results/stage5_lstm/predictions/cholera_lstm_seed_22_injected_10pct.csv,6,33,43,2,8,39,0.15384615384615385,0.75,0.2553191489361702,0.5657894736842105,0.4342105263157895,0.6578947368421053,applicable
cholera,LSTM,True,22,injected_10pct,4.0,125.55849528656006,29.876806259155277,16.134103775024414,84,results/stage5_lstm/predictions/cholera_lstm_seed_22_injected_10pct.csv,6,31,45,2,8,37,0.16216216216216217,0.75,0.26666666666666666,0.5921052631578947,0.40789473684210525,0.6710526315789473,applicable
cholera,LSTM,True,22,injected_10pct,4.5,137.51870641498564,29.876806259155277,16.134103775024414,84,results/stage5_lstm/predictions/cholera_lstm_seed_22_injected_10pct.csv,6,30,46,2,8,36,0.16666666666666666,0.75,0.2727272727272727,0.6052631578947368,0.39473684210526316,0.6776315789473684,applicable
cholera,LSTM,True,22,injected_10pct,5.0,149.47891754341126,29.876806259155277,16.134103775024414,84,results/stage5_lstm/predictions/cholera_lstm_seed_22_injected_10pct.csv,6,28,48,2,8,34,0.17647058823529413,0.75,0.2857142857142857,0.631578947368421,0.3684210526315789,0.6907894736842105,applicable
cholera,LSTM,True,33,injected_10pct,2.0,77.71765077285767,29.876806259155277,16.134103775024414,84,results/stage5_lstm/predictions/cholera_lstm_seed_33_injected_10pct.csv,6,36,40,2,8,42,0.14285714285714285,0.75,0.24,0.5263157894736842,0.47368421052631576,0.638157894736842,applicable
cholera,LSTM,True,33,injected_10pct,2.5,89.67786190128326,29.876806259155277,16.134103775024414,84,results/stage5_lstm/predictions/cholera_lstm_seed_33_injected_10pct.csv,6,35,41,2,8,41,0.14634146341463414,0.75,0.24489795918367346,0.5394736842105263,0.4605263157894737,0.6447368421052632,applicable
cholera,LSTM,True,33,injected_10pct,3.0,101.63807302970886,29.876806259155277,16.134103775024414,84,results/stage5_lstm/predictions/cholera_lstm_seed_33_injected_10pct.csv,6,32,44,2,8,38,0.15789473684210525,0.75,0.2608695652173913,0.5789473684210527,0.42105263157894735,0.6644736842105263,applicable
cholera,LSTM,True,33,injected_10pct,3.5,113.59828415813446,29.876806259155277,16.134103775024414,84,results/stage5_lstm/predictions/cholera_lstm_seed_33_injected_10pct.csv,6,30,46,2,8,36,0.16666666666666666,0.75,0.2727272727272727,0.6052631578947368,0.39473684210526316,0.6776315789473684,applicable
cholera,LSTM,True,33,injected_10pct,4.0,125.55849528656006,29.876806259155277,16.134103775024414,84,results/stage5_lstm/predictions/cholera_lstm_seed_33_injected_10pct.csv,6,29,47,2,8,35,0.17142857142857143,0.75,0.27906976744186046,0.618421052631579,0.3815789473684211,0.6842105263157895,applicable
cholera,LSTM,True,33,injected_10pct,4.5,137.51870641498564,29.876806259155277,16.134103775024414,84,results/stage5_lstm/predictions/cholera_lstm_seed_33_injected_10pct.csv,6,27,49,2,8,33,0.18181818181818182,0.75,0.2926829268292683,0.6447368421052632,0.35526315789473684,0.6973684210526316,applicable
cholera,LSTM,True,33,injected_10pct,5.0,149.47891754341126,29.876806259155277,16.134103775024414,84,results/stage5_lstm/predictions/cholera_lstm_seed_33_injected_10pct.csv,6,27,49,2,8,33,0.18181818181818182,0.75,0.2926829268292683,0.6447368421052632,0.35526315789473684,0.6973684210526316,applicable
cholera,LSTM,True,44,injected_10pct,2.0,77.71765077285767,29.876806259155277,16.134103775024414,84,results/stage5_lstm/predictions/cholera_lstm_seed_44_injected_10pct.csv,6,72,4,2,8,78,0.07692307692307693,0.75,0.13953488372093023,0.05263157894736842,0.9473684210526315,0.4013157894736842,applicable
cholera,LSTM,True,44,injected_10pct,2.5,89.67786190128326,29.876806259155277,16.134103775024414,84,results/stage5_lstm/predictions/cholera_lstm_seed_44_injected_10pct.csv,6,70,6,2,8,76,0.07894736842105263,0.75,0.14285714285714285,0.07894736842105263,0.9210526315789473,0.4144736842105263,applicable
cholera,LSTM,True,44,injected_10pct,3.0,101.63807302970886,29.876806259155277,16.134103775024414,84,results/stage5_lstm/predictions/cholera_lstm_seed_44_injected_10pct.csv,6,65,11,2,8,71,0.08450704225352113,0.75,0.1518987341772152,0.14473684210526316,0.8552631578947368,0.4473684210526316,applicable
cholera,LSTM,True,44,injected_10pct,3.5,113.59828415813446,29.876806259155277,16.134103775024414,84,results/stage5_lstm/predictions/cholera_lstm_seed_44_injected_10pct.csv,6,59,17,2,8,65,0.09230769230769231,0.75,0.1643835616438356,0.2236842105263158,0.7763157894736842,0.4868421052631579,applicable
cholera,LSTM,True,44,injected_10pct,4.0,125.55849528656006,29.876806259155277,16.134103775024414,84,results/stage5_lstm/predictions/cholera_lstm_seed_44_injected_10pct.csv,6,45,31,2,8,51,0.11764705882352941,0.75,0.2033898305084746,0.40789473684210525,0.5921052631578947,0.5789473684210527,applicable
cholera,LSTM,True,44,injected_10pct,4.5,137.51870641498564,29.876806259155277,16.134103775024414,84,results/stage5_lstm/predictions/cholera_lstm_seed_44_injected_10pct.csv,6,38,38,2,8,44,0.13636363636363635,0.75,0.23076923076923078,0.5,0.5,0.625,applicable
cholera,LSTM,True,44,injected_10pct,5.0,149.47891754341126,29.876806259155277,16.134103775024414,84,results/stage5_lstm/predictions/cholera_lstm_seed_44_injected_10pct.csv,6,35,41,2,8,41,0.14634146341463414,0.75,0.24489795918367346,0.5394736842105263,0.4605263157894737,0.6447368421052632,applicable
cholera,LSTM,True,55,injected_10pct,2.0,77.71765077285767,29.876806259155277,16.134103775024414,84,results/stage5_lstm/predictions/cholera_lstm_seed_55_injected_10pct.csv,6,41,35,2,8,47,0.1276595744680851,0.75,0.21818181818181817,0.4605263157894737,0.5394736842105263,0.6052631578947368,applicable
cholera,LSTM,True,55,injected_10pct,2.5,89.67786190128326,29.876806259155277,16.134103775024414,84,results/stage5_lstm/predictions/cholera_lstm_seed_55_injected_10pct.csv,6,36,40,2,8,42,0.14285714285714285,0.75,0.24,0.5263157894736842,0.47368421052631576,0.638157894736842,applicable
cholera,LSTM,True,55,injected_10pct,3.0,101.63807302970886,29.876806259155277,16.134103775024414,84,results/stage5_lstm/predictions/cholera_lstm_seed_55_injected_10pct.csv,6,35,41,2,8,41,0.14634146341463414,0.75,0.24489795918367346,0.5394736842105263,0.4605263157894737,0.6447368421052632,applicable
cholera,LSTM,True,55,injected_10pct,3.5,113.59828415813446,29.876806259155277,16.134103775024414,84,results/stage5_lstm/predictions/cholera_lstm_seed_55_injected_10pct.csv,6,34,42,2,8,40,0.15,0.75,0.25,0.5526315789473685,0.4473684210526316,0.6513157894736843,applicable
cholera,LSTM,True,55,injected_10pct,4.0,125.55849528656006,29.876806259155277,16.134103775024414,84,results/stage5_lstm/predictions/cholera_lstm_seed_55_injected_10pct.csv,6,33,43,2,8,39,0.15384615384615385,0.75,0.2553191489361702,0.5657894736842105,0.4342105263157895,0.6578947368421053,applicable
cholera,LSTM,True,55,injected_10pct,4.5,137.51870641498564,29.876806259155277,16.134103775024414,84,results/stage5_lstm/predictions/cholera_lstm_seed_55_injected_10pct.csv,6,33,43,2,8,39,0.15384615384615385,0.75,0.2553191489361702,0.5657894736842105,0.4342105263157895,0.6578947368421053,applicable
cholera,LSTM,True,55,injected_10pct,5.0,149.47891754341126,29.876806259155277,16.134103775024414,84,results/stage5_lstm/predictions/cholera_lstm_seed_55_injected_10pct.csv,6,32,44,2,8,38,0.15789473684210525,0.75,0.2608695652173913,0.5789473684210527,0.42105263157894735,0.6644736842105263,applicable
cholera,LSTM,True,66,injected_10pct,2.0,77.71765077285767,29.876806259155277,16.134103775024414,84,results/stage5_lstm/predictions/cholera_lstm_seed_66_injected_10pct.csv,7,70,6,1,8,77,0.09090909090909091,0.875,0.16470588235294117,0.07894736842105263,0.9210526315789473,0.4769736842105263,applicable
cholera,LSTM,True,66,injected_10pct,2.5,89.67786190128326,29.876806259155277,16.134103775024414,84,results/stage5_lstm/predictions/cholera_lstm_seed_66_injected_10pct.csv,6,70,6,2,8,76,0.07894736842105263,0.75,0.14285714285714285,0.07894736842105263,0.9210526315789473,0.4144736842105263,applicable
cholera,LSTM,True,66,injected_10pct,3.0,101.63807302970886,29.876806259155277,16.134103775024414,84,results/stage5_lstm/predictions/cholera_lstm_seed_66_injected_10pct.csv,6,70,6,2,8,76,0.07894736842105263,0.75,0.14285714285714285,0.07894736842105263,0.9210526315789473,0.4144736842105263,applicable
cholera,LSTM,True,66,injected_10pct,3.5,113.59828415813446,29.876806259155277,16.134103775024414,84,results/stage5_lstm/predictions/cholera_lstm_seed_66_injected_10pct.csv,6,69,7,2,8,75,0.08,0.75,0.14457831325301204,0.09210526315789473,0.9078947368421053,0.42105263157894735,applicable
cholera,LSTM,True,66,injected_10pct,4.0,125.55849528656006,29.876806259155277,16.134103775024414,84,results/stage5_lstm/predictions/cholera_lstm_seed_66_injected_10pct.csv,6,62,14,2,8,68,0.08823529411764706,0.75,0.15789473684210525,0.18421052631578946,0.8157894736842105,0.46710526315789475,applicable
cholera,LSTM,True,66,injected_10pct,4.5,137.51870641498564,29.876806259155277,16.134103775024414,84,results/stage5_lstm/predictions/cholera_lstm_seed_66_injected_10pct.csv,6,56,20,2,8,62,0.0967741935483871,0.75,0.17142857142857143,0.2631578947368421,0.7368421052631579,0.506578947368421,applicable
cholera,LSTM,True,66,injected_10pct,5.0,149.47891754341126,29.876806259155277,16.134103775024414,84,results/stage5_lstm/predictions/cholera_lstm_seed_66_injected_10pct.csv,6,46,30,2,8,52,0.11538461538461539,0.75,0.2,0.39473684210526316,0.6052631578947368,0.5723684210526316,applicable
cholera,LSTM,True,77,injected_10pct,2.0,77.71765077285767,29.876806259155277,16.134103775024414,84,results/stage5_lstm/predictions/cholera_lstm_seed_77_injected_10pct.csv,6,45,31,2,8,51,0.11764705882352941,0.75,0.2033898305084746,0.40789473684210525,0.5921052631578947,0.5789473684210527,applicable
cholera,LSTM,True,77,injected_10pct,2.5,89.67786190128326,29.876806259155277,16.134103775024414,84,results/stage5_lstm/predictions/cholera_lstm_seed_77_injected_10pct.csv,6,39,37,2,8,45,0.13333333333333333,0.75,0.22641509433962265,0.4868421052631579,0.5131578947368421,0.618421052631579,applicable
cholera,LSTM,True,77,injected_10pct,3.0,101.63807302970886,29.876806259155277,16.134103775024414,84,results/stage5_lstm/predictions/cholera_lstm_seed_77_injected_10pct.csv,6,33,43,2,8,39,0.15384615384615385,0.75,0.2553191489361702,0.5657894736842105,0.4342105263157895,0.6578947368421053,applicable
cholera,LSTM,True,77,injected_10pct,3.5,113.59828415813446,29.876806259155277,16.134103775024414,84,results/stage5_lstm/predictions/cholera_lstm_seed_77_injected_10pct.csv,6,30,46,2,8,36,0.16666666666666666,0.75,0.2727272727272727,0.6052631578947368,0.39473684210526316,0.6776315789473684,applicable
cholera,LSTM,True,77,injected_10pct,4.0,125.55849528656006,29.876806259155277,16.134103775024414,84,results/stage5_lstm/predictions/cholera_lstm_seed_77_injected_10pct.csv,6,26,50,2,8,32,0.1875,0.75,0.3,0.6578947368421053,0.34210526315789475,0.7039473684210527,applicable
cholera,LSTM,True,77,injected_10pct,4.5,137.51870641498564,29.876806259155277,16.134103775024414,84,results/stage5_lstm/predictions/cholera_lstm_seed_77_injected_10pct.csv,6,26,50,2,8,32,0.1875,0.75,0.3,0.6578947368421053,0.34210526315789475,0.7039473684210527,applicable
cholera,LSTM,True,77,injected_10pct,5.0,149.47891754341126,29.876806259155277,16.134103775024414,84,results/stage5_lstm/predictions/cholera_lstm_seed_77_injected_10pct.csv,6,25,51,2,8,31,0.1935483870967742,0.75,0.3076923076923077,0.6710526315789473,0.32894736842105265,0.7105263157894737,applicable
cholera,LSTM,True,88,injected_10pct,2.0,77.71765077285767,29.876806259155277,16.134103775024414,84,results/stage5_lstm/predictions/cholera_lstm_seed_88_injected_10pct.csv,8,67,9,0,8,75,0.10666666666666667,1.0,0.1927710843373494,0.11842105263157894,0.881578947368421,0.5592105263157895,applicable
cholera,LSTM,True,88,injected_10pct,2.5,89.67786190128326,29.876806259155277,16.134103775024414,84,results/stage5_lstm/predictions/cholera_lstm_seed_88_injected_10pct.csv,8,59,17,0,8,67,0.11940298507462686,1.0,0.21333333333333335,0.2236842105263158,0.7763157894736842,0.6118421052631579,applicable
cholera,LSTM,True,88,injected_10pct,3.0,101.63807302970886,29.876806259155277,16.134103775024414,84,results/stage5_lstm/predictions/cholera_lstm_seed_88_injected_10pct.csv,8,50,26,0,8,58,0.13793103448275862,1.0,0.24242424242424243,0.34210526315789475,0.6578947368421053,0.6710526315789473,applicable
cholera,LSTM,True,88,injected_10pct,3.5,113.59828415813446,29.876806259155277,16.134103775024414,84,results/stage5_lstm/predictions/cholera_lstm_seed_88_injected_10pct.csv,8,40,36,0,8,48,0.16666666666666666,1.0,0.2857142857142857,0.47368421052631576,0.5263157894736842,0.7368421052631579,applicable
cholera,LSTM,True,88,injected_10pct,4.0,125.55849528656006,29.876806259155277,16.134103775024414,84,results/stage5_lstm/predictions/cholera_lstm_seed_88_injected_10pct.csv,8,35,41,0,8,43,0.18604651162790697,1.0,0.3137254901960784,0.5394736842105263,0.4605263157894737,0.7697368421052632,applicable
cholera,LSTM,True,88,injected_10pct,4.5,137.51870641498564,29.876806259155277,16.134103775024414,84,results/stage5_lstm/predictions/cholera_lstm_seed_88_injected_10pct.csv,8,33,43,0,8,41,0.1951219512195122,1.0,0.32653061224489793,0.5657894736842105,0.4342105263157895,0.7828947368421053,applicable
cholera,LSTM,True,88,injected_10pct,5.0,149.47891754341126,29.876806259155277,16.134103775024414,84,results/stage5_lstm/predictions/cholera_lstm_seed_88_injected_10pct.csv,8,31,45,0,8,39,0.20512820512820512,1.0,0.3404255319148936,0.5921052631578947,0.40789473684210525,0.7960526315789473,applicable
cholera,LSTM,True,99,injected_10pct,2.0,77.71765077285767,29.876806259155277,16.134103775024414,84,results/stage5_lstm/predictions/cholera_lstm_seed_99_injected_10pct.csv,6,42,34,2,8,48,0.125,0.75,0.21428571428571427,0.4473684210526316,0.5526315789473685,0.5986842105263158,applicable
cholera,LSTM,True,99,injected_10pct,2.5,89.67786190128326,29.876806259155277,16.134103775024414,84,results/stage5_lstm/predictions/cholera_lstm_seed_99_injected_10pct.csv,6,37,39,2,8,43,0.13953488372093023,0.75,0.23529411764705882,0.5131578947368421,0.4868421052631579,0.631578947368421,applicable
cholera,LSTM,True,99,injected_10pct,3.0,101.63807302970886,29.876806259155277,16.134103775024414,84,results/stage5_lstm/predictions/cholera_lstm_seed_99_injected_10pct.csv,6,35,41,2,8,41,0.14634146341463414,0.75,0.24489795918367346,0.5394736842105263,0.4605263157894737,0.6447368421052632,applicable
cholera,LSTM,True,99,injected_10pct,3.5,113.59828415813446,29.876806259155277,16.134103775024414,84,results/stage5_lstm/predictions/cholera_lstm_seed_99_injected_10pct.csv,6,31,45,2,8,37,0.16216216216216217,0.75,0.26666666666666666,0.5921052631578947,0.40789473684210525,0.6710526315789473,applicable
cholera,LSTM,True,99,injected_10pct,4.0,125.55849528656006,29.876806259155277,16.134103775024414,84,results/stage5_lstm/predictions/cholera_lstm_seed_99_injected_10pct.csv,6,29,47,2,8,35,0.17142857142857143,0.75,0.27906976744186046,0.618421052631579,0.3815789473684211,0.6842105263157895,applicable
cholera,LSTM,True,99,injected_10pct,4.5,137.51870641498564,29.876806259155277,16.134103775024414,84,results/stage5_lstm/predictions/cholera_lstm_seed_99_injected_10pct.csv,6,27,49,2,8,33,0.18181818181818182,0.75,0.2926829268292683,0.6447368421052632,0.35526315789473684,0.6973684210526316,applicable
cholera,LSTM,True,99,injected_10pct,5.0,149.47891754341126,29.876806259155277,16.134103775024414,84,results/stage5_lstm/predictions/cholera_lstm_seed_99_injected_10pct.csv,6,27,49,2,8,33,0.18181818181818182,0.75,0.2926829268292683,0.6447368421052632,0.35526315789473684,0.6973684210526316,applicable
cholera,LSTM,True,110,proxy_robust_z,2.0,77.71765077285767,29.876806259155277,16.134103775024414,84,results/stage5_lstm/predictions/cholera_lstm_seed_110_proxy_robust_z.csv,0,53,31,0,0,53,,,,0.36904761904761907,0.6309523809523809,,not_applicable_no_positive_reference
cholera,LSTM,True,110,proxy_robust_z,2.5,89.67786190128326,29.876806259155277,16.134103775024414,84,results/stage5_lstm/predictions/cholera_lstm_seed_110_proxy_robust_z.csv,0,45,39,0,0,45,,,,0.4642857142857143,0.5357142857142857,,not_applicable_no_positive_reference
cholera,LSTM,True,110,proxy_robust_z,3.0,101.63807302970886,29.876806259155277,16.134103775024414,84,results/stage5_lstm/predictions/cholera_lstm_seed_110_proxy_robust_z.csv,0,38,46,0,0,38,,,,0.5476190476190477,0.4523809523809524,,not_applicable_no_positive_reference
cholera,LSTM,True,110,proxy_robust_z,3.5,113.59828415813446,29.876806259155277,16.134103775024414,84,results/stage5_lstm/predictions/cholera_lstm_seed_110_proxy_robust_z.csv,0,36,48,0,0,36,,,,0.5714285714285714,0.42857142857142855,,not_applicable_no_positive_reference
cholera,LSTM,True,110,proxy_robust_z,4.0,125.55849528656006,29.876806259155277,16.134103775024414,84,results/stage5_lstm/predictions/cholera_lstm_seed_110_proxy_robust_z.csv,0,33,51,0,0,33,,,,0.6071428571428571,0.39285714285714285,,not_applicable_no_positive_reference
cholera,LSTM,True,110,proxy_robust_z,4.5,137.51870641498564,29.876806259155277,16.134103775024414,84,results/stage5_lstm/predictions/cholera_lstm_seed_110_proxy_robust_z.csv,0,32,52,0,0,32,,,,0.6190476190476191,0.38095238095238093,,not_applicable_no_positive_reference
cholera,LSTM,True,110,proxy_robust_z,5.0,149.47891754341126,29.876806259155277,16.134103775024414,84,results/stage5_lstm/predictions/cholera_lstm_seed_110_proxy_robust_z.csv,0,28,56,0,0,28,,,,0.6666666666666666,0.3333333333333333,,not_applicable_no_positive_reference
cholera,LSTM,True,11,proxy_robust_z,2.0,77.71765077285767,29.876806259155277,16.134103775024414,84,results/stage5_lstm/predictions/cholera_lstm_seed_11_proxy_robust_z.csv,0,27,57,0,0,27,,,,0.6785714285714286,0.32142857142857145,,not_applicable_no_positive_reference
cholera,LSTM,True,11,proxy_robust_z,2.5,89.67786190128326,29.876806259155277,16.134103775024414,84,results/stage5_lstm/predictions/cholera_lstm_seed_11_proxy_robust_z.csv,0,23,61,0,0,23,,,,0.7261904761904762,0.27380952380952384,,not_applicable_no_positive_reference
cholera,LSTM,True,11,proxy_robust_z,3.0,101.63807302970886,29.876806259155277,16.134103775024414,84,results/stage5_lstm/predictions/cholera_lstm_seed_11_proxy_robust_z.csv,0,20,64,0,0,20,,,,0.7619047619047619,0.23809523809523808,,not_applicable_no_positive_reference
cholera,LSTM,True,11,proxy_robust_z,3.5,113.59828415813446,29.876806259155277,16.134103775024414,84,results/stage5_lstm/predictions/cholera_lstm_seed_11_proxy_robust_z.csv,0,20,64,0,0,20,,,,0.7619047619047619,0.23809523809523808,,not_applicable_no_positive_reference
cholera,LSTM,True,11,proxy_robust_z,4.0,125.55849528656006,29.876806259155277,16.134103775024414,84,results/stage5_lstm/predictions/cholera_lstm_seed_11_proxy_robust_z.csv,0,20,64,0,0,20,,,,0.7619047619047619,0.23809523809523808,,not_applicable_no_positive_reference
cholera,LSTM,True,11,proxy_robust_z,4.5,137.51870641498564,29.876806259155277,16.134103775024414,84,results/stage5_lstm/predictions/cholera_lstm_seed_11_proxy_robust_z.csv,0,19,65,0,0,19,,,,0.7738095238095238,0.2261904761904762,,not_applicable_no_positive_reference
cholera,LSTM,True,11,proxy_robust_z,5.0,149.47891754341126,29.876806259155277,16.134103775024414,84,results/stage5_lstm/predictions/cholera_lstm_seed_11_proxy_robust_z.csv,0,17,67,0,0,17,,,,0.7976190476190477,0.20238095238095238,,not_applicable_no_positive_reference
cholera,LSTM,True,22,proxy_robust_z,2.0,77.71765077285767,29.876806259155277,16.134103775024414,84,results/stage5_lstm/predictions/cholera_lstm_seed_22_proxy_robust_z.csv,0,41,43,0,0,41,,,,0.5119047619047619,0.4880952380952381,,not_applicable_no_positive_reference
cholera,LSTM,True,22,proxy_robust_z,2.5,89.67786190128326,29.876806259155277,16.134103775024414,84,results/stage5_lstm/predictions/cholera_lstm_seed_22_proxy_robust_z.csv,0,36,48,0,0,36,,,,0.5714285714285714,0.42857142857142855,,not_applicable_no_positive_reference
cholera,LSTM,True,22,proxy_robust_z,3.0,101.63807302970886,29.876806259155277,16.134103775024414,84,results/stage5_lstm/predictions/cholera_lstm_seed_22_proxy_robust_z.csv,0,33,51,0,0,33,,,,0.6071428571428571,0.39285714285714285,,not_applicable_no_positive_reference
cholera,LSTM,True,22,proxy_robust_z,3.5,113.59828415813446,29.876806259155277,16.134103775024414,84,results/stage5_lstm/predictions/cholera_lstm_seed_22_proxy_robust_z.csv,0,29,55,0,0,29,,,,0.6547619047619048,0.34523809523809523,,not_applicable_no_positive_reference
cholera,LSTM,True,22,proxy_robust_z,4.0,125.55849528656006,29.876806259155277,16.134103775024414,84,results/stage5_lstm/predictions/cholera_lstm_seed_22_proxy_robust_z.csv,0,26,58,0,0,26,,,,0.6904761904761905,0.30952380952380953,,not_applicable_no_positive_reference
cholera,LSTM,True,22,proxy_robust_z,4.5,137.51870641498564,29.876806259155277,16.134103775024414,84,results/stage5_lstm/predictions/cholera_lstm_seed_22_proxy_robust_z.csv,0,22,62,0,0,22,,,,0.7380952380952381,0.2619047619047619,,not_applicable_no_positive_reference
cholera,LSTM,True,22,proxy_robust_z,5.0,149.47891754341126,29.876806259155277,16.134103775024414,84,results/stage5_lstm/predictions/cholera_lstm_seed_22_proxy_robust_z.csv,0,20,64,0,0,20,,,,0.7619047619047619,0.23809523809523808,,not_applicable_no_positive_reference
cholera,LSTM,True,33,proxy_robust_z,2.0,77.71765077285767,29.876806259155277,16.134103775024414,84,results/stage5_lstm/predictions/cholera_lstm_seed_33_proxy_robust_z.csv,0,39,45,0,0,39,,,,0.5357142857142857,0.4642857142857143,,not_applicable_no_positive_reference
cholera,LSTM,True,33,proxy_robust_z,2.5,89.67786190128326,29.876806259155277,16.134103775024414,84,results/stage5_lstm/predictions/cholera_lstm_seed_33_proxy_robust_z.csv,0,34,50,0,0,34,,,,0.5952380952380952,0.40476190476190477,,not_applicable_no_positive_reference
cholera,LSTM,True,33,proxy_robust_z,3.0,101.63807302970886,29.876806259155277,16.134103775024414,84,results/stage5_lstm/predictions/cholera_lstm_seed_33_proxy_robust_z.csv,0,30,54,0,0,30,,,,0.6428571428571429,0.35714285714285715,,not_applicable_no_positive_reference
cholera,LSTM,True,33,proxy_robust_z,3.5,113.59828415813446,29.876806259155277,16.134103775024414,84,results/stage5_lstm/predictions/cholera_lstm_seed_33_proxy_robust_z.csv,0,28,56,0,0,28,,,,0.6666666666666666,0.3333333333333333,,not_applicable_no_positive_reference
cholera,LSTM,True,33,proxy_robust_z,4.0,125.55849528656006,29.876806259155277,16.134103775024414,84,results/stage5_lstm/predictions/cholera_lstm_seed_33_proxy_robust_z.csv,0,24,60,0,0,24,,,,0.7142857142857143,0.2857142857142857,,not_applicable_no_positive_reference
cholera,LSTM,True,33,proxy_robust_z,4.5,137.51870641498564,29.876806259155277,16.134103775024414,84,results/stage5_lstm/predictions/cholera_lstm_seed_33_proxy_robust_z.csv,0,20,64,0,0,20,,,,0.7619047619047619,0.23809523809523808,,not_applicable_no_positive_reference
cholera,LSTM,True,33,proxy_robust_z,5.0,149.47891754341126,29.876806259155277,16.134103775024414,84,results/stage5_lstm/predictions/cholera_lstm_seed_33_proxy_robust_z.csv,0,19,65,0,0,19,,,,0.7738095238095238,0.2261904761904762,,not_applicable_no_positive_reference
cholera,LSTM,True,44,proxy_robust_z,2.0,77.71765077285767,29.876806259155277,16.134103775024414,84,results/stage5_lstm/predictions/cholera_lstm_seed_44_proxy_robust_z.csv,0,77,7,0,0,77,,,,0.08333333333333333,0.9166666666666666,,not_applicable_no_positive_reference
cholera,LSTM,True,44,proxy_robust_z,2.5,89.67786190128326,29.876806259155277,16.134103775024414,84,results/stage5_lstm/predictions/cholera_lstm_seed_44_proxy_robust_z.csv,0,74,10,0,0,74,,,,0.11904761904761904,0.8809523809523809,,not_applicable_no_positive_reference
cholera,LSTM,True,44,proxy_robust_z,3.0,101.63807302970886,29.876806259155277,16.134103775024414,84,results/stage5_lstm/predictions/cholera_lstm_seed_44_proxy_robust_z.csv,0,70,14,0,0,70,,,,0.16666666666666666,0.8333333333333334,,not_applicable_no_positive_reference
cholera,LSTM,True,44,proxy_robust_z,3.5,113.59828415813446,29.876806259155277,16.134103775024414,84,results/stage5_lstm/predictions/cholera_lstm_seed_44_proxy_robust_z.csv,0,62,22,0,0,62,,,,0.2619047619047619,0.7380952380952381,,not_applicable_no_positive_reference
cholera,LSTM,True,44,proxy_robust_z,4.0,125.55849528656006,29.876806259155277,16.134103775024414,84,results/stage5_lstm/predictions/cholera_lstm_seed_44_proxy_robust_z.csv,0,50,34,0,0,50,,,,0.40476190476190477,0.5952380952380952,,not_applicable_no_positive_reference
cholera,LSTM,True,44,proxy_robust_z,4.5,137.51870641498564,29.876806259155277,16.134103775024414,84,results/stage5_lstm/predictions/cholera_lstm_seed_44_proxy_robust_z.csv,0,43,41,0,0,43,,,,0.4880952380952381,0.5119047619047619,,not_applicable_no_positive_reference
cholera,LSTM,True,44,proxy_robust_z,5.0,149.47891754341126,29.876806259155277,16.134103775024414,84,results/stage5_lstm/predictions/cholera_lstm_seed_44_proxy_robust_z.csv,0,38,46,0,0,38,,,,0.5476190476190477,0.4523809523809524,,not_applicable_no_positive_reference
cholera,LSTM,True,55,proxy_robust_z,2.0,77.71765077285767,29.876806259155277,16.134103775024414,84,results/stage5_lstm/predictions/cholera_lstm_seed_55_proxy_robust_z.csv,0,39,45,0,0,39,,,,0.5357142857142857,0.4642857142857143,,not_applicable_no_positive_reference
cholera,LSTM,True,55,proxy_robust_z,2.5,89.67786190128326,29.876806259155277,16.134103775024414,84,results/stage5_lstm/predictions/cholera_lstm_seed_55_proxy_robust_z.csv,0,34,50,0,0,34,,,,0.5952380952380952,0.40476190476190477,,not_applicable_no_positive_reference
cholera,LSTM,True,55,proxy_robust_z,3.0,101.63807302970886,29.876806259155277,16.134103775024414,84,results/stage5_lstm/predictions/cholera_lstm_seed_55_proxy_robust_z.csv,0,30,54,0,0,30,,,,0.6428571428571429,0.35714285714285715,,not_applicable_no_positive_reference
cholera,LSTM,True,55,proxy_robust_z,3.5,113.59828415813446,29.876806259155277,16.134103775024414,84,results/stage5_lstm/predictions/cholera_lstm_seed_55_proxy_robust_z.csv,0,28,56,0,0,28,,,,0.6666666666666666,0.3333333333333333,,not_applicable_no_positive_reference
cholera,LSTM,True,55,proxy_robust_z,4.0,125.55849528656006,29.876806259155277,16.134103775024414,84,results/stage5_lstm/predictions/cholera_lstm_seed_55_proxy_robust_z.csv,0,22,62,0,0,22,,,,0.7380952380952381,0.2619047619047619,,not_applicable_no_positive_reference
cholera,LSTM,True,55,proxy_robust_z,4.5,137.51870641498564,29.876806259155277,16.134103775024414,84,results/stage5_lstm/predictions/cholera_lstm_seed_55_proxy_robust_z.csv,0,19,65,0,0,19,,,,0.7738095238095238,0.2261904761904762,,not_applicable_no_positive_reference
cholera,LSTM,True,55,proxy_robust_z,5.0,149.47891754341126,29.876806259155277,16.134103775024414,84,results/stage5_lstm/predictions/cholera_lstm_seed_55_proxy_robust_z.csv,0,17,67,0,0,17,,,,0.7976190476190477,0.20238095238095238,,not_applicable_no_positive_reference
cholera,LSTM,True,66,proxy_robust_z,2.0,77.71765077285767,29.876806259155277,16.134103775024414,84,results/stage5_lstm/predictions/cholera_lstm_seed_66_proxy_robust_z.csv,0,75,9,0,0,75,,,,0.10714285714285714,0.8928571428571429,,not_applicable_no_positive_reference
cholera,LSTM,True,66,proxy_robust_z,2.5,89.67786190128326,29.876806259155277,16.134103775024414,84,results/stage5_lstm/predictions/cholera_lstm_seed_66_proxy_robust_z.csv,0,75,9,0,0,75,,,,0.10714285714285714,0.8928571428571429,,not_applicable_no_positive_reference
cholera,LSTM,True,66,proxy_robust_z,3.0,101.63807302970886,29.876806259155277,16.134103775024414,84,results/stage5_lstm/predictions/cholera_lstm_seed_66_proxy_robust_z.csv,0,71,13,0,0,71,,,,0.15476190476190477,0.8452380952380952,,not_applicable_no_positive_reference
cholera,LSTM,True,66,proxy_robust_z,3.5,113.59828415813446,29.876806259155277,16.134103775024414,84,results/stage5_lstm/predictions/cholera_lstm_seed_66_proxy_robust_z.csv,0,66,18,0,0,66,,,,0.21428571428571427,0.7857142857142857,,not_applicable_no_positive_reference
cholera,LSTM,True,66,proxy_robust_z,4.0,125.55849528656006,29.876806259155277,16.134103775024414,84,results/stage5_lstm/predictions/cholera_lstm_seed_66_proxy_robust_z.csv,0,60,24,0,0,60,,,,0.2857142857142857,0.7142857142857143,,not_applicable_no_positive_reference
cholera,LSTM,True,66,proxy_robust_z,4.5,137.51870641498564,29.876806259155277,16.134103775024414,84,results/stage5_lstm/predictions/cholera_lstm_seed_66_proxy_robust_z.csv,0,52,32,0,0,52,,,,0.38095238095238093,0.6190476190476191,,not_applicable_no_positive_reference
cholera,LSTM,True,66,proxy_robust_z,5.0,149.47891754341126,29.876806259155277,16.134103775024414,84,results/stage5_lstm/predictions/cholera_lstm_seed_66_proxy_robust_z.csv,0,42,42,0,0,42,,,,0.5,0.5,,not_applicable_no_positive_reference
cholera,LSTM,True,77,proxy_robust_z,2.0,77.71765077285767,29.876806259155277,16.134103775024414,84,results/stage5_lstm/predictions/cholera_lstm_seed_77_proxy_robust_z.csv,0,54,30,0,0,54,,,,0.35714285714285715,0.6428571428571429,,not_applicable_no_positive_reference
cholera,LSTM,True,77,proxy_robust_z,2.5,89.67786190128326,29.876806259155277,16.134103775024414,84,results/stage5_lstm/predictions/cholera_lstm_seed_77_proxy_robust_z.csv,0,45,39,0,0,45,,,,0.4642857142857143,0.5357142857142857,,not_applicable_no_positive_reference
cholera,LSTM,True,77,proxy_robust_z,3.0,101.63807302970886,29.876806259155277,16.134103775024414,84,results/stage5_lstm/predictions/cholera_lstm_seed_77_proxy_robust_z.csv,0,40,44,0,0,40,,,,0.5238095238095238,0.47619047619047616,,not_applicable_no_positive_reference
cholera,LSTM,True,77,proxy_robust_z,3.5,113.59828415813446,29.876806259155277,16.134103775024414,84,results/stage5_lstm/predictions/cholera_lstm_seed_77_proxy_robust_z.csv,0,33,51,0,0,33,,,,0.6071428571428571,0.39285714285714285,,not_applicable_no_positive_reference
cholera,LSTM,True,77,proxy_robust_z,4.0,125.55849528656006,29.876806259155277,16.134103775024414,84,results/stage5_lstm/predictions/cholera_lstm_seed_77_proxy_robust_z.csv,0,28,56,0,0,28,,,,0.6666666666666666,0.3333333333333333,,not_applicable_no_positive_reference
cholera,LSTM,True,77,proxy_robust_z,4.5,137.51870641498564,29.876806259155277,16.134103775024414,84,results/stage5_lstm/predictions/cholera_lstm_seed_77_proxy_robust_z.csv,0,27,57,0,0,27,,,,0.6785714285714286,0.32142857142857145,,not_applicable_no_positive_reference
cholera,LSTM,True,77,proxy_robust_z,5.0,149.47891754341126,29.876806259155277,16.134103775024414,84,results/stage5_lstm/predictions/cholera_lstm_seed_77_proxy_robust_z.csv,0,22,62,0,0,22,,,,0.7380952380952381,0.2619047619047619,,not_applicable_no_positive_reference
cholera,LSTM,True,88,proxy_robust_z,2.0,77.71765077285767,29.876806259155277,16.134103775024414,84,results/stage5_lstm/predictions/cholera_lstm_seed_88_proxy_robust_z.csv,0,64,20,0,0,64,,,,0.23809523809523808,0.7619047619047619,,not_applicable_no_positive_reference
cholera,LSTM,True,88,proxy_robust_z,2.5,89.67786190128326,29.876806259155277,16.134103775024414,84,results/stage5_lstm/predictions/cholera_lstm_seed_88_proxy_robust_z.csv,0,56,28,0,0,56,,,,0.3333333333333333,0.6666666666666666,,not_applicable_no_positive_reference
cholera,LSTM,True,88,proxy_robust_z,3.0,101.63807302970886,29.876806259155277,16.134103775024414,84,results/stage5_lstm/predictions/cholera_lstm_seed_88_proxy_robust_z.csv,0,44,40,0,0,44,,,,0.47619047619047616,0.5238095238095238,,not_applicable_no_positive_reference
cholera,LSTM,True,88,proxy_robust_z,3.5,113.59828415813446,29.876806259155277,16.134103775024414,84,results/stage5_lstm/predictions/cholera_lstm_seed_88_proxy_robust_z.csv,0,30,54,0,0,30,,,,0.6428571428571429,0.35714285714285715,,not_applicable_no_positive_reference
cholera,LSTM,True,88,proxy_robust_z,4.0,125.55849528656006,29.876806259155277,16.134103775024414,84,results/stage5_lstm/predictions/cholera_lstm_seed_88_proxy_robust_z.csv,0,24,60,0,0,24,,,,0.7142857142857143,0.2857142857142857,,not_applicable_no_positive_reference
cholera,LSTM,True,88,proxy_robust_z,4.5,137.51870641498564,29.876806259155277,16.134103775024414,84,results/stage5_lstm/predictions/cholera_lstm_seed_88_proxy_robust_z.csv,0,17,67,0,0,17,,,,0.7976190476190477,0.20238095238095238,,not_applicable_no_positive_reference
cholera,LSTM,True,88,proxy_robust_z,5.0,149.47891754341126,29.876806259155277,16.134103775024414,84,results/stage5_lstm/predictions/cholera_lstm_seed_88_proxy_robust_z.csv,0,15,69,0,0,15,,,,0.8214285714285714,0.17857142857142858,,not_applicable_no_positive_reference
cholera,LSTM,True,99,proxy_robust_z,2.0,77.71765077285767,29.876806259155277,16.134103775024414,84,results/stage5_lstm/predictions/cholera_lstm_seed_99_proxy_robust_z.csv,0,46,38,0,0,46,,,,0.4523809523809524,0.5476190476190477,,not_applicable_no_positive_reference
cholera,LSTM,True,99,proxy_robust_z,2.5,89.67786190128326,29.876806259155277,16.134103775024414,84,results/stage5_lstm/predictions/cholera_lstm_seed_99_proxy_robust_z.csv,0,39,45,0,0,39,,,,0.5357142857142857,0.4642857142857143,,not_applicable_no_positive_reference
cholera,LSTM,True,99,proxy_robust_z,3.0,101.63807302970886,29.876806259155277,16.134103775024414,84,results/stage5_lstm/predictions/cholera_lstm_seed_99_proxy_robust_z.csv,0,34,50,0,0,34,,,,0.5952380952380952,0.40476190476190477,,not_applicable_no_positive_reference
cholera,LSTM,True,99,proxy_robust_z,3.5,113.59828415813446,29.876806259155277,16.134103775024414,84,results/stage5_lstm/predictions/cholera_lstm_seed_99_proxy_robust_z.csv,0,31,53,0,0,31,,,,0.6309523809523809,0.36904761904761907,,not_applicable_no_positive_reference
cholera,LSTM,True,99,proxy_robust_z,4.0,125.55849528656006,29.876806259155277,16.134103775024414,84,results/stage5_lstm/predictions/cholera_lstm_seed_99_proxy_robust_z.csv,0,29,55,0,0,29,,,,0.6547619047619048,0.34523809523809523,,not_applicable_no_positive_reference
cholera,LSTM,True,99,proxy_robust_z,4.5,137.51870641498564,29.876806259155277,16.134103775024414,84,results/stage5_lstm/predictions/cholera_lstm_seed_99_proxy_robust_z.csv,0,24,60,0,0,24,,,,0.7142857142857143,0.2857142857142857,,not_applicable_no_positive_reference
cholera,LSTM,True,99,proxy_robust_z,5.0,149.47891754341126,29.876806259155277,16.134103775024414,84,results/stage5_lstm/predictions/cholera_lstm_seed_99_proxy_robust_z.csv,0,22,62,0,0,22,,,,0.7380952380952381,0.2619047619047619,,not_applicable_no_positive_reference
cholera,NFGA-Core,True,110,injected_5pct,2.0,705.4684941582425,585.3491577275637,40.50969122847658,84,results/stage6_nfga/predictions/cholera_nfga-core_seed_110_injected_5pct.csv,4,18,62,0,4,22,0.18181818181818182,1.0,0.3076923076923077,0.775,0.225,0.8875,applicable
cholera,NFGA-Core,True,110,injected_5pct,2.5,735.4983282659122,585.3491577275637,40.50969122847658,84,results/stage6_nfga/predictions/cholera_nfga-core_seed_110_injected_5pct.csv,4,18,62,0,4,22,0.18181818181818182,1.0,0.3076923076923077,0.775,0.225,0.8875,applicable
cholera,NFGA-Core,True,110,injected_5pct,3.0,765.5281623735818,585.3491577275637,40.50969122847658,84,results/stage6_nfga/predictions/cholera_nfga-core_seed_110_injected_5pct.csv,4,17,63,0,4,21,0.19047619047619047,1.0,0.32,0.7875,0.2125,0.89375,applicable
cholera,NFGA-Core,True,110,injected_5pct,3.5,795.5579964812515,585.3491577275637,40.50969122847658,84,results/stage6_nfga/predictions/cholera_nfga-core_seed_110_injected_5pct.csv,4,16,64,0,4,20,0.2,1.0,0.3333333333333333,0.8,0.2,0.9,applicable
cholera,NFGA-Core,True,110,injected_5pct,4.0,825.5878305889212,585.3491577275637,40.50969122847658,84,results/stage6_nfga/predictions/cholera_nfga-core_seed_110_injected_5pct.csv,4,13,67,0,4,17,0.23529411764705882,1.0,0.38095238095238093,0.8375,0.1625,0.91875,applicable
cholera,NFGA-Core,True,110,injected_5pct,4.5,855.617664696591,585.3491577275637,40.50969122847658,84,results/stage6_nfga/predictions/cholera_nfga-core_seed_110_injected_5pct.csv,4,11,69,0,4,15,0.26666666666666666,1.0,0.42105263157894735,0.8625,0.1375,0.93125,applicable
cholera,NFGA-Core,True,110,injected_5pct,5.0,885.6474988042605,585.3491577275637,40.50969122847658,84,results/stage6_nfga/predictions/cholera_nfga-core_seed_110_injected_5pct.csv,4,9,71,0,4,13,0.3076923076923077,1.0,0.47058823529411764,0.8875,0.1125,0.94375,applicable
cholera,NFGA-Core,True,11,injected_5pct,2.0,705.4684941582425,585.3491577275637,40.50969122847658,84,results/stage6_nfga/predictions/cholera_nfga-core_seed_11_injected_5pct.csv,4,26,54,0,4,30,0.13333333333333333,1.0,0.23529411764705882,0.675,0.325,0.8375,applicable
cholera,NFGA-Core,True,11,injected_5pct,2.5,735.4983282659122,585.3491577275637,40.50969122847658,84,results/stage6_nfga/predictions/cholera_nfga-core_seed_11_injected_5pct.csv,4,14,66,0,4,18,0.2222222222222222,1.0,0.36363636363636365,0.825,0.175,0.9125,applicable
cholera,NFGA-Core,True,11,injected_5pct,3.0,765.5281623735818,585.3491577275637,40.50969122847658,84,results/stage6_nfga/predictions/cholera_nfga-core_seed_11_injected_5pct.csv,4,10,70,0,4,14,0.2857142857142857,1.0,0.4444444444444444,0.875,0.125,0.9375,applicable
cholera,NFGA-Core,True,11,injected_5pct,3.5,795.5579964812515,585.3491577275637,40.50969122847658,84,results/stage6_nfga/predictions/cholera_nfga-core_seed_11_injected_5pct.csv,4,6,74,0,4,10,0.4,1.0,0.5714285714285714,0.925,0.075,0.9625,applicable
cholera,NFGA-Core,True,11,injected_5pct,4.0,825.5878305889212,585.3491577275637,40.50969122847658,84,results/stage6_nfga/predictions/cholera_nfga-core_seed_11_injected_5pct.csv,4,5,75,0,4,9,0.4444444444444444,1.0,0.6153846153846154,0.9375,0.0625,0.96875,applicable
cholera,NFGA-Core,True,11,injected_5pct,4.5,855.617664696591,585.3491577275637,40.50969122847658,84,results/stage6_nfga/predictions/cholera_nfga-core_seed_11_injected_5pct.csv,4,5,75,0,4,9,0.4444444444444444,1.0,0.6153846153846154,0.9375,0.0625,0.96875,applicable
cholera,NFGA-Core,True,11,injected_5pct,5.0,885.6474988042605,585.3491577275637,40.50969122847658,84,results/stage6_nfga/predictions/cholera_nfga-core_seed_11_injected_5pct.csv,4,3,77,0,4,7,0.5714285714285714,1.0,0.7272727272727273,0.9625,0.0375,0.98125,applicable
cholera,NFGA-Core,True,22,injected_5pct,2.0,705.4684941582425,585.3491577275637,40.50969122847658,84,results/stage6_nfga/predictions/cholera_nfga-core_seed_22_injected_5pct.csv,4,0,80,0,4,4,1.0,1.0,1.0,1.0,0.0,1.0,applicable
cholera,NFGA-Core,True,22,injected_5pct,2.5,735.4983282659122,585.3491577275637,40.50969122847658,84,results/stage6_nfga/predictions/cholera_nfga-core_seed_22_injected_5pct.csv,4,0,80,0,4,4,1.0,1.0,1.0,1.0,0.0,1.0,applicable
cholera,NFGA-Core,True,22,injected_5pct,3.0,765.5281623735818,585.3491577275637,40.50969122847658,84,results/stage6_nfga/predictions/cholera_nfga-core_seed_22_injected_5pct.csv,4,0,80,0,4,4,1.0,1.0,1.0,1.0,0.0,1.0,applicable
cholera,NFGA-Core,True,22,injected_5pct,3.5,795.5579964812515,585.3491577275637,40.50969122847658,84,results/stage6_nfga/predictions/cholera_nfga-core_seed_22_injected_5pct.csv,4,0,80,0,4,4,1.0,1.0,1.0,1.0,0.0,1.0,applicable
cholera,NFGA-Core,True,22,injected_5pct,4.0,825.5878305889212,585.3491577275637,40.50969122847658,84,results/stage6_nfga/predictions/cholera_nfga-core_seed_22_injected_5pct.csv,4,0,80,0,4,4,1.0,1.0,1.0,1.0,0.0,1.0,applicable
cholera,NFGA-Core,True,22,injected_5pct,4.5,855.617664696591,585.3491577275637,40.50969122847658,84,results/stage6_nfga/predictions/cholera_nfga-core_seed_22_injected_5pct.csv,4,0,80,0,4,4,1.0,1.0,1.0,1.0,0.0,1.0,applicable
cholera,NFGA-Core,True,22,injected_5pct,5.0,885.6474988042605,585.3491577275637,40.50969122847658,84,results/stage6_nfga/predictions/cholera_nfga-core_seed_22_injected_5pct.csv,4,0,80,0,4,4,1.0,1.0,1.0,1.0,0.0,1.0,applicable
cholera,NFGA-Core,True,33,injected_5pct,2.0,705.4684941582425,585.3491577275637,40.50969122847658,84,results/stage6_nfga/predictions/cholera_nfga-core_seed_33_injected_5pct.csv,4,20,60,0,4,24,0.16666666666666666,1.0,0.2857142857142857,0.75,0.25,0.875,applicable
cholera,NFGA-Core,True,33,injected_5pct,2.5,735.4983282659122,585.3491577275637,40.50969122847658,84,results/stage6_nfga/predictions/cholera_nfga-core_seed_33_injected_5pct.csv,4,20,60,0,4,24,0.16666666666666666,1.0,0.2857142857142857,0.75,0.25,0.875,applicable
cholera,NFGA-Core,True,33,injected_5pct,3.0,765.5281623735818,585.3491577275637,40.50969122847658,84,results/stage6_nfga/predictions/cholera_nfga-core_seed_33_injected_5pct.csv,4,20,60,0,4,24,0.16666666666666666,1.0,0.2857142857142857,0.75,0.25,0.875,applicable
cholera,NFGA-Core,True,33,injected_5pct,3.5,795.5579964812515,585.3491577275637,40.50969122847658,84,results/stage6_nfga/predictions/cholera_nfga-core_seed_33_injected_5pct.csv,4,20,60,0,4,24,0.16666666666666666,1.0,0.2857142857142857,0.75,0.25,0.875,applicable
cholera,NFGA-Core,True,33,injected_5pct,4.0,825.5878305889212,585.3491577275637,40.50969122847658,84,results/stage6_nfga/predictions/cholera_nfga-core_seed_33_injected_5pct.csv,4,20,60,0,4,24,0.16666666666666666,1.0,0.2857142857142857,0.75,0.25,0.875,applicable
cholera,NFGA-Core,True,33,injected_5pct,4.5,855.617664696591,585.3491577275637,40.50969122847658,84,results/stage6_nfga/predictions/cholera_nfga-core_seed_33_injected_5pct.csv,4,20,60,0,4,24,0.16666666666666666,1.0,0.2857142857142857,0.75,0.25,0.875,applicable
cholera,NFGA-Core,True,33,injected_5pct,5.0,885.6474988042605,585.3491577275637,40.50969122847658,84,results/stage6_nfga/predictions/cholera_nfga-core_seed_33_injected_5pct.csv,4,20,60,0,4,24,0.16666666666666666,1.0,0.2857142857142857,0.75,0.25,0.875,applicable
cholera,NFGA-Core,True,44,injected_5pct,2.0,705.4684941582425,585.3491577275637,40.50969122847658,84,results/stage6_nfga/predictions/cholera_nfga-core_seed_44_injected_5pct.csv,4,4,76,0,4,8,0.5,1.0,0.6666666666666666,0.95,0.05,0.975,applicable
cholera,NFGA-Core,True,44,injected_5pct,2.5,735.4983282659122,585.3491577275637,40.50969122847658,84,results/stage6_nfga/predictions/cholera_nfga-core_seed_44_injected_5pct.csv,4,4,76,0,4,8,0.5,1.0,0.6666666666666666,0.95,0.05,0.975,applicable
cholera,NFGA-Core,True,44,injected_5pct,3.0,765.5281623735818,585.3491577275637,40.50969122847658,84,results/stage6_nfga/predictions/cholera_nfga-core_seed_44_injected_5pct.csv,4,4,76,0,4,8,0.5,1.0,0.6666666666666666,0.95,0.05,0.975,applicable
cholera,NFGA-Core,True,44,injected_5pct,3.5,795.5579964812515,585.3491577275637,40.50969122847658,84,results/stage6_nfga/predictions/cholera_nfga-core_seed_44_injected_5pct.csv,4,4,76,0,4,8,0.5,1.0,0.6666666666666666,0.95,0.05,0.975,applicable
cholera,NFGA-Core,True,44,injected_5pct,4.0,825.5878305889212,585.3491577275637,40.50969122847658,84,results/stage6_nfga/predictions/cholera_nfga-core_seed_44_injected_5pct.csv,4,4,76,0,4,8,0.5,1.0,0.6666666666666666,0.95,0.05,0.975,applicable
cholera,NFGA-Core,True,44,injected_5pct,4.5,855.617664696591,585.3491577275637,40.50969122847658,84,results/stage6_nfga/predictions/cholera_nfga-core_seed_44_injected_5pct.csv,4,4,76,0,4,8,0.5,1.0,0.6666666666666666,0.95,0.05,0.975,applicable
cholera,NFGA-Core,True,44,injected_5pct,5.0,885.6474988042605,585.3491577275637,40.50969122847658,84,results/stage6_nfga/predictions/cholera_nfga-core_seed_44_injected_5pct.csv,4,3,77,0,4,7,0.5714285714285714,1.0,0.7272727272727273,0.9625,0.0375,0.98125,applicable
cholera,NFGA-Core,True,55,injected_5pct,2.0,705.4684941582425,585.3491577275637,40.50969122847658,84,results/stage6_nfga/predictions/cholera_nfga-core_seed_55_injected_5pct.csv,4,9,71,0,4,13,0.3076923076923077,1.0,0.47058823529411764,0.8875,0.1125,0.94375,applicable
cholera,NFGA-Core,True,55,injected_5pct,2.5,735.4983282659122,585.3491577275637,40.50969122847658,84,results/stage6_nfga/predictions/cholera_nfga-core_seed_55_injected_5pct.csv,4,8,72,0,4,12,0.3333333333333333,1.0,0.5,0.9,0.1,0.95,applicable
cholera,NFGA-Core,True,55,injected_5pct,3.0,765.5281623735818,585.3491577275637,40.50969122847658,84,results/stage6_nfga/predictions/cholera_nfga-core_seed_55_injected_5pct.csv,4,8,72,0,4,12,0.3333333333333333,1.0,0.5,0.9,0.1,0.95,applicable
cholera,NFGA-Core,True,55,injected_5pct,3.5,795.5579964812515,585.3491577275637,40.50969122847658,84,results/stage6_nfga/predictions/cholera_nfga-core_seed_55_injected_5pct.csv,4,7,73,0,4,11,0.36363636363636365,1.0,0.5333333333333333,0.9125,0.0875,0.95625,applicable
cholera,NFGA-Core,True,55,injected_5pct,4.0,825.5878305889212,585.3491577275637,40.50969122847658,84,results/stage6_nfga/predictions/cholera_nfga-core_seed_55_injected_5pct.csv,4,7,73,0,4,11,0.36363636363636365,1.0,0.5333333333333333,0.9125,0.0875,0.95625,applicable
cholera,NFGA-Core,True,55,injected_5pct,4.5,855.617664696591,585.3491577275637,40.50969122847658,84,results/stage6_nfga/predictions/cholera_nfga-core_seed_55_injected_5pct.csv,4,5,75,0,4,9,0.4444444444444444,1.0,0.6153846153846154,0.9375,0.0625,0.96875,applicable
cholera,NFGA-Core,True,55,injected_5pct,5.0,885.6474988042605,585.3491577275637,40.50969122847658,84,results/stage6_nfga/predictions/cholera_nfga-core_seed_55_injected_5pct.csv,4,5,75,0,4,9,0.4444444444444444,1.0,0.6153846153846154,0.9375,0.0625,0.96875,applicable
cholera,NFGA-Core,True,66,injected_5pct,2.0,705.4684941582425,585.3491577275637,40.50969122847658,84,results/stage6_nfga/predictions/cholera_nfga-core_seed_66_injected_5pct.csv,4,21,59,0,4,25,0.16,1.0,0.27586206896551724,0.7375,0.2625,0.86875,applicable
cholera,NFGA-Core,True,66,injected_5pct,2.5,735.4983282659122,585.3491577275637,40.50969122847658,84,results/stage6_nfga/predictions/cholera_nfga-core_seed_66_injected_5pct.csv,4,20,60,0,4,24,0.16666666666666666,1.0,0.2857142857142857,0.75,0.25,0.875,applicable
cholera,NFGA-Core,True,66,injected_5pct,3.0,765.5281623735818,585.3491577275637,40.50969122847658,84,results/stage6_nfga/predictions/cholera_nfga-core_seed_66_injected_5pct.csv,4,20,60,0,4,24,0.16666666666666666,1.0,0.2857142857142857,0.75,0.25,0.875,applicable
cholera,NFGA-Core,True,66,injected_5pct,3.5,795.5579964812515,585.3491577275637,40.50969122847658,84,results/stage6_nfga/predictions/cholera_nfga-core_seed_66_injected_5pct.csv,4,20,60,0,4,24,0.16666666666666666,1.0,0.2857142857142857,0.75,0.25,0.875,applicable
cholera,NFGA-Core,True,66,injected_5pct,4.0,825.5878305889212,585.3491577275637,40.50969122847658,84,results/stage6_nfga/predictions/cholera_nfga-core_seed_66_injected_5pct.csv,4,19,61,0,4,23,0.17391304347826086,1.0,0.2962962962962963,0.7625,0.2375,0.88125,applicable
cholera,NFGA-Core,True,66,injected_5pct,4.5,855.617664696591,585.3491577275637,40.50969122847658,84,results/stage6_nfga/predictions/cholera_nfga-core_seed_66_injected_5pct.csv,4,18,62,0,4,22,0.18181818181818182,1.0,0.3076923076923077,0.775,0.225,0.8875,applicable
cholera,NFGA-Core,True,66,injected_5pct,5.0,885.6474988042605,585.3491577275637,40.50969122847658,84,results/stage6_nfga/predictions/cholera_nfga-core_seed_66_injected_5pct.csv,4,15,65,0,4,19,0.21052631578947367,1.0,0.34782608695652173,0.8125,0.1875,0.90625,applicable
cholera,NFGA-Core,True,77,injected_5pct,2.0,705.4684941582425,585.3491577275637,40.50969122847658,84,results/stage6_nfga/predictions/cholera_nfga-core_seed_77_injected_5pct.csv,4,0,80,0,4,4,1.0,1.0,1.0,1.0,0.0,1.0,applicable
cholera,NFGA-Core,True,77,injected_5pct,2.5,735.4983282659122,585.3491577275637,40.50969122847658,84,results/stage6_nfga/predictions/cholera_nfga-core_seed_77_injected_5pct.csv,4,0,80,0,4,4,1.0,1.0,1.0,1.0,0.0,1.0,applicable
cholera,NFGA-Core,True,77,injected_5pct,3.0,765.5281623735818,585.3491577275637,40.50969122847658,84,results/stage6_nfga/predictions/cholera_nfga-core_seed_77_injected_5pct.csv,4,0,80,0,4,4,1.0,1.0,1.0,1.0,0.0,1.0,applicable
cholera,NFGA-Core,True,77,injected_5pct,3.5,795.5579964812515,585.3491577275637,40.50969122847658,84,results/stage6_nfga/predictions/cholera_nfga-core_seed_77_injected_5pct.csv,4,0,80,0,4,4,1.0,1.0,1.0,1.0,0.0,1.0,applicable
cholera,NFGA-Core,True,77,injected_5pct,4.0,825.5878305889212,585.3491577275637,40.50969122847658,84,results/stage6_nfga/predictions/cholera_nfga-core_seed_77_injected_5pct.csv,4,0,80,0,4,4,1.0,1.0,1.0,1.0,0.0,1.0,applicable
cholera,NFGA-Core,True,77,injected_5pct,4.5,855.617664696591,585.3491577275637,40.50969122847658,84,results/stage6_nfga/predictions/cholera_nfga-core_seed_77_injected_5pct.csv,4,0,80,0,4,4,1.0,1.0,1.0,1.0,0.0,1.0,applicable
cholera,NFGA-Core,True,77,injected_5pct,5.0,885.6474988042605,585.3491577275637,40.50969122847658,84,results/stage6_nfga/predictions/cholera_nfga-core_seed_77_injected_5pct.csv,4,0,80,0,4,4,1.0,1.0,1.0,1.0,0.0,1.0,applicable
cholera,NFGA-Core,True,88,injected_5pct,2.0,705.4684941582425,585.3491577275637,40.50969122847658,84,results/stage6_nfga/predictions/cholera_nfga-core_seed_88_injected_5pct.csv,4,11,69,0,4,15,0.26666666666666666,1.0,0.42105263157894735,0.8625,0.1375,0.93125,applicable
cholera,NFGA-Core,True,88,injected_5pct,2.5,735.4983282659122,585.3491577275637,40.50969122847658,84,results/stage6_nfga/predictions/cholera_nfga-core_seed_88_injected_5pct.csv,4,8,72,0,4,12,0.3333333333333333,1.0,0.5,0.9,0.1,0.95,applicable
cholera,NFGA-Core,True,88,injected_5pct,3.0,765.5281623735818,585.3491577275637,40.50969122847658,84,results/stage6_nfga/predictions/cholera_nfga-core_seed_88_injected_5pct.csv,4,6,74,0,4,10,0.4,1.0,0.5714285714285714,0.925,0.075,0.9625,applicable
cholera,NFGA-Core,True,88,injected_5pct,3.5,795.5579964812515,585.3491577275637,40.50969122847658,84,results/stage6_nfga/predictions/cholera_nfga-core_seed_88_injected_5pct.csv,4,4,76,0,4,8,0.5,1.0,0.6666666666666666,0.95,0.05,0.975,applicable
cholera,NFGA-Core,True,88,injected_5pct,4.0,825.5878305889212,585.3491577275637,40.50969122847658,84,results/stage6_nfga/predictions/cholera_nfga-core_seed_88_injected_5pct.csv,4,3,77,0,4,7,0.5714285714285714,1.0,0.7272727272727273,0.9625,0.0375,0.98125,applicable
cholera,NFGA-Core,True,88,injected_5pct,4.5,855.617664696591,585.3491577275637,40.50969122847658,84,results/stage6_nfga/predictions/cholera_nfga-core_seed_88_injected_5pct.csv,4,2,78,0,4,6,0.6666666666666666,1.0,0.8,0.975,0.025,0.9875,applicable
cholera,NFGA-Core,True,88,injected_5pct,5.0,885.6474988042605,585.3491577275637,40.50969122847658,84,results/stage6_nfga/predictions/cholera_nfga-core_seed_88_injected_5pct.csv,4,2,78,0,4,6,0.6666666666666666,1.0,0.8,0.975,0.025,0.9875,applicable
cholera,NFGA-Core,True,99,injected_5pct,2.0,705.4684941582425,585.3491577275637,40.50969122847658,84,results/stage6_nfga/predictions/cholera_nfga-core_seed_99_injected_5pct.csv,4,51,29,0,4,55,0.07272727272727272,1.0,0.13559322033898305,0.3625,0.6375,0.68125,applicable
cholera,NFGA-Core,True,99,injected_5pct,2.5,735.4983282659122,585.3491577275637,40.50969122847658,84,results/stage6_nfga/predictions/cholera_nfga-core_seed_99_injected_5pct.csv,4,51,29,0,4,55,0.07272727272727272,1.0,0.13559322033898305,0.3625,0.6375,0.68125,applicable
cholera,NFGA-Core,True,99,injected_5pct,3.0,765.5281623735818,585.3491577275637,40.50969122847658,84,results/stage6_nfga/predictions/cholera_nfga-core_seed_99_injected_5pct.csv,4,48,32,0,4,52,0.07692307692307693,1.0,0.14285714285714285,0.4,0.6,0.7,applicable
cholera,NFGA-Core,True,99,injected_5pct,3.5,795.5579964812515,585.3491577275637,40.50969122847658,84,results/stage6_nfga/predictions/cholera_nfga-core_seed_99_injected_5pct.csv,4,40,40,0,4,44,0.09090909090909091,1.0,0.16666666666666666,0.5,0.5,0.75,applicable
cholera,NFGA-Core,True,99,injected_5pct,4.0,825.5878305889212,585.3491577275637,40.50969122847658,84,results/stage6_nfga/predictions/cholera_nfga-core_seed_99_injected_5pct.csv,4,34,46,0,4,38,0.10526315789473684,1.0,0.19047619047619047,0.575,0.425,0.7875,applicable
cholera,NFGA-Core,True,99,injected_5pct,4.5,855.617664696591,585.3491577275637,40.50969122847658,84,results/stage6_nfga/predictions/cholera_nfga-core_seed_99_injected_5pct.csv,4,24,56,0,4,28,0.14285714285714285,1.0,0.25,0.7,0.3,0.85,applicable
cholera,NFGA-Core,True,99,injected_5pct,5.0,885.6474988042605,585.3491577275637,40.50969122847658,84,results/stage6_nfga/predictions/cholera_nfga-core_seed_99_injected_5pct.csv,4,15,65,0,4,19,0.21052631578947367,1.0,0.34782608695652173,0.8125,0.1875,0.90625,applicable
cholera,NFGA-Core,True,110,injected_10pct,2.0,705.4684941582425,585.3491577275637,40.50969122847658,84,results/stage6_nfga/predictions/cholera_nfga-core_seed_110_injected_10pct.csv,5,5,71,3,8,10,0.5,0.625,0.5555555555555556,0.9342105263157895,0.06578947368421052,0.7796052631578947,applicable
cholera,NFGA-Core,True,110,injected_10pct,2.5,735.4983282659122,585.3491577275637,40.50969122847658,84,results/stage6_nfga/predictions/cholera_nfga-core_seed_110_injected_10pct.csv,4,3,73,4,8,7,0.5714285714285714,0.5,0.5333333333333333,0.9605263157894737,0.039473684210526314,0.7302631578947368,applicable
cholera,NFGA-Core,True,110,injected_10pct,3.0,765.5281623735818,585.3491577275637,40.50969122847658,84,results/stage6_nfga/predictions/cholera_nfga-core_seed_110_injected_10pct.csv,3,3,73,5,8,6,0.5,0.375,0.42857142857142855,0.9605263157894737,0.039473684210526314,0.6677631578947368,applicable
cholera,NFGA-Core,True,110,injected_10pct,3.5,795.5579964812515,585.3491577275637,40.50969122847658,84,results/stage6_nfga/predictions/cholera_nfga-core_seed_110_injected_10pct.csv,3,2,74,5,8,5,0.6,0.375,0.46153846153846156,0.9736842105263158,0.02631578947368421,0.674342105263158,applicable
cholera,NFGA-Core,True,110,injected_10pct,4.0,825.5878305889212,585.3491577275637,40.50969122847658,84,results/stage6_nfga/predictions/cholera_nfga-core_seed_110_injected_10pct.csv,3,1,75,5,8,4,0.75,0.375,0.5,0.9868421052631579,0.013157894736842105,0.680921052631579,applicable
cholera,NFGA-Core,True,110,injected_10pct,4.5,855.617664696591,585.3491577275637,40.50969122847658,84,results/stage6_nfga/predictions/cholera_nfga-core_seed_110_injected_10pct.csv,3,1,75,5,8,4,0.75,0.375,0.5,0.9868421052631579,0.013157894736842105,0.680921052631579,applicable
cholera,NFGA-Core,True,110,injected_10pct,5.0,885.6474988042605,585.3491577275637,40.50969122847658,84,results/stage6_nfga/predictions/cholera_nfga-core_seed_110_injected_10pct.csv,3,1,75,5,8,4,0.75,0.375,0.5,0.9868421052631579,0.013157894736842105,0.680921052631579,applicable
cholera,NFGA-Core,True,11,injected_10pct,2.0,705.4684941582425,585.3491577275637,40.50969122847658,84,results/stage6_nfga/predictions/cholera_nfga-core_seed_11_injected_10pct.csv,6,0,76,2,8,6,1.0,0.75,0.8571428571428571,1.0,0.0,0.875,applicable
cholera,NFGA-Core,True,11,injected_10pct,2.5,735.4983282659122,585.3491577275637,40.50969122847658,84,results/stage6_nfga/predictions/cholera_nfga-core_seed_11_injected_10pct.csv,6,0,76,2,8,6,1.0,0.75,0.8571428571428571,1.0,0.0,0.875,applicable
cholera,NFGA-Core,True,11,injected_10pct,3.0,765.5281623735818,585.3491577275637,40.50969122847658,84,results/stage6_nfga/predictions/cholera_nfga-core_seed_11_injected_10pct.csv,6,0,76,2,8,6,1.0,0.75,0.8571428571428571,1.0,0.0,0.875,applicable
cholera,NFGA-Core,True,11,injected_10pct,3.5,795.5579964812515,585.3491577275637,40.50969122847658,84,results/stage6_nfga/predictions/cholera_nfga-core_seed_11_injected_10pct.csv,6,0,76,2,8,6,1.0,0.75,0.8571428571428571,1.0,0.0,0.875,applicable
cholera,NFGA-Core,True,11,injected_10pct,4.0,825.5878305889212,585.3491577275637,40.50969122847658,84,results/stage6_nfga/predictions/cholera_nfga-core_seed_11_injected_10pct.csv,6,0,76,2,8,6,1.0,0.75,0.8571428571428571,1.0,0.0,0.875,applicable
cholera,NFGA-Core,True,11,injected_10pct,4.5,855.617664696591,585.3491577275637,40.50969122847658,84,results/stage6_nfga/predictions/cholera_nfga-core_seed_11_injected_10pct.csv,6,0,76,2,8,6,1.0,0.75,0.8571428571428571,1.0,0.0,0.875,applicable
cholera,NFGA-Core,True,11,injected_10pct,5.0,885.6474988042605,585.3491577275637,40.50969122847658,84,results/stage6_nfga/predictions/cholera_nfga-core_seed_11_injected_10pct.csv,6,0,76,2,8,6,1.0,0.75,0.8571428571428571,1.0,0.0,0.875,applicable
cholera,NFGA-Core,True,22,injected_10pct,2.0,705.4684941582425,585.3491577275637,40.50969122847658,84,results/stage6_nfga/predictions/cholera_nfga-core_seed_22_injected_10pct.csv,3,3,73,5,8,6,0.5,0.375,0.42857142857142855,0.9605263157894737,0.039473684210526314,0.6677631578947368,applicable
cholera,NFGA-Core,True,22,injected_10pct,2.5,735.4983282659122,585.3491577275637,40.50969122847658,84,results/stage6_nfga/predictions/cholera_nfga-core_seed_22_injected_10pct.csv,3,3,73,5,8,6,0.5,0.375,0.42857142857142855,0.9605263157894737,0.039473684210526314,0.6677631578947368,applicable
cholera,NFGA-Core,True,22,injected_10pct,3.0,765.5281623735818,585.3491577275637,40.50969122847658,84,results/stage6_nfga/predictions/cholera_nfga-core_seed_22_injected_10pct.csv,3,2,74,5,8,5,0.6,0.375,0.46153846153846156,0.9736842105263158,0.02631578947368421,0.674342105263158,applicable
cholera,NFGA-Core,True,22,injected_10pct,3.5,795.5579964812515,585.3491577275637,40.50969122847658,84,results/stage6_nfga/predictions/cholera_nfga-core_seed_22_injected_10pct.csv,3,2,74,5,8,5,0.6,0.375,0.46153846153846156,0.9736842105263158,0.02631578947368421,0.674342105263158,applicable
cholera,NFGA-Core,True,22,injected_10pct,4.0,825.5878305889212,585.3491577275637,40.50969122847658,84,results/stage6_nfga/predictions/cholera_nfga-core_seed_22_injected_10pct.csv,3,2,74,5,8,5,0.6,0.375,0.46153846153846156,0.9736842105263158,0.02631578947368421,0.674342105263158,applicable
cholera,NFGA-Core,True,22,injected_10pct,4.5,855.617664696591,585.3491577275637,40.50969122847658,84,results/stage6_nfga/predictions/cholera_nfga-core_seed_22_injected_10pct.csv,3,1,75,5,8,4,0.75,0.375,0.5,0.9868421052631579,0.013157894736842105,0.680921052631579,applicable
cholera,NFGA-Core,True,22,injected_10pct,5.0,885.6474988042605,585.3491577275637,40.50969122847658,84,results/stage6_nfga/predictions/cholera_nfga-core_seed_22_injected_10pct.csv,3,0,76,5,8,3,1.0,0.375,0.5454545454545454,1.0,0.0,0.6875,applicable
cholera,NFGA-Core,True,33,injected_10pct,2.0,705.4684941582425,585.3491577275637,40.50969122847658,84,results/stage6_nfga/predictions/cholera_nfga-core_seed_33_injected_10pct.csv,3,5,71,5,8,8,0.375,0.375,0.375,0.9342105263157895,0.06578947368421052,0.6546052631578947,applicable
cholera,NFGA-Core,True,33,injected_10pct,2.5,735.4983282659122,585.3491577275637,40.50969122847658,84,results/stage6_nfga/predictions/cholera_nfga-core_seed_33_injected_10pct.csv,3,3,73,5,8,6,0.5,0.375,0.42857142857142855,0.9605263157894737,0.039473684210526314,0.6677631578947368,applicable
cholera,NFGA-Core,True,33,injected_10pct,3.0,765.5281623735818,585.3491577275637,40.50969122847658,84,results/stage6_nfga/predictions/cholera_nfga-core_seed_33_injected_10pct.csv,3,2,74,5,8,5,0.6,0.375,0.46153846153846156,0.9736842105263158,0.02631578947368421,0.674342105263158,applicable
cholera,NFGA-Core,True,33,injected_10pct,3.5,795.5579964812515,585.3491577275637,40.50969122847658,84,results/stage6_nfga/predictions/cholera_nfga-core_seed_33_injected_10pct.csv,3,1,75,5,8,4,0.75,0.375,0.5,0.9868421052631579,0.013157894736842105,0.680921052631579,applicable
cholera,NFGA-Core,True,33,injected_10pct,4.0,825.5878305889212,585.3491577275637,40.50969122847658,84,results/stage6_nfga/predictions/cholera_nfga-core_seed_33_injected_10pct.csv,3,1,75,5,8,4,0.75,0.375,0.5,0.9868421052631579,0.013157894736842105,0.680921052631579,applicable
cholera,NFGA-Core,True,33,injected_10pct,4.5,855.617664696591,585.3491577275637,40.50969122847658,84,results/stage6_nfga/predictions/cholera_nfga-core_seed_33_injected_10pct.csv,3,1,75,5,8,4,0.75,0.375,0.5,0.9868421052631579,0.013157894736842105,0.680921052631579,applicable
cholera,NFGA-Core,True,33,injected_10pct,5.0,885.6474988042605,585.3491577275637,40.50969122847658,84,results/stage6_nfga/predictions/cholera_nfga-core_seed_33_injected_10pct.csv,3,1,75,5,8,4,0.75,0.375,0.5,0.9868421052631579,0.013157894736842105,0.680921052631579,applicable
cholera,NFGA-Core,True,44,injected_10pct,2.0,705.4684941582425,585.3491577275637,40.50969122847658,84,results/stage6_nfga/predictions/cholera_nfga-core_seed_44_injected_10pct.csv,3,3,73,5,8,6,0.5,0.375,0.42857142857142855,0.9605263157894737,0.039473684210526314,0.6677631578947368,applicable
cholera,NFGA-Core,True,44,injected_10pct,2.5,735.4983282659122,585.3491577275637,40.50969122847658,84,results/stage6_nfga/predictions/cholera_nfga-core_seed_44_injected_10pct.csv,3,3,73,5,8,6,0.5,0.375,0.42857142857142855,0.9605263157894737,0.039473684210526314,0.6677631578947368,applicable
cholera,NFGA-Core,True,44,injected_10pct,3.0,765.5281623735818,585.3491577275637,40.50969122847658,84,results/stage6_nfga/predictions/cholera_nfga-core_seed_44_injected_10pct.csv,3,2,74,5,8,5,0.6,0.375,0.46153846153846156,0.9736842105263158,0.02631578947368421,0.674342105263158,applicable
cholera,NFGA-Core,True,44,injected_10pct,3.5,795.5579964812515,585.3491577275637,40.50969122847658,84,results/stage6_nfga/predictions/cholera_nfga-core_seed_44_injected_10pct.csv,3,1,75,5,8,4,0.75,0.375,0.5,0.9868421052631579,0.013157894736842105,0.680921052631579,applicable
cholera,NFGA-Core,True,44,injected_10pct,4.0,825.5878305889212,585.3491577275637,40.50969122847658,84,results/stage6_nfga/predictions/cholera_nfga-core_seed_44_injected_10pct.csv,3,0,76,5,8,3,1.0,0.375,0.5454545454545454,1.0,0.0,0.6875,applicable
cholera,NFGA-Core,True,44,injected_10pct,4.5,855.617664696591,585.3491577275637,40.50969122847658,84,results/stage6_nfga/predictions/cholera_nfga-core_seed_44_injected_10pct.csv,3,0,76,5,8,3,1.0,0.375,0.5454545454545454,1.0,0.0,0.6875,applicable
cholera,NFGA-Core,True,44,injected_10pct,5.0,885.6474988042605,585.3491577275637,40.50969122847658,84,results/stage6_nfga/predictions/cholera_nfga-core_seed_44_injected_10pct.csv,3,0,76,5,8,3,1.0,0.375,0.5454545454545454,1.0,0.0,0.6875,applicable
cholera,NFGA-Core,True,55,injected_10pct,2.0,705.4684941582425,585.3491577275637,40.50969122847658,84,results/stage6_nfga/predictions/cholera_nfga-core_seed_55_injected_10pct.csv,6,4,72,2,8,10,0.6,0.75,0.6666666666666666,0.9473684210526315,0.05263157894736842,0.8486842105263157,applicable
cholera,NFGA-Core,True,55,injected_10pct,2.5,735.4983282659122,585.3491577275637,40.50969122847658,84,results/stage6_nfga/predictions/cholera_nfga-core_seed_55_injected_10pct.csv,6,3,73,2,8,9,0.6666666666666666,0.75,0.7058823529411765,0.9605263157894737,0.039473684210526314,0.8552631578947368,applicable
cholera,NFGA-Core,True,55,injected_10pct,3.0,765.5281623735818,585.3491577275637,40.50969122847658,84,results/stage6_nfga/predictions/cholera_nfga-core_seed_55_injected_10pct.csv,5,2,74,3,8,7,0.7142857142857143,0.625,0.6666666666666666,0.9736842105263158,0.02631578947368421,0.799342105263158,applicable
cholera,NFGA-Core,True,55,injected_10pct,3.5,795.5579964812515,585.3491577275637,40.50969122847658,84,results/stage6_nfga/predictions/cholera_nfga-core_seed_55_injected_10pct.csv,5,1,75,3,8,6,0.8333333333333334,0.625,0.7142857142857143,0.9868421052631579,0.013157894736842105,0.805921052631579,applicable
cholera,NFGA-Core,True,55,injected_10pct,4.0,825.5878305889212,585.3491577275637,40.50969122847658,84,results/stage6_nfga/predictions/cholera_nfga-core_seed_55_injected_10pct.csv,5,1,75,3,8,6,0.8333333333333334,0.625,0.7142857142857143,0.9868421052631579,0.013157894736842105,0.805921052631579,applicable
cholera,NFGA-Core,True,55,injected_10pct,4.5,855.617664696591,585.3491577275637,40.50969122847658,84,results/stage6_nfga/predictions/cholera_nfga-core_seed_55_injected_10pct.csv,4,1,75,4,8,5,0.8,0.5,0.6153846153846154,0.9868421052631579,0.013157894736842105,0.743421052631579,applicable
cholera,NFGA-Core,True,55,injected_10pct,5.0,885.6474988042605,585.3491577275637,40.50969122847658,84,results/stage6_nfga/predictions/cholera_nfga-core_seed_55_injected_10pct.csv,4,1,75,4,8,5,0.8,0.5,0.6153846153846154,0.9868421052631579,0.013157894736842105,0.743421052631579,applicable
cholera,NFGA-Core,True,66,injected_10pct,2.0,705.4684941582425,585.3491577275637,40.50969122847658,84,results/stage6_nfga/predictions/cholera_nfga-core_seed_66_injected_10pct.csv,4,7,69,4,8,11,0.36363636363636365,0.5,0.42105263157894735,0.9078947368421053,0.09210526315789473,0.7039473684210527,applicable
cholera,NFGA-Core,True,66,injected_10pct,2.5,735.4983282659122,585.3491577275637,40.50969122847658,84,results/stage6_nfga/predictions/cholera_nfga-core_seed_66_injected_10pct.csv,3,7,69,5,8,10,0.3,0.375,0.3333333333333333,0.9078947368421053,0.09210526315789473,0.6414473684210527,applicable
cholera,NFGA-Core,True,66,injected_10pct,3.0,765.5281623735818,585.3491577275637,40.50969122847658,84,results/stage6_nfga/predictions/cholera_nfga-core_seed_66_injected_10pct.csv,3,7,69,5,8,10,0.3,0.375,0.3333333333333333,0.9078947368421053,0.09210526315789473,0.6414473684210527,applicable
cholera,NFGA-Core,True,66,injected_10pct,3.5,795.5579964812515,585.3491577275637,40.50969122847658,84,results/stage6_nfga/predictions/cholera_nfga-core_seed_66_injected_10pct.csv,3,5,71,5,8,8,0.375,0.375,0.375,0.9342105263157895,0.06578947368421052,0.6546052631578947,applicable
cholera,NFGA-Core,True,66,injected_10pct,4.0,825.5878305889212,585.3491577275637,40.50969122847658,84,results/stage6_nfga/predictions/cholera_nfga-core_seed_66_injected_10pct.csv,3,5,71,5,8,8,0.375,0.375,0.375,0.9342105263157895,0.06578947368421052,0.6546052631578947,applicable
cholera,NFGA-Core,True,66,injected_10pct,4.5,855.617664696591,585.3491577275637,40.50969122847658,84,results/stage6_nfga/predictions/cholera_nfga-core_seed_66_injected_10pct.csv,3,5,71,5,8,8,0.375,0.375,0.375,0.9342105263157895,0.06578947368421052,0.6546052631578947,applicable
cholera,NFGA-Core,True,66,injected_10pct,5.0,885.6474988042605,585.3491577275637,40.50969122847658,84,results/stage6_nfga/predictions/cholera_nfga-core_seed_66_injected_10pct.csv,3,5,71,5,8,8,0.375,0.375,0.375,0.9342105263157895,0.06578947368421052,0.6546052631578947,applicable
cholera,NFGA-Core,True,77,injected_10pct,2.0,705.4684941582425,585.3491577275637,40.50969122847658,84,results/stage6_nfga/predictions/cholera_nfga-core_seed_77_injected_10pct.csv,5,0,76,3,8,5,1.0,0.625,0.7692307692307693,1.0,0.0,0.8125,applicable
cholera,NFGA-Core,True,77,injected_10pct,2.5,735.4983282659122,585.3491577275637,40.50969122847658,84,results/stage6_nfga/predictions/cholera_nfga-core_seed_77_injected_10pct.csv,4,0,76,4,8,4,1.0,0.5,0.6666666666666666,1.0,0.0,0.75,applicable
cholera,NFGA-Core,True,77,injected_10pct,3.0,765.5281623735818,585.3491577275637,40.50969122847658,84,results/stage6_nfga/predictions/cholera_nfga-core_seed_77_injected_10pct.csv,3,0,76,5,8,3,1.0,0.375,0.5454545454545454,1.0,0.0,0.6875,applicable
cholera,NFGA-Core,True,77,injected_10pct,3.5,795.5579964812515,585.3491577275637,40.50969122847658,84,results/stage6_nfga/predictions/cholera_nfga-core_seed_77_injected_10pct.csv,3,0,76,5,8,3,1.0,0.375,0.5454545454545454,1.0,0.0,0.6875,applicable
cholera,NFGA-Core,True,77,injected_10pct,4.0,825.5878305889212,585.3491577275637,40.50969122847658,84,results/stage6_nfga/predictions/cholera_nfga-core_seed_77_injected_10pct.csv,3,0,76,5,8,3,1.0,0.375,0.5454545454545454,1.0,0.0,0.6875,applicable
cholera,NFGA-Core,True,77,injected_10pct,4.5,855.617664696591,585.3491577275637,40.50969122847658,84,results/stage6_nfga/predictions/cholera_nfga-core_seed_77_injected_10pct.csv,3,0,76,5,8,3,1.0,0.375,0.5454545454545454,1.0,0.0,0.6875,applicable
cholera,NFGA-Core,True,77,injected_10pct,5.0,885.6474988042605,585.3491577275637,40.50969122847658,84,results/stage6_nfga/predictions/cholera_nfga-core_seed_77_injected_10pct.csv,3,0,76,5,8,3,1.0,0.375,0.5454545454545454,1.0,0.0,0.6875,applicable
cholera,NFGA-Core,True,88,injected_10pct,2.0,705.4684941582425,585.3491577275637,40.50969122847658,84,results/stage6_nfga/predictions/cholera_nfga-core_seed_88_injected_10pct.csv,3,17,59,5,8,20,0.15,0.375,0.21428571428571427,0.7763157894736842,0.2236842105263158,0.575657894736842,applicable
cholera,NFGA-Core,True,88,injected_10pct,2.5,735.4983282659122,585.3491577275637,40.50969122847658,84,results/stage6_nfga/predictions/cholera_nfga-core_seed_88_injected_10pct.csv,3,17,59,5,8,20,0.15,0.375,0.21428571428571427,0.7763157894736842,0.2236842105263158,0.575657894736842,applicable
cholera,NFGA-Core,True,88,injected_10pct,3.0,765.5281623735818,585.3491577275637,40.50969122847658,84,results/stage6_nfga/predictions/cholera_nfga-core_seed_88_injected_10pct.csv,3,14,62,5,8,17,0.17647058823529413,0.375,0.24,0.8157894736842105,0.18421052631578946,0.5953947368421053,applicable
cholera,NFGA-Core,True,88,injected_10pct,3.5,795.5579964812515,585.3491577275637,40.50969122847658,84,results/stage6_nfga/predictions/cholera_nfga-core_seed_88_injected_10pct.csv,3,10,66,5,8,13,0.23076923076923078,0.375,0.2857142857142857,0.868421052631579,0.13157894736842105,0.6217105263157895,applicable
cholera,NFGA-Core,True,88,injected_10pct,4.0,825.5878305889212,585.3491577275637,40.50969122847658,84,results/stage6_nfga/predictions/cholera_nfga-core_seed_88_injected_10pct.csv,3,8,68,5,8,11,0.2727272727272727,0.375,0.3157894736842105,0.8947368421052632,0.10526315789473684,0.6348684210526316,applicable
cholera,NFGA-Core,True,88,injected_10pct,4.5,855.617664696591,585.3491577275637,40.50969122847658,84,results/stage6_nfga/predictions/cholera_nfga-core_seed_88_injected_10pct.csv,3,7,69,5,8,10,0.3,0.375,0.3333333333333333,0.9078947368421053,0.09210526315789473,0.6414473684210527,applicable
cholera,NFGA-Core,True,88,injected_10pct,5.0,885.6474988042605,585.3491577275637,40.50969122847658,84,results/stage6_nfga/predictions/cholera_nfga-core_seed_88_injected_10pct.csv,3,6,70,5,8,9,0.3333333333333333,0.375,0.35294117647058826,0.9210526315789473,0.07894736842105263,0.6480263157894737,applicable
cholera,NFGA-Core,True,99,injected_10pct,2.0,705.4684941582425,585.3491577275637,40.50969122847658,84,results/stage6_nfga/predictions/cholera_nfga-core_seed_99_injected_10pct.csv,8,41,35,0,8,49,0.16326530612244897,1.0,0.2807017543859649,0.4605263157894737,0.5394736842105263,0.7302631578947368,applicable
cholera,NFGA-Core,True,99,injected_10pct,2.5,735.4983282659122,585.3491577275637,40.50969122847658,84,results/stage6_nfga/predictions/cholera_nfga-core_seed_99_injected_10pct.csv,8,34,42,0,8,42,0.19047619047619047,1.0,0.32,0.5526315789473685,0.4473684210526316,0.7763157894736843,applicable
cholera,NFGA-Core,True,99,injected_10pct,3.0,765.5281623735818,585.3491577275637,40.50969122847658,84,results/stage6_nfga/predictions/cholera_nfga-core_seed_99_injected_10pct.csv,8,23,53,0,8,31,0.25806451612903225,1.0,0.41025641025641024,0.6973684210526315,0.3026315789473684,0.8486842105263157,applicable
cholera,NFGA-Core,True,99,injected_10pct,3.5,795.5579964812515,585.3491577275637,40.50969122847658,84,results/stage6_nfga/predictions/cholera_nfga-core_seed_99_injected_10pct.csv,8,3,73,0,8,11,0.7272727272727273,1.0,0.8421052631578947,0.9605263157894737,0.039473684210526314,0.9802631578947368,applicable
cholera,NFGA-Core,True,99,injected_10pct,4.0,825.5878305889212,585.3491577275637,40.50969122847658,84,results/stage6_nfga/predictions/cholera_nfga-core_seed_99_injected_10pct.csv,8,0,76,0,8,8,1.0,1.0,1.0,1.0,0.0,1.0,applicable
cholera,NFGA-Core,True,99,injected_10pct,4.5,855.617664696591,585.3491577275637,40.50969122847658,84,results/stage6_nfga/predictions/cholera_nfga-core_seed_99_injected_10pct.csv,7,0,76,1,8,7,1.0,0.875,0.9333333333333333,1.0,0.0,0.9375,applicable
cholera,NFGA-Core,True,99,injected_10pct,5.0,885.6474988042605,585.3491577275637,40.50969122847658,84,results/stage6_nfga/predictions/cholera_nfga-core_seed_99_injected_10pct.csv,6,0,76,2,8,6,1.0,0.75,0.8571428571428571,1.0,0.0,0.875,applicable
cholera,NFGA-Core,True,110,proxy_robust_z,2.0,705.4684941582425,585.3491577275637,40.50969122847658,84,results/stage6_nfga/predictions/cholera_nfga-core_seed_110_proxy_robust_z.csv,0,2,82,0,0,2,,,,0.9761904761904762,0.023809523809523808,,not_applicable_no_positive_reference
cholera,NFGA-Core,True,110,proxy_robust_z,2.5,735.4983282659122,585.3491577275637,40.50969122847658,84,results/stage6_nfga/predictions/cholera_nfga-core_seed_110_proxy_robust_z.csv,0,2,82,0,0,2,,,,0.9761904761904762,0.023809523809523808,,not_applicable_no_positive_reference
cholera,NFGA-Core,True,110,proxy_robust_z,3.0,765.5281623735818,585.3491577275637,40.50969122847658,84,results/stage6_nfga/predictions/cholera_nfga-core_seed_110_proxy_robust_z.csv,0,2,82,0,0,2,,,,0.9761904761904762,0.023809523809523808,,not_applicable_no_positive_reference
cholera,NFGA-Core,True,110,proxy_robust_z,3.5,795.5579964812515,585.3491577275637,40.50969122847658,84,results/stage6_nfga/predictions/cholera_nfga-core_seed_110_proxy_robust_z.csv,0,2,82,0,0,2,,,,0.9761904761904762,0.023809523809523808,,not_applicable_no_positive_reference
cholera,NFGA-Core,True,110,proxy_robust_z,4.0,825.5878305889212,585.3491577275637,40.50969122847658,84,results/stage6_nfga/predictions/cholera_nfga-core_seed_110_proxy_robust_z.csv,0,1,83,0,0,1,,,,0.9880952380952381,0.011904761904761904,,not_applicable_no_positive_reference
cholera,NFGA-Core,True,110,proxy_robust_z,4.5,855.617664696591,585.3491577275637,40.50969122847658,84,results/stage6_nfga/predictions/cholera_nfga-core_seed_110_proxy_robust_z.csv,0,0,84,0,0,0,,,,1.0,0.0,,not_applicable_no_positive_reference
cholera,NFGA-Core,True,110,proxy_robust_z,5.0,885.6474988042605,585.3491577275637,40.50969122847658,84,results/stage6_nfga/predictions/cholera_nfga-core_seed_110_proxy_robust_z.csv,0,0,84,0,0,0,,,,1.0,0.0,,not_applicable_no_positive_reference
cholera,NFGA-Core,True,11,proxy_robust_z,2.0,705.4684941582425,585.3491577275637,40.50969122847658,84,results/stage6_nfga/predictions/cholera_nfga-core_seed_11_proxy_robust_z.csv,0,0,84,0,0,0,,,,1.0,0.0,,not_applicable_no_positive_reference
cholera,NFGA-Core,True,11,proxy_robust_z,2.5,735.4983282659122,585.3491577275637,40.50969122847658,84,results/stage6_nfga/predictions/cholera_nfga-core_seed_11_proxy_robust_z.csv,0,0,84,0,0,0,,,,1.0,0.0,,not_applicable_no_positive_reference
cholera,NFGA-Core,True,11,proxy_robust_z,3.0,765.5281623735818,585.3491577275637,40.50969122847658,84,results/stage6_nfga/predictions/cholera_nfga-core_seed_11_proxy_robust_z.csv,0,0,84,0,0,0,,,,1.0,0.0,,not_applicable_no_positive_reference
cholera,NFGA-Core,True,11,proxy_robust_z,3.5,795.5579964812515,585.3491577275637,40.50969122847658,84,results/stage6_nfga/predictions/cholera_nfga-core_seed_11_proxy_robust_z.csv,0,0,84,0,0,0,,,,1.0,0.0,,not_applicable_no_positive_reference
cholera,NFGA-Core,True,11,proxy_robust_z,4.0,825.5878305889212,585.3491577275637,40.50969122847658,84,results/stage6_nfga/predictions/cholera_nfga-core_seed_11_proxy_robust_z.csv,0,0,84,0,0,0,,,,1.0,0.0,,not_applicable_no_positive_reference
cholera,NFGA-Core,True,11,proxy_robust_z,4.5,855.617664696591,585.3491577275637,40.50969122847658,84,results/stage6_nfga/predictions/cholera_nfga-core_seed_11_proxy_robust_z.csv,0,0,84,0,0,0,,,,1.0,0.0,,not_applicable_no_positive_reference
cholera,NFGA-Core,True,11,proxy_robust_z,5.0,885.6474988042605,585.3491577275637,40.50969122847658,84,results/stage6_nfga/predictions/cholera_nfga-core_seed_11_proxy_robust_z.csv,0,0,84,0,0,0,,,,1.0,0.0,,not_applicable_no_positive_reference
cholera,NFGA-Core,True,22,proxy_robust_z,2.0,705.4684941582425,585.3491577275637,40.50969122847658,84,results/stage6_nfga/predictions/cholera_nfga-core_seed_22_proxy_robust_z.csv,0,30,54,0,0,30,,,,0.6428571428571429,0.35714285714285715,,not_applicable_no_positive_reference
cholera,NFGA-Core,True,22,proxy_robust_z,2.5,735.4983282659122,585.3491577275637,40.50969122847658,84,results/stage6_nfga/predictions/cholera_nfga-core_seed_22_proxy_robust_z.csv,0,25,59,0,0,25,,,,0.7023809523809523,0.2976190476190476,,not_applicable_no_positive_reference
cholera,NFGA-Core,True,22,proxy_robust_z,3.0,765.5281623735818,585.3491577275637,40.50969122847658,84,results/stage6_nfga/predictions/cholera_nfga-core_seed_22_proxy_robust_z.csv,0,18,66,0,0,18,,,,0.7857142857142857,0.21428571428571427,,not_applicable_no_positive_reference
cholera,NFGA-Core,True,22,proxy_robust_z,3.5,795.5579964812515,585.3491577275637,40.50969122847658,84,results/stage6_nfga/predictions/cholera_nfga-core_seed_22_proxy_robust_z.csv,0,14,70,0,0,14,,,,0.8333333333333334,0.16666666666666666,,not_applicable_no_positive_reference
cholera,NFGA-Core,True,22,proxy_robust_z,4.0,825.5878305889212,585.3491577275637,40.50969122847658,84,results/stage6_nfga/predictions/cholera_nfga-core_seed_22_proxy_robust_z.csv,0,9,75,0,0,9,,,,0.8928571428571429,0.10714285714285714,,not_applicable_no_positive_reference
cholera,NFGA-Core,True,22,proxy_robust_z,4.5,855.617664696591,585.3491577275637,40.50969122847658,84,results/stage6_nfga/predictions/cholera_nfga-core_seed_22_proxy_robust_z.csv,0,8,76,0,0,8,,,,0.9047619047619048,0.09523809523809523,,not_applicable_no_positive_reference
cholera,NFGA-Core,True,22,proxy_robust_z,5.0,885.6474988042605,585.3491577275637,40.50969122847658,84,results/stage6_nfga/predictions/cholera_nfga-core_seed_22_proxy_robust_z.csv,0,6,78,0,0,6,,,,0.9285714285714286,0.07142857142857142,,not_applicable_no_positive_reference
cholera,NFGA-Core,True,33,proxy_robust_z,2.0,705.4684941582425,585.3491577275637,40.50969122847658,84,results/stage6_nfga/predictions/cholera_nfga-core_seed_33_proxy_robust_z.csv,0,33,51,0,0,33,,,,0.6071428571428571,0.39285714285714285,,not_applicable_no_positive_reference
cholera,NFGA-Core,True,33,proxy_robust_z,2.5,735.4983282659122,585.3491577275637,40.50969122847658,84,results/stage6_nfga/predictions/cholera_nfga-core_seed_33_proxy_robust_z.csv,0,30,54,0,0,30,,,,0.6428571428571429,0.35714285714285715,,not_applicable_no_positive_reference
cholera,NFGA-Core,True,33,proxy_robust_z,3.0,765.5281623735818,585.3491577275637,40.50969122847658,84,results/stage6_nfga/predictions/cholera_nfga-core_seed_33_proxy_robust_z.csv,0,24,60,0,0,24,,,,0.7142857142857143,0.2857142857142857,,not_applicable_no_positive_reference
cholera,NFGA-Core,True,33,proxy_robust_z,3.5,795.5579964812515,585.3491577275637,40.50969122847658,84,results/stage6_nfga/predictions/cholera_nfga-core_seed_33_proxy_robust_z.csv,0,14,70,0,0,14,,,,0.8333333333333334,0.16666666666666666,,not_applicable_no_positive_reference
cholera,NFGA-Core,True,33,proxy_robust_z,4.0,825.5878305889212,585.3491577275637,40.50969122847658,84,results/stage6_nfga/predictions/cholera_nfga-core_seed_33_proxy_robust_z.csv,0,11,73,0,0,11,,,,0.8690476190476191,0.13095238095238096,,not_applicable_no_positive_reference
cholera,NFGA-Core,True,33,proxy_robust_z,4.5,855.617664696591,585.3491577275637,40.50969122847658,84,results/stage6_nfga/predictions/cholera_nfga-core_seed_33_proxy_robust_z.csv,0,8,76,0,0,8,,,,0.9047619047619048,0.09523809523809523,,not_applicable_no_positive_reference
cholera,NFGA-Core,True,33,proxy_robust_z,5.0,885.6474988042605,585.3491577275637,40.50969122847658,84,results/stage6_nfga/predictions/cholera_nfga-core_seed_33_proxy_robust_z.csv,0,6,78,0,0,6,,,,0.9285714285714286,0.07142857142857142,,not_applicable_no_positive_reference
cholera,NFGA-Core,True,44,proxy_robust_z,2.0,705.4684941582425,585.3491577275637,40.50969122847658,84,results/stage6_nfga/predictions/cholera_nfga-core_seed_44_proxy_robust_z.csv,0,3,81,0,0,3,,,,0.9642857142857143,0.03571428571428571,,not_applicable_no_positive_reference
cholera,NFGA-Core,True,44,proxy_robust_z,2.5,735.4983282659122,585.3491577275637,40.50969122847658,84,results/stage6_nfga/predictions/cholera_nfga-core_seed_44_proxy_robust_z.csv,0,3,81,0,0,3,,,,0.9642857142857143,0.03571428571428571,,not_applicable_no_positive_reference
cholera,NFGA-Core,True,44,proxy_robust_z,3.0,765.5281623735818,585.3491577275637,40.50969122847658,84,results/stage6_nfga/predictions/cholera_nfga-core_seed_44_proxy_robust_z.csv,0,3,81,0,0,3,,,,0.9642857142857143,0.03571428571428571,,not_applicable_no_positive_reference
cholera,NFGA-Core,True,44,proxy_robust_z,3.5,795.5579964812515,585.3491577275637,40.50969122847658,84,results/stage6_nfga/predictions/cholera_nfga-core_seed_44_proxy_robust_z.csv,0,2,82,0,0,2,,,,0.9761904761904762,0.023809523809523808,,not_applicable_no_positive_reference
cholera,NFGA-Core,True,44,proxy_robust_z,4.0,825.5878305889212,585.3491577275637,40.50969122847658,84,results/stage6_nfga/predictions/cholera_nfga-core_seed_44_proxy_robust_z.csv,0,2,82,0,0,2,,,,0.9761904761904762,0.023809523809523808,,not_applicable_no_positive_reference
cholera,NFGA-Core,True,44,proxy_robust_z,4.5,855.617664696591,585.3491577275637,40.50969122847658,84,results/stage6_nfga/predictions/cholera_nfga-core_seed_44_proxy_robust_z.csv,0,2,82,0,0,2,,,,0.9761904761904762,0.023809523809523808,,not_applicable_no_positive_reference
cholera,NFGA-Core,True,44,proxy_robust_z,5.0,885.6474988042605,585.3491577275637,40.50969122847658,84,results/stage6_nfga/predictions/cholera_nfga-core_seed_44_proxy_robust_z.csv,0,2,82,0,0,2,,,,0.9761904761904762,0.023809523809523808,,not_applicable_no_positive_reference
cholera,NFGA-Core,True,55,proxy_robust_z,2.0,705.4684941582425,585.3491577275637,40.50969122847658,84,results/stage6_nfga/predictions/cholera_nfga-core_seed_55_proxy_robust_z.csv,0,2,82,0,0,2,,,,0.9761904761904762,0.023809523809523808,,not_applicable_no_positive_reference
cholera,NFGA-Core,True,55,proxy_robust_z,2.5,735.4983282659122,585.3491577275637,40.50969122847658,84,results/stage6_nfga/predictions/cholera_nfga-core_seed_55_proxy_robust_z.csv,0,2,82,0,0,2,,,,0.9761904761904762,0.023809523809523808,,not_applicable_no_positive_reference
cholera,NFGA-Core,True,55,proxy_robust_z,3.0,765.5281623735818,585.3491577275637,40.50969122847658,84,results/stage6_nfga/predictions/cholera_nfga-core_seed_55_proxy_robust_z.csv,0,0,84,0,0,0,,,,1.0,0.0,,not_applicable_no_positive_reference
cholera,NFGA-Core,True,55,proxy_robust_z,3.5,795.5579964812515,585.3491577275637,40.50969122847658,84,results/stage6_nfga/predictions/cholera_nfga-core_seed_55_proxy_robust_z.csv,0,0,84,0,0,0,,,,1.0,0.0,,not_applicable_no_positive_reference
cholera,NFGA-Core,True,55,proxy_robust_z,4.0,825.5878305889212,585.3491577275637,40.50969122847658,84,results/stage6_nfga/predictions/cholera_nfga-core_seed_55_proxy_robust_z.csv,0,0,84,0,0,0,,,,1.0,0.0,,not_applicable_no_positive_reference
cholera,NFGA-Core,True,55,proxy_robust_z,4.5,855.617664696591,585.3491577275637,40.50969122847658,84,results/stage6_nfga/predictions/cholera_nfga-core_seed_55_proxy_robust_z.csv,0,0,84,0,0,0,,,,1.0,0.0,,not_applicable_no_positive_reference
cholera,NFGA-Core,True,55,proxy_robust_z,5.0,885.6474988042605,585.3491577275637,40.50969122847658,84,results/stage6_nfga/predictions/cholera_nfga-core_seed_55_proxy_robust_z.csv,0,0,84,0,0,0,,,,1.0,0.0,,not_applicable_no_positive_reference
cholera,NFGA-Core,True,66,proxy_robust_z,2.0,705.4684941582425,585.3491577275637,40.50969122847658,84,results/stage6_nfga/predictions/cholera_nfga-core_seed_66_proxy_robust_z.csv,0,3,81,0,0,3,,,,0.9642857142857143,0.03571428571428571,,not_applicable_no_positive_reference
cholera,NFGA-Core,True,66,proxy_robust_z,2.5,735.4983282659122,585.3491577275637,40.50969122847658,84,results/stage6_nfga/predictions/cholera_nfga-core_seed_66_proxy_robust_z.csv,0,3,81,0,0,3,,,,0.9642857142857143,0.03571428571428571,,not_applicable_no_positive_reference
cholera,NFGA-Core,True,66,proxy_robust_z,3.0,765.5281623735818,585.3491577275637,40.50969122847658,84,results/stage6_nfga/predictions/cholera_nfga-core_seed_66_proxy_robust_z.csv,0,3,81,0,0,3,,,,0.9642857142857143,0.03571428571428571,,not_applicable_no_positive_reference
cholera,NFGA-Core,True,66,proxy_robust_z,3.5,795.5579964812515,585.3491577275637,40.50969122847658,84,results/stage6_nfga/predictions/cholera_nfga-core_seed_66_proxy_robust_z.csv,0,3,81,0,0,3,,,,0.9642857142857143,0.03571428571428571,,not_applicable_no_positive_reference
cholera,NFGA-Core,True,66,proxy_robust_z,4.0,825.5878305889212,585.3491577275637,40.50969122847658,84,results/stage6_nfga/predictions/cholera_nfga-core_seed_66_proxy_robust_z.csv,0,2,82,0,0,2,,,,0.9761904761904762,0.023809523809523808,,not_applicable_no_positive_reference
cholera,NFGA-Core,True,66,proxy_robust_z,4.5,855.617664696591,585.3491577275637,40.50969122847658,84,results/stage6_nfga/predictions/cholera_nfga-core_seed_66_proxy_robust_z.csv,0,2,82,0,0,2,,,,0.9761904761904762,0.023809523809523808,,not_applicable_no_positive_reference
cholera,NFGA-Core,True,66,proxy_robust_z,5.0,885.6474988042605,585.3491577275637,40.50969122847658,84,results/stage6_nfga/predictions/cholera_nfga-core_seed_66_proxy_robust_z.csv,0,2,82,0,0,2,,,,0.9761904761904762,0.023809523809523808,,not_applicable_no_positive_reference
cholera,NFGA-Core,True,77,proxy_robust_z,2.0,705.4684941582425,585.3491577275637,40.50969122847658,84,results/stage6_nfga/predictions/cholera_nfga-core_seed_77_proxy_robust_z.csv,0,3,81,0,0,3,,,,0.9642857142857143,0.03571428571428571,,not_applicable_no_positive_reference
cholera,NFGA-Core,True,77,proxy_robust_z,2.5,735.4983282659122,585.3491577275637,40.50969122847658,84,results/stage6_nfga/predictions/cholera_nfga-core_seed_77_proxy_robust_z.csv,0,2,82,0,0,2,,,,0.9761904761904762,0.023809523809523808,,not_applicable_no_positive_reference
cholera,NFGA-Core,True,77,proxy_robust_z,3.0,765.5281623735818,585.3491577275637,40.50969122847658,84,results/stage6_nfga/predictions/cholera_nfga-core_seed_77_proxy_robust_z.csv,0,2,82,0,0,2,,,,0.9761904761904762,0.023809523809523808,,not_applicable_no_positive_reference
cholera,NFGA-Core,True,77,proxy_robust_z,3.5,795.5579964812515,585.3491577275637,40.50969122847658,84,results/stage6_nfga/predictions/cholera_nfga-core_seed_77_proxy_robust_z.csv,0,2,82,0,0,2,,,,0.9761904761904762,0.023809523809523808,,not_applicable_no_positive_reference
cholera,NFGA-Core,True,77,proxy_robust_z,4.0,825.5878305889212,585.3491577275637,40.50969122847658,84,results/stage6_nfga/predictions/cholera_nfga-core_seed_77_proxy_robust_z.csv,0,1,83,0,0,1,,,,0.9880952380952381,0.011904761904761904,,not_applicable_no_positive_reference
cholera,NFGA-Core,True,77,proxy_robust_z,4.5,855.617664696591,585.3491577275637,40.50969122847658,84,results/stage6_nfga/predictions/cholera_nfga-core_seed_77_proxy_robust_z.csv,0,0,84,0,0,0,,,,1.0,0.0,,not_applicable_no_positive_reference
cholera,NFGA-Core,True,77,proxy_robust_z,5.0,885.6474988042605,585.3491577275637,40.50969122847658,84,results/stage6_nfga/predictions/cholera_nfga-core_seed_77_proxy_robust_z.csv,0,0,84,0,0,0,,,,1.0,0.0,,not_applicable_no_positive_reference
cholera,NFGA-Core,True,88,proxy_robust_z,2.0,705.4684941582425,585.3491577275637,40.50969122847658,84,results/stage6_nfga/predictions/cholera_nfga-core_seed_88_proxy_robust_z.csv,0,40,44,0,0,40,,,,0.5238095238095238,0.47619047619047616,,not_applicable_no_positive_reference
cholera,NFGA-Core,True,88,proxy_robust_z,2.5,735.4983282659122,585.3491577275637,40.50969122847658,84,results/stage6_nfga/predictions/cholera_nfga-core_seed_88_proxy_robust_z.csv,0,40,44,0,0,40,,,,0.5238095238095238,0.47619047619047616,,not_applicable_no_positive_reference
cholera,NFGA-Core,True,88,proxy_robust_z,3.0,765.5281623735818,585.3491577275637,40.50969122847658,84,results/stage6_nfga/predictions/cholera_nfga-core_seed_88_proxy_robust_z.csv,0,40,44,0,0,40,,,,0.5238095238095238,0.47619047619047616,,not_applicable_no_positive_reference
cholera,NFGA-Core,True,88,proxy_robust_z,3.5,795.5579964812515,585.3491577275637,40.50969122847658,84,results/stage6_nfga/predictions/cholera_nfga-core_seed_88_proxy_robust_z.csv,0,36,48,0,0,36,,,,0.5714285714285714,0.42857142857142855,,not_applicable_no_positive_reference
cholera,NFGA-Core,True,88,proxy_robust_z,4.0,825.5878305889212,585.3491577275637,40.50969122847658,84,results/stage6_nfga/predictions/cholera_nfga-core_seed_88_proxy_robust_z.csv,0,35,49,0,0,35,,,,0.5833333333333334,0.4166666666666667,,not_applicable_no_positive_reference
cholera,NFGA-Core,True,88,proxy_robust_z,4.5,855.617664696591,585.3491577275637,40.50969122847658,84,results/stage6_nfga/predictions/cholera_nfga-core_seed_88_proxy_robust_z.csv,0,31,53,0,0,31,,,,0.6309523809523809,0.36904761904761907,,not_applicable_no_positive_reference
cholera,NFGA-Core,True,88,proxy_robust_z,5.0,885.6474988042605,585.3491577275637,40.50969122847658,84,results/stage6_nfga/predictions/cholera_nfga-core_seed_88_proxy_robust_z.csv,0,29,55,0,0,29,,,,0.6547619047619048,0.34523809523809523,,not_applicable_no_positive_reference
cholera,NFGA-Core,True,99,proxy_robust_z,2.0,705.4684941582425,585.3491577275637,40.50969122847658,84,results/stage6_nfga/predictions/cholera_nfga-core_seed_99_proxy_robust_z.csv,0,39,45,0,0,39,,,,0.5357142857142857,0.4642857142857143,,not_applicable_no_positive_reference
cholera,NFGA-Core,True,99,proxy_robust_z,2.5,735.4983282659122,585.3491577275637,40.50969122847658,84,results/stage6_nfga/predictions/cholera_nfga-core_seed_99_proxy_robust_z.csv,0,31,53,0,0,31,,,,0.6309523809523809,0.36904761904761907,,not_applicable_no_positive_reference
cholera,NFGA-Core,True,99,proxy_robust_z,3.0,765.5281623735818,585.3491577275637,40.50969122847658,84,results/stage6_nfga/predictions/cholera_nfga-core_seed_99_proxy_robust_z.csv,0,23,61,0,0,23,,,,0.7261904761904762,0.27380952380952384,,not_applicable_no_positive_reference
cholera,NFGA-Core,True,99,proxy_robust_z,3.5,795.5579964812515,585.3491577275637,40.50969122847658,84,results/stage6_nfga/predictions/cholera_nfga-core_seed_99_proxy_robust_z.csv,0,2,82,0,0,2,,,,0.9761904761904762,0.023809523809523808,,not_applicable_no_positive_reference
cholera,NFGA-Core,True,99,proxy_robust_z,4.0,825.5878305889212,585.3491577275637,40.50969122847658,84,results/stage6_nfga/predictions/cholera_nfga-core_seed_99_proxy_robust_z.csv,0,0,84,0,0,0,,,,1.0,0.0,,not_applicable_no_positive_reference
cholera,NFGA-Core,True,99,proxy_robust_z,4.5,855.617664696591,585.3491577275637,40.50969122847658,84,results/stage6_nfga/predictions/cholera_nfga-core_seed_99_proxy_robust_z.csv,0,0,84,0,0,0,,,,1.0,0.0,,not_applicable_no_positive_reference
cholera,NFGA-Core,True,99,proxy_robust_z,5.0,885.6474988042605,585.3491577275637,40.50969122847658,84,results/stage6_nfga/predictions/cholera_nfga-core_seed_99_proxy_robust_z.csv,0,0,84,0,0,0,,,,1.0,0.0,,not_applicable_no_positive_reference
cholera,NFGA-LINEAR,True,110,injected_5pct,2.0,348.7255867548215,253.90151133665037,31.97898132273409,84,results/stage6_nfga/predictions/cholera_nfga-linear_seed_110_injected_5pct.csv,4,5,75,0,4,9,0.4444444444444444,1.0,0.6153846153846154,0.9375,0.0625,0.96875,applicable
cholera,NFGA-LINEAR,True,110,injected_5pct,2.5,372.4316056093643,253.90151133665037,31.97898132273409,84,results/stage6_nfga/predictions/cholera_nfga-linear_seed_110_injected_5pct.csv,4,4,76,0,4,8,0.5,1.0,0.6666666666666666,0.95,0.05,0.975,applicable
cholera,NFGA-LINEAR,True,110,injected_5pct,3.0,396.13762446390706,253.90151133665037,31.97898132273409,84,results/stage6_nfga/predictions/cholera_nfga-linear_seed_110_injected_5pct.csv,4,4,76,0,4,8,0.5,1.0,0.6666666666666666,0.95,0.05,0.975,applicable
cholera,NFGA-LINEAR,True,110,injected_5pct,3.5,419.84364331844984,253.90151133665037,31.97898132273409,84,results/stage6_nfga/predictions/cholera_nfga-linear_seed_110_injected_5pct.csv,4,4,76,0,4,8,0.5,1.0,0.6666666666666666,0.95,0.05,0.975,applicable
cholera,NFGA-LINEAR,True,110,injected_5pct,4.0,443.5496621729926,253.90151133665037,31.97898132273409,84,results/stage6_nfga/predictions/cholera_nfga-linear_seed_110_injected_5pct.csv,4,4,76,0,4,8,0.5,1.0,0.6666666666666666,0.95,0.05,0.975,applicable
cholera,NFGA-LINEAR,True,110,injected_5pct,4.5,467.2556810275354,253.90151133665037,31.97898132273409,84,results/stage6_nfga/predictions/cholera_nfga-linear_seed_110_injected_5pct.csv,4,4,76,0,4,8,0.5,1.0,0.6666666666666666,0.95,0.05,0.975,applicable
cholera,NFGA-LINEAR,True,110,injected_5pct,5.0,490.96169988207816,253.90151133665037,31.97898132273409,84,results/stage6_nfga/predictions/cholera_nfga-linear_seed_110_injected_5pct.csv,4,4,76,0,4,8,0.5,1.0,0.6666666666666666,0.95,0.05,0.975,applicable
cholera,NFGA-LINEAR,True,11,injected_5pct,2.0,348.7255867548215,253.90151133665037,31.97898132273409,84,results/stage6_nfga/predictions/cholera_nfga-linear_seed_11_injected_5pct.csv,4,6,74,0,4,10,0.4,1.0,0.5714285714285714,0.925,0.075,0.9625,applicable
cholera,NFGA-LINEAR,True,11,injected_5pct,2.5,372.4316056093643,253.90151133665037,31.97898132273409,84,results/stage6_nfga/predictions/cholera_nfga-linear_seed_11_injected_5pct.csv,4,6,74,0,4,10,0.4,1.0,0.5714285714285714,0.925,0.075,0.9625,applicable
cholera,NFGA-LINEAR,True,11,injected_5pct,3.0,396.13762446390706,253.90151133665037,31.97898132273409,84,results/stage6_nfga/predictions/cholera_nfga-linear_seed_11_injected_5pct.csv,4,6,74,0,4,10,0.4,1.0,0.5714285714285714,0.925,0.075,0.9625,applicable
cholera,NFGA-LINEAR,True,11,injected_5pct,3.5,419.84364331844984,253.90151133665037,31.97898132273409,84,results/stage6_nfga/predictions/cholera_nfga-linear_seed_11_injected_5pct.csv,4,6,74,0,4,10,0.4,1.0,0.5714285714285714,0.925,0.075,0.9625,applicable
cholera,NFGA-LINEAR,True,11,injected_5pct,4.0,443.5496621729926,253.90151133665037,31.97898132273409,84,results/stage6_nfga/predictions/cholera_nfga-linear_seed_11_injected_5pct.csv,4,6,74,0,4,10,0.4,1.0,0.5714285714285714,0.925,0.075,0.9625,applicable
cholera,NFGA-LINEAR,True,11,injected_5pct,4.5,467.2556810275354,253.90151133665037,31.97898132273409,84,results/stage6_nfga/predictions/cholera_nfga-linear_seed_11_injected_5pct.csv,4,5,75,0,4,9,0.4444444444444444,1.0,0.6153846153846154,0.9375,0.0625,0.96875,applicable
cholera,NFGA-LINEAR,True,11,injected_5pct,5.0,490.96169988207816,253.90151133665037,31.97898132273409,84,results/stage6_nfga/predictions/cholera_nfga-linear_seed_11_injected_5pct.csv,4,5,75,0,4,9,0.4444444444444444,1.0,0.6153846153846154,0.9375,0.0625,0.96875,applicable
cholera,NFGA-LINEAR,True,22,injected_5pct,2.0,348.7255867548215,253.90151133665037,31.97898132273409,84,results/stage6_nfga/predictions/cholera_nfga-linear_seed_22_injected_5pct.csv,4,6,74,0,4,10,0.4,1.0,0.5714285714285714,0.925,0.075,0.9625,applicable
cholera,NFGA-LINEAR,True,22,injected_5pct,2.5,372.4316056093643,253.90151133665037,31.97898132273409,84,results/stage6_nfga/predictions/cholera_nfga-linear_seed_22_injected_5pct.csv,4,6,74,0,4,10,0.4,1.0,0.5714285714285714,0.925,0.075,0.9625,applicable
cholera,NFGA-LINEAR,True,22,injected_5pct,3.0,396.13762446390706,253.90151133665037,31.97898132273409,84,results/stage6_nfga/predictions/cholera_nfga-linear_seed_22_injected_5pct.csv,4,6,74,0,4,10,0.4,1.0,0.5714285714285714,0.925,0.075,0.9625,applicable
cholera,NFGA-LINEAR,True,22,injected_5pct,3.5,419.84364331844984,253.90151133665037,31.97898132273409,84,results/stage6_nfga/predictions/cholera_nfga-linear_seed_22_injected_5pct.csv,4,5,75,0,4,9,0.4444444444444444,1.0,0.6153846153846154,0.9375,0.0625,0.96875,applicable
cholera,NFGA-LINEAR,True,22,injected_5pct,4.0,443.5496621729926,253.90151133665037,31.97898132273409,84,results/stage6_nfga/predictions/cholera_nfga-linear_seed_22_injected_5pct.csv,4,5,75,0,4,9,0.4444444444444444,1.0,0.6153846153846154,0.9375,0.0625,0.96875,applicable
cholera,NFGA-LINEAR,True,22,injected_5pct,4.5,467.2556810275354,253.90151133665037,31.97898132273409,84,results/stage6_nfga/predictions/cholera_nfga-linear_seed_22_injected_5pct.csv,4,4,76,0,4,8,0.5,1.0,0.6666666666666666,0.95,0.05,0.975,applicable
cholera,NFGA-LINEAR,True,22,injected_5pct,5.0,490.96169988207816,253.90151133665037,31.97898132273409,84,results/stage6_nfga/predictions/cholera_nfga-linear_seed_22_injected_5pct.csv,4,4,76,0,4,8,0.5,1.0,0.6666666666666666,0.95,0.05,0.975,applicable
cholera,NFGA-LINEAR,True,33,injected_5pct,2.0,348.7255867548215,253.90151133665037,31.97898132273409,84,results/stage6_nfga/predictions/cholera_nfga-linear_seed_33_injected_5pct.csv,4,6,74,0,4,10,0.4,1.0,0.5714285714285714,0.925,0.075,0.9625,applicable
cholera,NFGA-LINEAR,True,33,injected_5pct,2.5,372.4316056093643,253.90151133665037,31.97898132273409,84,results/stage6_nfga/predictions/cholera_nfga-linear_seed_33_injected_5pct.csv,4,6,74,0,4,10,0.4,1.0,0.5714285714285714,0.925,0.075,0.9625,applicable
cholera,NFGA-LINEAR,True,33,injected_5pct,3.0,396.13762446390706,253.90151133665037,31.97898132273409,84,results/stage6_nfga/predictions/cholera_nfga-linear_seed_33_injected_5pct.csv,4,6,74,0,4,10,0.4,1.0,0.5714285714285714,0.925,0.075,0.9625,applicable
cholera,NFGA-LINEAR,True,33,injected_5pct,3.5,419.84364331844984,253.90151133665037,31.97898132273409,84,results/stage6_nfga/predictions/cholera_nfga-linear_seed_33_injected_5pct.csv,4,4,76,0,4,8,0.5,1.0,0.6666666666666666,0.95,0.05,0.975,applicable
cholera,NFGA-LINEAR,True,33,injected_5pct,4.0,443.5496621729926,253.90151133665037,31.97898132273409,84,results/stage6_nfga/predictions/cholera_nfga-linear_seed_33_injected_5pct.csv,4,4,76,0,4,8,0.5,1.0,0.6666666666666666,0.95,0.05,0.975,applicable
cholera,NFGA-LINEAR,True,33,injected_5pct,4.5,467.2556810275354,253.90151133665037,31.97898132273409,84,results/stage6_nfga/predictions/cholera_nfga-linear_seed_33_injected_5pct.csv,4,4,76,0,4,8,0.5,1.0,0.6666666666666666,0.95,0.05,0.975,applicable
cholera,NFGA-LINEAR,True,33,injected_5pct,5.0,490.96169988207816,253.90151133665037,31.97898132273409,84,results/stage6_nfga/predictions/cholera_nfga-linear_seed_33_injected_5pct.csv,4,4,76,0,4,8,0.5,1.0,0.6666666666666666,0.95,0.05,0.975,applicable
cholera,NFGA-LINEAR,True,44,injected_5pct,2.0,348.7255867548215,253.90151133665037,31.97898132273409,84,results/stage6_nfga/predictions/cholera_nfga-linear_seed_44_injected_5pct.csv,4,5,75,0,4,9,0.4444444444444444,1.0,0.6153846153846154,0.9375,0.0625,0.96875,applicable
cholera,NFGA-LINEAR,True,44,injected_5pct,2.5,372.4316056093643,253.90151133665037,31.97898132273409,84,results/stage6_nfga/predictions/cholera_nfga-linear_seed_44_injected_5pct.csv,4,4,76,0,4,8,0.5,1.0,0.6666666666666666,0.95,0.05,0.975,applicable
cholera,NFGA-LINEAR,True,44,injected_5pct,3.0,396.13762446390706,253.90151133665037,31.97898132273409,84,results/stage6_nfga/predictions/cholera_nfga-linear_seed_44_injected_5pct.csv,4,4,76,0,4,8,0.5,1.0,0.6666666666666666,0.95,0.05,0.975,applicable
cholera,NFGA-LINEAR,True,44,injected_5pct,3.5,419.84364331844984,253.90151133665037,31.97898132273409,84,results/stage6_nfga/predictions/cholera_nfga-linear_seed_44_injected_5pct.csv,4,4,76,0,4,8,0.5,1.0,0.6666666666666666,0.95,0.05,0.975,applicable
cholera,NFGA-LINEAR,True,44,injected_5pct,4.0,443.5496621729926,253.90151133665037,31.97898132273409,84,results/stage6_nfga/predictions/cholera_nfga-linear_seed_44_injected_5pct.csv,4,4,76,0,4,8,0.5,1.0,0.6666666666666666,0.95,0.05,0.975,applicable
cholera,NFGA-LINEAR,True,44,injected_5pct,4.5,467.2556810275354,253.90151133665037,31.97898132273409,84,results/stage6_nfga/predictions/cholera_nfga-linear_seed_44_injected_5pct.csv,4,4,76,0,4,8,0.5,1.0,0.6666666666666666,0.95,0.05,0.975,applicable
cholera,NFGA-LINEAR,True,44,injected_5pct,5.0,490.96169988207816,253.90151133665037,31.97898132273409,84,results/stage6_nfga/predictions/cholera_nfga-linear_seed_44_injected_5pct.csv,4,4,76,0,4,8,0.5,1.0,0.6666666666666666,0.95,0.05,0.975,applicable
cholera,NFGA-LINEAR,True,55,injected_5pct,2.0,348.7255867548215,253.90151133665037,31.97898132273409,84,results/stage6_nfga/predictions/cholera_nfga-linear_seed_55_injected_5pct.csv,4,5,75,0,4,9,0.4444444444444444,1.0,0.6153846153846154,0.9375,0.0625,0.96875,applicable
cholera,NFGA-LINEAR,True,55,injected_5pct,2.5,372.4316056093643,253.90151133665037,31.97898132273409,84,results/stage6_nfga/predictions/cholera_nfga-linear_seed_55_injected_5pct.csv,4,4,76,0,4,8,0.5,1.0,0.6666666666666666,0.95,0.05,0.975,applicable
cholera,NFGA-LINEAR,True,55,injected_5pct,3.0,396.13762446390706,253.90151133665037,31.97898132273409,84,results/stage6_nfga/predictions/cholera_nfga-linear_seed_55_injected_5pct.csv,4,4,76,0,4,8,0.5,1.0,0.6666666666666666,0.95,0.05,0.975,applicable
cholera,NFGA-LINEAR,True,55,injected_5pct,3.5,419.84364331844984,253.90151133665037,31.97898132273409,84,results/stage6_nfga/predictions/cholera_nfga-linear_seed_55_injected_5pct.csv,4,4,76,0,4,8,0.5,1.0,0.6666666666666666,0.95,0.05,0.975,applicable
cholera,NFGA-LINEAR,True,55,injected_5pct,4.0,443.5496621729926,253.90151133665037,31.97898132273409,84,results/stage6_nfga/predictions/cholera_nfga-linear_seed_55_injected_5pct.csv,4,4,76,0,4,8,0.5,1.0,0.6666666666666666,0.95,0.05,0.975,applicable
cholera,NFGA-LINEAR,True,55,injected_5pct,4.5,467.2556810275354,253.90151133665037,31.97898132273409,84,results/stage6_nfga/predictions/cholera_nfga-linear_seed_55_injected_5pct.csv,4,4,76,0,4,8,0.5,1.0,0.6666666666666666,0.95,0.05,0.975,applicable
cholera,NFGA-LINEAR,True,55,injected_5pct,5.0,490.96169988207816,253.90151133665037,31.97898132273409,84,results/stage6_nfga/predictions/cholera_nfga-linear_seed_55_injected_5pct.csv,4,4,76,0,4,8,0.5,1.0,0.6666666666666666,0.95,0.05,0.975,applicable
cholera,NFGA-LINEAR,True,66,injected_5pct,2.0,348.7255867548215,253.90151133665037,31.97898132273409,84,results/stage6_nfga/predictions/cholera_nfga-linear_seed_66_injected_5pct.csv,4,6,74,0,4,10,0.4,1.0,0.5714285714285714,0.925,0.075,0.9625,applicable
cholera,NFGA-LINEAR,True,66,injected_5pct,2.5,372.4316056093643,253.90151133665037,31.97898132273409,84,results/stage6_nfga/predictions/cholera_nfga-linear_seed_66_injected_5pct.csv,4,5,75,0,4,9,0.4444444444444444,1.0,0.6153846153846154,0.9375,0.0625,0.96875,applicable
cholera,NFGA-LINEAR,True,66,injected_5pct,3.0,396.13762446390706,253.90151133665037,31.97898132273409,84,results/stage6_nfga/predictions/cholera_nfga-linear_seed_66_injected_5pct.csv,4,4,76,0,4,8,0.5,1.0,0.6666666666666666,0.95,0.05,0.975,applicable
cholera,NFGA-LINEAR,True,66,injected_5pct,3.5,419.84364331844984,253.90151133665037,31.97898132273409,84,results/stage6_nfga/predictions/cholera_nfga-linear_seed_66_injected_5pct.csv,4,4,76,0,4,8,0.5,1.0,0.6666666666666666,0.95,0.05,0.975,applicable
cholera,NFGA-LINEAR,True,66,injected_5pct,4.0,443.5496621729926,253.90151133665037,31.97898132273409,84,results/stage6_nfga/predictions/cholera_nfga-linear_seed_66_injected_5pct.csv,4,4,76,0,4,8,0.5,1.0,0.6666666666666666,0.95,0.05,0.975,applicable
cholera,NFGA-LINEAR,True,66,injected_5pct,4.5,467.2556810275354,253.90151133665037,31.97898132273409,84,results/stage6_nfga/predictions/cholera_nfga-linear_seed_66_injected_5pct.csv,4,4,76,0,4,8,0.5,1.0,0.6666666666666666,0.95,0.05,0.975,applicable
cholera,NFGA-LINEAR,True,66,injected_5pct,5.0,490.96169988207816,253.90151133665037,31.97898132273409,84,results/stage6_nfga/predictions/cholera_nfga-linear_seed_66_injected_5pct.csv,4,4,76,0,4,8,0.5,1.0,0.6666666666666666,0.95,0.05,0.975,applicable
cholera,NFGA-LINEAR,True,77,injected_5pct,2.0,348.7255867548215,253.90151133665037,31.97898132273409,84,results/stage6_nfga/predictions/cholera_nfga-linear_seed_77_injected_5pct.csv,4,7,73,0,4,11,0.36363636363636365,1.0,0.5333333333333333,0.9125,0.0875,0.95625,applicable
cholera,NFGA-LINEAR,True,77,injected_5pct,2.5,372.4316056093643,253.90151133665037,31.97898132273409,84,results/stage6_nfga/predictions/cholera_nfga-linear_seed_77_injected_5pct.csv,4,7,73,0,4,11,0.36363636363636365,1.0,0.5333333333333333,0.9125,0.0875,0.95625,applicable
cholera,NFGA-LINEAR,True,77,injected_5pct,3.0,396.13762446390706,253.90151133665037,31.97898132273409,84,results/stage6_nfga/predictions/cholera_nfga-linear_seed_77_injected_5pct.csv,4,6,74,0,4,10,0.4,1.0,0.5714285714285714,0.925,0.075,0.9625,applicable
cholera,NFGA-LINEAR,True,77,injected_5pct,3.5,419.84364331844984,253.90151133665037,31.97898132273409,84,results/stage6_nfga/predictions/cholera_nfga-linear_seed_77_injected_5pct.csv,4,6,74,0,4,10,0.4,1.0,0.5714285714285714,0.925,0.075,0.9625,applicable
cholera,NFGA-LINEAR,True,77,injected_5pct,4.0,443.5496621729926,253.90151133665037,31.97898132273409,84,results/stage6_nfga/predictions/cholera_nfga-linear_seed_77_injected_5pct.csv,4,6,74,0,4,10,0.4,1.0,0.5714285714285714,0.925,0.075,0.9625,applicable
cholera,NFGA-LINEAR,True,77,injected_5pct,4.5,467.2556810275354,253.90151133665037,31.97898132273409,84,results/stage6_nfga/predictions/cholera_nfga-linear_seed_77_injected_5pct.csv,4,5,75,0,4,9,0.4444444444444444,1.0,0.6153846153846154,0.9375,0.0625,0.96875,applicable
cholera,NFGA-LINEAR,True,77,injected_5pct,5.0,490.96169988207816,253.90151133665037,31.97898132273409,84,results/stage6_nfga/predictions/cholera_nfga-linear_seed_77_injected_5pct.csv,4,5,75,0,4,9,0.4444444444444444,1.0,0.6153846153846154,0.9375,0.0625,0.96875,applicable
cholera,NFGA-LINEAR,True,88,injected_5pct,2.0,348.7255867548215,253.90151133665037,31.97898132273409,84,results/stage6_nfga/predictions/cholera_nfga-linear_seed_88_injected_5pct.csv,4,7,73,0,4,11,0.36363636363636365,1.0,0.5333333333333333,0.9125,0.0875,0.95625,applicable
cholera,NFGA-LINEAR,True,88,injected_5pct,2.5,372.4316056093643,253.90151133665037,31.97898132273409,84,results/stage6_nfga/predictions/cholera_nfga-linear_seed_88_injected_5pct.csv,4,6,74,0,4,10,0.4,1.0,0.5714285714285714,0.925,0.075,0.9625,applicable
cholera,NFGA-LINEAR,True,88,injected_5pct,3.0,396.13762446390706,253.90151133665037,31.97898132273409,84,results/stage6_nfga/predictions/cholera_nfga-linear_seed_88_injected_5pct.csv,4,6,74,0,4,10,0.4,1.0,0.5714285714285714,0.925,0.075,0.9625,applicable
cholera,NFGA-LINEAR,True,88,injected_5pct,3.5,419.84364331844984,253.90151133665037,31.97898132273409,84,results/stage6_nfga/predictions/cholera_nfga-linear_seed_88_injected_5pct.csv,4,6,74,0,4,10,0.4,1.0,0.5714285714285714,0.925,0.075,0.9625,applicable
cholera,NFGA-LINEAR,True,88,injected_5pct,4.0,443.5496621729926,253.90151133665037,31.97898132273409,84,results/stage6_nfga/predictions/cholera_nfga-linear_seed_88_injected_5pct.csv,4,5,75,0,4,9,0.4444444444444444,1.0,0.6153846153846154,0.9375,0.0625,0.96875,applicable
cholera,NFGA-LINEAR,True,88,injected_5pct,4.5,467.2556810275354,253.90151133665037,31.97898132273409,84,results/stage6_nfga/predictions/cholera_nfga-linear_seed_88_injected_5pct.csv,4,5,75,0,4,9,0.4444444444444444,1.0,0.6153846153846154,0.9375,0.0625,0.96875,applicable
cholera,NFGA-LINEAR,True,88,injected_5pct,5.0,490.96169988207816,253.90151133665037,31.97898132273409,84,results/stage6_nfga/predictions/cholera_nfga-linear_seed_88_injected_5pct.csv,4,4,76,0,4,8,0.5,1.0,0.6666666666666666,0.95,0.05,0.975,applicable
cholera,NFGA-LINEAR,True,99,injected_5pct,2.0,348.7255867548215,253.90151133665037,31.97898132273409,84,results/stage6_nfga/predictions/cholera_nfga-linear_seed_99_injected_5pct.csv,4,6,74,0,4,10,0.4,1.0,0.5714285714285714,0.925,0.075,0.9625,applicable
cholera,NFGA-LINEAR,True,99,injected_5pct,2.5,372.4316056093643,253.90151133665037,31.97898132273409,84,results/stage6_nfga/predictions/cholera_nfga-linear_seed_99_injected_5pct.csv,4,5,75,0,4,9,0.4444444444444444,1.0,0.6153846153846154,0.9375,0.0625,0.96875,applicable
cholera,NFGA-LINEAR,True,99,injected_5pct,3.0,396.13762446390706,253.90151133665037,31.97898132273409,84,results/stage6_nfga/predictions/cholera_nfga-linear_seed_99_injected_5pct.csv,4,5,75,0,4,9,0.4444444444444444,1.0,0.6153846153846154,0.9375,0.0625,0.96875,applicable
cholera,NFGA-LINEAR,True,99,injected_5pct,3.5,419.84364331844984,253.90151133665037,31.97898132273409,84,results/stage6_nfga/predictions/cholera_nfga-linear_seed_99_injected_5pct.csv,4,5,75,0,4,9,0.4444444444444444,1.0,0.6153846153846154,0.9375,0.0625,0.96875,applicable
cholera,NFGA-LINEAR,True,99,injected_5pct,4.0,443.5496621729926,253.90151133665037,31.97898132273409,84,results/stage6_nfga/predictions/cholera_nfga-linear_seed_99_injected_5pct.csv,4,5,75,0,4,9,0.4444444444444444,1.0,0.6153846153846154,0.9375,0.0625,0.96875,applicable
cholera,NFGA-LINEAR,True,99,injected_5pct,4.5,467.2556810275354,253.90151133665037,31.97898132273409,84,results/stage6_nfga/predictions/cholera_nfga-linear_seed_99_injected_5pct.csv,4,5,75,0,4,9,0.4444444444444444,1.0,0.6153846153846154,0.9375,0.0625,0.96875,applicable
cholera,NFGA-LINEAR,True,99,injected_5pct,5.0,490.96169988207816,253.90151133665037,31.97898132273409,84,results/stage6_nfga/predictions/cholera_nfga-linear_seed_99_injected_5pct.csv,4,4,76,0,4,8,0.5,1.0,0.6666666666666666,0.95,0.05,0.975,applicable
cholera,NFGA-LINEAR,True,110,injected_10pct,2.0,348.7255867548215,253.90151133665037,31.97898132273409,84,results/stage6_nfga/predictions/cholera_nfga-linear_seed_110_injected_10pct.csv,4,4,72,4,8,8,0.5,0.5,0.5,0.9473684210526315,0.05263157894736842,0.7236842105263157,applicable
cholera,NFGA-LINEAR,True,110,injected_10pct,2.5,372.4316056093643,253.90151133665037,31.97898132273409,84,results/stage6_nfga/predictions/cholera_nfga-linear_seed_110_injected_10pct.csv,4,3,73,4,8,7,0.5714285714285714,0.5,0.5333333333333333,0.9605263157894737,0.039473684210526314,0.7302631578947368,applicable
cholera,NFGA-LINEAR,True,110,injected_10pct,3.0,396.13762446390706,253.90151133665037,31.97898132273409,84,results/stage6_nfga/predictions/cholera_nfga-linear_seed_110_injected_10pct.csv,4,3,73,4,8,7,0.5714285714285714,0.5,0.5333333333333333,0.9605263157894737,0.039473684210526314,0.7302631578947368,applicable
cholera,NFGA-LINEAR,True,110,injected_10pct,3.5,419.84364331844984,253.90151133665037,31.97898132273409,84,results/stage6_nfga/predictions/cholera_nfga-linear_seed_110_injected_10pct.csv,4,3,73,4,8,7,0.5714285714285714,0.5,0.5333333333333333,0.9605263157894737,0.039473684210526314,0.7302631578947368,applicable
cholera,NFGA-LINEAR,True,110,injected_10pct,4.0,443.5496621729926,253.90151133665037,31.97898132273409,84,results/stage6_nfga/predictions/cholera_nfga-linear_seed_110_injected_10pct.csv,4,3,73,4,8,7,0.5714285714285714,0.5,0.5333333333333333,0.9605263157894737,0.039473684210526314,0.7302631578947368,applicable
cholera,NFGA-LINEAR,True,110,injected_10pct,4.5,467.2556810275354,253.90151133665037,31.97898132273409,84,results/stage6_nfga/predictions/cholera_nfga-linear_seed_110_injected_10pct.csv,4,3,73,4,8,7,0.5714285714285714,0.5,0.5333333333333333,0.9605263157894737,0.039473684210526314,0.7302631578947368,applicable
cholera,NFGA-LINEAR,True,110,injected_10pct,5.0,490.96169988207816,253.90151133665037,31.97898132273409,84,results/stage6_nfga/predictions/cholera_nfga-linear_seed_110_injected_10pct.csv,4,3,73,4,8,7,0.5714285714285714,0.5,0.5333333333333333,0.9605263157894737,0.039473684210526314,0.7302631578947368,applicable
cholera,NFGA-LINEAR,True,11,injected_10pct,2.0,348.7255867548215,253.90151133665037,31.97898132273409,84,results/stage6_nfga/predictions/cholera_nfga-linear_seed_11_injected_10pct.csv,4,5,71,4,8,9,0.4444444444444444,0.5,0.47058823529411764,0.9342105263157895,0.06578947368421052,0.7171052631578947,applicable
cholera,NFGA-LINEAR,True,11,injected_10pct,2.5,372.4316056093643,253.90151133665037,31.97898132273409,84,results/stage6_nfga/predictions/cholera_nfga-linear_seed_11_injected_10pct.csv,4,5,71,4,8,9,0.4444444444444444,0.5,0.47058823529411764,0.9342105263157895,0.06578947368421052,0.7171052631578947,applicable
cholera,NFGA-LINEAR,True,11,injected_10pct,3.0,396.13762446390706,253.90151133665037,31.97898132273409,84,results/stage6_nfga/predictions/cholera_nfga-linear_seed_11_injected_10pct.csv,4,5,71,4,8,9,0.4444444444444444,0.5,0.47058823529411764,0.9342105263157895,0.06578947368421052,0.7171052631578947,applicable
cholera,NFGA-LINEAR,True,11,injected_10pct,3.5,419.84364331844984,253.90151133665037,31.97898132273409,84,results/stage6_nfga/predictions/cholera_nfga-linear_seed_11_injected_10pct.csv,4,5,71,4,8,9,0.4444444444444444,0.5,0.47058823529411764,0.9342105263157895,0.06578947368421052,0.7171052631578947,applicable
cholera,NFGA-LINEAR,True,11,injected_10pct,4.0,443.5496621729926,253.90151133665037,31.97898132273409,84,results/stage6_nfga/predictions/cholera_nfga-linear_seed_11_injected_10pct.csv,4,5,71,4,8,9,0.4444444444444444,0.5,0.47058823529411764,0.9342105263157895,0.06578947368421052,0.7171052631578947,applicable
cholera,NFGA-LINEAR,True,11,injected_10pct,4.5,467.2556810275354,253.90151133665037,31.97898132273409,84,results/stage6_nfga/predictions/cholera_nfga-linear_seed_11_injected_10pct.csv,4,4,72,4,8,8,0.5,0.5,0.5,0.9473684210526315,0.05263157894736842,0.7236842105263157,applicable
cholera,NFGA-LINEAR,True,11,injected_10pct,5.0,490.96169988207816,253.90151133665037,31.97898132273409,84,results/stage6_nfga/predictions/cholera_nfga-linear_seed_11_injected_10pct.csv,4,4,72,4,8,8,0.5,0.5,0.5,0.9473684210526315,0.05263157894736842,0.7236842105263157,applicable
cholera,NFGA-LINEAR,True,22,injected_10pct,2.0,348.7255867548215,253.90151133665037,31.97898132273409,84,results/stage6_nfga/predictions/cholera_nfga-linear_seed_22_injected_10pct.csv,4,5,71,4,8,9,0.4444444444444444,0.5,0.47058823529411764,0.9342105263157895,0.06578947368421052,0.7171052631578947,applicable
cholera,NFGA-LINEAR,True,22,injected_10pct,2.5,372.4316056093643,253.90151133665037,31.97898132273409,84,results/stage6_nfga/predictions/cholera_nfga-linear_seed_22_injected_10pct.csv,4,5,71,4,8,9,0.4444444444444444,0.5,0.47058823529411764,0.9342105263157895,0.06578947368421052,0.7171052631578947,applicable
cholera,NFGA-LINEAR,True,22,injected_10pct,3.0,396.13762446390706,253.90151133665037,31.97898132273409,84,results/stage6_nfga/predictions/cholera_nfga-linear_seed_22_injected_10pct.csv,4,5,71,4,8,9,0.4444444444444444,0.5,0.47058823529411764,0.9342105263157895,0.06578947368421052,0.7171052631578947,applicable
cholera,NFGA-LINEAR,True,22,injected_10pct,3.5,419.84364331844984,253.90151133665037,31.97898132273409,84,results/stage6_nfga/predictions/cholera_nfga-linear_seed_22_injected_10pct.csv,4,4,72,4,8,8,0.5,0.5,0.5,0.9473684210526315,0.05263157894736842,0.7236842105263157,applicable
cholera,NFGA-LINEAR,True,22,injected_10pct,4.0,443.5496621729926,253.90151133665037,31.97898132273409,84,results/stage6_nfga/predictions/cholera_nfga-linear_seed_22_injected_10pct.csv,4,4,72,4,8,8,0.5,0.5,0.5,0.9473684210526315,0.05263157894736842,0.7236842105263157,applicable
cholera,NFGA-LINEAR,True,22,injected_10pct,4.5,467.2556810275354,253.90151133665037,31.97898132273409,84,results/stage6_nfga/predictions/cholera_nfga-linear_seed_22_injected_10pct.csv,4,3,73,4,8,7,0.5714285714285714,0.5,0.5333333333333333,0.9605263157894737,0.039473684210526314,0.7302631578947368,applicable
cholera,NFGA-LINEAR,True,22,injected_10pct,5.0,490.96169988207816,253.90151133665037,31.97898132273409,84,results/stage6_nfga/predictions/cholera_nfga-linear_seed_22_injected_10pct.csv,4,3,73,4,8,7,0.5714285714285714,0.5,0.5333333333333333,0.9605263157894737,0.039473684210526314,0.7302631578947368,applicable
cholera,NFGA-LINEAR,True,33,injected_10pct,2.0,348.7255867548215,253.90151133665037,31.97898132273409,84,results/stage6_nfga/predictions/cholera_nfga-linear_seed_33_injected_10pct.csv,4,5,71,4,8,9,0.4444444444444444,0.5,0.47058823529411764,0.9342105263157895,0.06578947368421052,0.7171052631578947,applicable
cholera,NFGA-LINEAR,True,33,injected_10pct,2.5,372.4316056093643,253.90151133665037,31.97898132273409,84,results/stage6_nfga/predictions/cholera_nfga-linear_seed_33_injected_10pct.csv,4,5,71,4,8,9,0.4444444444444444,0.5,0.47058823529411764,0.9342105263157895,0.06578947368421052,0.7171052631578947,applicable
cholera,NFGA-LINEAR,True,33,injected_10pct,3.0,396.13762446390706,253.90151133665037,31.97898132273409,84,results/stage6_nfga/predictions/cholera_nfga-linear_seed_33_injected_10pct.csv,4,5,71,4,8,9,0.4444444444444444,0.5,0.47058823529411764,0.9342105263157895,0.06578947368421052,0.7171052631578947,applicable
cholera,NFGA-LINEAR,True,33,injected_10pct,3.5,419.84364331844984,253.90151133665037,31.97898132273409,84,results/stage6_nfga/predictions/cholera_nfga-linear_seed_33_injected_10pct.csv,4,3,73,4,8,7,0.5714285714285714,0.5,0.5333333333333333,0.9605263157894737,0.039473684210526314,0.7302631578947368,applicable
cholera,NFGA-LINEAR,True,33,injected_10pct,4.0,443.5496621729926,253.90151133665037,31.97898132273409,84,results/stage6_nfga/predictions/cholera_nfga-linear_seed_33_injected_10pct.csv,4,3,73,4,8,7,0.5714285714285714,0.5,0.5333333333333333,0.9605263157894737,0.039473684210526314,0.7302631578947368,applicable
cholera,NFGA-LINEAR,True,33,injected_10pct,4.5,467.2556810275354,253.90151133665037,31.97898132273409,84,results/stage6_nfga/predictions/cholera_nfga-linear_seed_33_injected_10pct.csv,4,3,73,4,8,7,0.5714285714285714,0.5,0.5333333333333333,0.9605263157894737,0.039473684210526314,0.7302631578947368,applicable
cholera,NFGA-LINEAR,True,33,injected_10pct,5.0,490.96169988207816,253.90151133665037,31.97898132273409,84,results/stage6_nfga/predictions/cholera_nfga-linear_seed_33_injected_10pct.csv,4,3,73,4,8,7,0.5714285714285714,0.5,0.5333333333333333,0.9605263157894737,0.039473684210526314,0.7302631578947368,applicable
cholera,NFGA-LINEAR,True,44,injected_10pct,2.0,348.7255867548215,253.90151133665037,31.97898132273409,84,results/stage6_nfga/predictions/cholera_nfga-linear_seed_44_injected_10pct.csv,4,4,72,4,8,8,0.5,0.5,0.5,0.9473684210526315,0.05263157894736842,0.7236842105263157,applicable
cholera,NFGA-LINEAR,True,44,injected_10pct,2.5,372.4316056093643,253.90151133665037,31.97898132273409,84,results/stage6_nfga/predictions/cholera_nfga-linear_seed_44_injected_10pct.csv,4,3,73,4,8,7,0.5714285714285714,0.5,0.5333333333333333,0.9605263157894737,0.039473684210526314,0.7302631578947368,applicable
cholera,NFGA-LINEAR,True,44,injected_10pct,3.0,396.13762446390706,253.90151133665037,31.97898132273409,84,results/stage6_nfga/predictions/cholera_nfga-linear_seed_44_injected_10pct.csv,4,3,73,4,8,7,0.5714285714285714,0.5,0.5333333333333333,0.9605263157894737,0.039473684210526314,0.7302631578947368,applicable
cholera,NFGA-LINEAR,True,44,injected_10pct,3.5,419.84364331844984,253.90151133665037,31.97898132273409,84,results/stage6_nfga/predictions/cholera_nfga-linear_seed_44_injected_10pct.csv,4,3,73,4,8,7,0.5714285714285714,0.5,0.5333333333333333,0.9605263157894737,0.039473684210526314,0.7302631578947368,applicable
cholera,NFGA-LINEAR,True,44,injected_10pct,4.0,443.5496621729926,253.90151133665037,31.97898132273409,84,results/stage6_nfga/predictions/cholera_nfga-linear_seed_44_injected_10pct.csv,4,3,73,4,8,7,0.5714285714285714,0.5,0.5333333333333333,0.9605263157894737,0.039473684210526314,0.7302631578947368,applicable
cholera,NFGA-LINEAR,True,44,injected_10pct,4.5,467.2556810275354,253.90151133665037,31.97898132273409,84,results/stage6_nfga/predictions/cholera_nfga-linear_seed_44_injected_10pct.csv,4,3,73,4,8,7,0.5714285714285714,0.5,0.5333333333333333,0.9605263157894737,0.039473684210526314,0.7302631578947368,applicable
cholera,NFGA-LINEAR,True,44,injected_10pct,5.0,490.96169988207816,253.90151133665037,31.97898132273409,84,results/stage6_nfga/predictions/cholera_nfga-linear_seed_44_injected_10pct.csv,4,3,73,4,8,7,0.5714285714285714,0.5,0.5333333333333333,0.9605263157894737,0.039473684210526314,0.7302631578947368,applicable
cholera,NFGA-LINEAR,True,55,injected_10pct,2.0,348.7255867548215,253.90151133665037,31.97898132273409,84,results/stage6_nfga/predictions/cholera_nfga-linear_seed_55_injected_10pct.csv,4,4,72,4,8,8,0.5,0.5,0.5,0.9473684210526315,0.05263157894736842,0.7236842105263157,applicable
cholera,NFGA-LINEAR,True,55,injected_10pct,2.5,372.4316056093643,253.90151133665037,31.97898132273409,84,results/stage6_nfga/predictions/cholera_nfga-linear_seed_55_injected_10pct.csv,4,3,73,4,8,7,0.5714285714285714,0.5,0.5333333333333333,0.9605263157894737,0.039473684210526314,0.7302631578947368,applicable
cholera,NFGA-LINEAR,True,55,injected_10pct,3.0,396.13762446390706,253.90151133665037,31.97898132273409,84,results/stage6_nfga/predictions/cholera_nfga-linear_seed_55_injected_10pct.csv,4,3,73,4,8,7,0.5714285714285714,0.5,0.5333333333333333,0.9605263157894737,0.039473684210526314,0.7302631578947368,applicable
cholera,NFGA-LINEAR,True,55,injected_10pct,3.5,419.84364331844984,253.90151133665037,31.97898132273409,84,results/stage6_nfga/predictions/cholera_nfga-linear_seed_55_injected_10pct.csv,4,3,73,4,8,7,0.5714285714285714,0.5,0.5333333333333333,0.9605263157894737,0.039473684210526314,0.7302631578947368,applicable
cholera,NFGA-LINEAR,True,55,injected_10pct,4.0,443.5496621729926,253.90151133665037,31.97898132273409,84,results/stage6_nfga/predictions/cholera_nfga-linear_seed_55_injected_10pct.csv,4,3,73,4,8,7,0.5714285714285714,0.5,0.5333333333333333,0.9605263157894737,0.039473684210526314,0.7302631578947368,applicable
cholera,NFGA-LINEAR,True,55,injected_10pct,4.5,467.2556810275354,253.90151133665037,31.97898132273409,84,results/stage6_nfga/predictions/cholera_nfga-linear_seed_55_injected_10pct.csv,4,3,73,4,8,7,0.5714285714285714,0.5,0.5333333333333333,0.9605263157894737,0.039473684210526314,0.7302631578947368,applicable
cholera,NFGA-LINEAR,True,55,injected_10pct,5.0,490.96169988207816,253.90151133665037,31.97898132273409,84,results/stage6_nfga/predictions/cholera_nfga-linear_seed_55_injected_10pct.csv,4,3,73,4,8,7,0.5714285714285714,0.5,0.5333333333333333,0.9605263157894737,0.039473684210526314,0.7302631578947368,applicable
cholera,NFGA-LINEAR,True,66,injected_10pct,2.0,348.7255867548215,253.90151133665037,31.97898132273409,84,results/stage6_nfga/predictions/cholera_nfga-linear_seed_66_injected_10pct.csv,4,4,72,4,8,8,0.5,0.5,0.5,0.9473684210526315,0.05263157894736842,0.7236842105263157,applicable
cholera,NFGA-LINEAR,True,66,injected_10pct,2.5,372.4316056093643,253.90151133665037,31.97898132273409,84,results/stage6_nfga/predictions/cholera_nfga-linear_seed_66_injected_10pct.csv,4,4,72,4,8,8,0.5,0.5,0.5,0.9473684210526315,0.05263157894736842,0.7236842105263157,applicable
cholera,NFGA-LINEAR,True,66,injected_10pct,3.0,396.13762446390706,253.90151133665037,31.97898132273409,84,results/stage6_nfga/predictions/cholera_nfga-linear_seed_66_injected_10pct.csv,4,3,73,4,8,7,0.5714285714285714,0.5,0.5333333333333333,0.9605263157894737,0.039473684210526314,0.7302631578947368,applicable
cholera,NFGA-LINEAR,True,66,injected_10pct,3.5,419.84364331844984,253.90151133665037,31.97898132273409,84,results/stage6_nfga/predictions/cholera_nfga-linear_seed_66_injected_10pct.csv,4,3,73,4,8,7,0.5714285714285714,0.5,0.5333333333333333,0.9605263157894737,0.039473684210526314,0.7302631578947368,applicable
cholera,NFGA-LINEAR,True,66,injected_10pct,4.0,443.5496621729926,253.90151133665037,31.97898132273409,84,results/stage6_nfga/predictions/cholera_nfga-linear_seed_66_injected_10pct.csv,4,3,73,4,8,7,0.5714285714285714,0.5,0.5333333333333333,0.9605263157894737,0.039473684210526314,0.7302631578947368,applicable
cholera,NFGA-LINEAR,True,66,injected_10pct,4.5,467.2556810275354,253.90151133665037,31.97898132273409,84,results/stage6_nfga/predictions/cholera_nfga-linear_seed_66_injected_10pct.csv,4,3,73,4,8,7,0.5714285714285714,0.5,0.5333333333333333,0.9605263157894737,0.039473684210526314,0.7302631578947368,applicable
cholera,NFGA-LINEAR,True,66,injected_10pct,5.0,490.96169988207816,253.90151133665037,31.97898132273409,84,results/stage6_nfga/predictions/cholera_nfga-linear_seed_66_injected_10pct.csv,4,3,73,4,8,7,0.5714285714285714,0.5,0.5333333333333333,0.9605263157894737,0.039473684210526314,0.7302631578947368,applicable
cholera,NFGA-LINEAR,True,77,injected_10pct,2.0,348.7255867548215,253.90151133665037,31.97898132273409,84,results/stage6_nfga/predictions/cholera_nfga-linear_seed_77_injected_10pct.csv,4,6,70,4,8,10,0.4,0.5,0.4444444444444444,0.9210526315789473,0.07894736842105263,0.7105263157894737,applicable
cholera,NFGA-LINEAR,True,77,injected_10pct,2.5,372.4316056093643,253.90151133665037,31.97898132273409,84,results/stage6_nfga/predictions/cholera_nfga-linear_seed_77_injected_10pct.csv,4,6,70,4,8,10,0.4,0.5,0.4444444444444444,0.9210526315789473,0.07894736842105263,0.7105263157894737,applicable
cholera,NFGA-LINEAR,True,77,injected_10pct,3.0,396.13762446390706,253.90151133665037,31.97898132273409,84,results/stage6_nfga/predictions/cholera_nfga-linear_seed_77_injected_10pct.csv,4,6,70,4,8,10,0.4,0.5,0.4444444444444444,0.9210526315789473,0.07894736842105263,0.7105263157894737,applicable
cholera,NFGA-LINEAR,True,77,injected_10pct,3.5,419.84364331844984,253.90151133665037,31.97898132273409,84,results/stage6_nfga/predictions/cholera_nfga-linear_seed_77_injected_10pct.csv,4,5,71,4,8,9,0.4444444444444444,0.5,0.47058823529411764,0.9342105263157895,0.06578947368421052,0.7171052631578947,applicable
cholera,NFGA-LINEAR,True,77,injected_10pct,4.0,443.5496621729926,253.90151133665037,31.97898132273409,84,results/stage6_nfga/predictions/cholera_nfga-linear_seed_77_injected_10pct.csv,4,5,71,4,8,9,0.4444444444444444,0.5,0.47058823529411764,0.9342105263157895,0.06578947368421052,0.7171052631578947,applicable
cholera,NFGA-LINEAR,True,77,injected_10pct,4.5,467.2556810275354,253.90151133665037,31.97898132273409,84,results/stage6_nfga/predictions/cholera_nfga-linear_seed_77_injected_10pct.csv,4,5,71,4,8,9,0.4444444444444444,0.5,0.47058823529411764,0.9342105263157895,0.06578947368421052,0.7171052631578947,applicable
cholera,NFGA-LINEAR,True,77,injected_10pct,5.0,490.96169988207816,253.90151133665037,31.97898132273409,84,results/stage6_nfga/predictions/cholera_nfga-linear_seed_77_injected_10pct.csv,4,4,72,4,8,8,0.5,0.5,0.5,0.9473684210526315,0.05263157894736842,0.7236842105263157,applicable
cholera,NFGA-LINEAR,True,88,injected_10pct,2.0,348.7255867548215,253.90151133665037,31.97898132273409,84,results/stage6_nfga/predictions/cholera_nfga-linear_seed_88_injected_10pct.csv,4,6,70,4,8,10,0.4,0.5,0.4444444444444444,0.9210526315789473,0.07894736842105263,0.7105263157894737,applicable
cholera,NFGA-LINEAR,True,88,injected_10pct,2.5,372.4316056093643,253.90151133665037,31.97898132273409,84,results/stage6_nfga/predictions/cholera_nfga-linear_seed_88_injected_10pct.csv,4,5,71,4,8,9,0.4444444444444444,0.5,0.47058823529411764,0.9342105263157895,0.06578947368421052,0.7171052631578947,applicable
cholera,NFGA-LINEAR,True,88,injected_10pct,3.0,396.13762446390706,253.90151133665037,31.97898132273409,84,results/stage6_nfga/predictions/cholera_nfga-linear_seed_88_injected_10pct.csv,4,5,71,4,8,9,0.4444444444444444,0.5,0.47058823529411764,0.9342105263157895,0.06578947368421052,0.7171052631578947,applicable
cholera,NFGA-LINEAR,True,88,injected_10pct,3.5,419.84364331844984,253.90151133665037,31.97898132273409,84,results/stage6_nfga/predictions/cholera_nfga-linear_seed_88_injected_10pct.csv,4,5,71,4,8,9,0.4444444444444444,0.5,0.47058823529411764,0.9342105263157895,0.06578947368421052,0.7171052631578947,applicable
cholera,NFGA-LINEAR,True,88,injected_10pct,4.0,443.5496621729926,253.90151133665037,31.97898132273409,84,results/stage6_nfga/predictions/cholera_nfga-linear_seed_88_injected_10pct.csv,4,4,72,4,8,8,0.5,0.5,0.5,0.9473684210526315,0.05263157894736842,0.7236842105263157,applicable
cholera,NFGA-LINEAR,True,88,injected_10pct,4.5,467.2556810275354,253.90151133665037,31.97898132273409,84,results/stage6_nfga/predictions/cholera_nfga-linear_seed_88_injected_10pct.csv,4,4,72,4,8,8,0.5,0.5,0.5,0.9473684210526315,0.05263157894736842,0.7236842105263157,applicable
cholera,NFGA-LINEAR,True,88,injected_10pct,5.0,490.96169988207816,253.90151133665037,31.97898132273409,84,results/stage6_nfga/predictions/cholera_nfga-linear_seed_88_injected_10pct.csv,4,3,73,4,8,7,0.5714285714285714,0.5,0.5333333333333333,0.9605263157894737,0.039473684210526314,0.7302631578947368,applicable
cholera,NFGA-LINEAR,True,99,injected_10pct,2.0,348.7255867548215,253.90151133665037,31.97898132273409,84,results/stage6_nfga/predictions/cholera_nfga-linear_seed_99_injected_10pct.csv,4,5,71,4,8,9,0.4444444444444444,0.5,0.47058823529411764,0.9342105263157895,0.06578947368421052,0.7171052631578947,applicable
cholera,NFGA-LINEAR,True,99,injected_10pct,2.5,372.4316056093643,253.90151133665037,31.97898132273409,84,results/stage6_nfga/predictions/cholera_nfga-linear_seed_99_injected_10pct.csv,4,5,71,4,8,9,0.4444444444444444,0.5,0.47058823529411764,0.9342105263157895,0.06578947368421052,0.7171052631578947,applicable
cholera,NFGA-LINEAR,True,99,injected_10pct,3.0,396.13762446390706,253.90151133665037,31.97898132273409,84,results/stage6_nfga/predictions/cholera_nfga-linear_seed_99_injected_10pct.csv,4,4,72,4,8,8,0.5,0.5,0.5,0.9473684210526315,0.05263157894736842,0.7236842105263157,applicable
cholera,NFGA-LINEAR,True,99,injected_10pct,3.5,419.84364331844984,253.90151133665037,31.97898132273409,84,results/stage6_nfga/predictions/cholera_nfga-linear_seed_99_injected_10pct.csv,4,4,72,4,8,8,0.5,0.5,0.5,0.9473684210526315,0.05263157894736842,0.7236842105263157,applicable
cholera,NFGA-LINEAR,True,99,injected_10pct,4.0,443.5496621729926,253.90151133665037,31.97898132273409,84,results/stage6_nfga/predictions/cholera_nfga-linear_seed_99_injected_10pct.csv,4,4,72,4,8,8,0.5,0.5,0.5,0.9473684210526315,0.05263157894736842,0.7236842105263157,applicable
cholera,NFGA-LINEAR,True,99,injected_10pct,4.5,467.2556810275354,253.90151133665037,31.97898132273409,84,results/stage6_nfga/predictions/cholera_nfga-linear_seed_99_injected_10pct.csv,4,4,72,4,8,8,0.5,0.5,0.5,0.9473684210526315,0.05263157894736842,0.7236842105263157,applicable
cholera,NFGA-LINEAR,True,99,injected_10pct,5.0,490.96169988207816,253.90151133665037,31.97898132273409,84,results/stage6_nfga/predictions/cholera_nfga-linear_seed_99_injected_10pct.csv,4,4,72,4,8,8,0.5,0.5,0.5,0.9473684210526315,0.05263157894736842,0.7236842105263157,applicable
cholera,NFGA-LINEAR,True,110,proxy_robust_z,2.0,348.7255867548215,253.90151133665037,31.97898132273409,84,results/stage6_nfga/predictions/cholera_nfga-linear_seed_110_proxy_robust_z.csv,0,1,83,0,0,1,,,,0.9880952380952381,0.011904761904761904,,not_applicable_no_positive_reference
cholera,NFGA-LINEAR,True,110,proxy_robust_z,2.5,372.4316056093643,253.90151133665037,31.97898132273409,84,results/stage6_nfga/predictions/cholera_nfga-linear_seed_110_proxy_robust_z.csv,0,0,84,0,0,0,,,,1.0,0.0,,not_applicable_no_positive_reference
cholera,NFGA-LINEAR,True,110,proxy_robust_z,3.0,396.13762446390706,253.90151133665037,31.97898132273409,84,results/stage6_nfga/predictions/cholera_nfga-linear_seed_110_proxy_robust_z.csv,0,0,84,0,0,0,,,,1.0,0.0,,not_applicable_no_positive_reference
cholera,NFGA-LINEAR,True,110,proxy_robust_z,3.5,419.84364331844984,253.90151133665037,31.97898132273409,84,results/stage6_nfga/predictions/cholera_nfga-linear_seed_110_proxy_robust_z.csv,0,0,84,0,0,0,,,,1.0,0.0,,not_applicable_no_positive_reference
cholera,NFGA-LINEAR,True,110,proxy_robust_z,4.0,443.5496621729926,253.90151133665037,31.97898132273409,84,results/stage6_nfga/predictions/cholera_nfga-linear_seed_110_proxy_robust_z.csv,0,0,84,0,0,0,,,,1.0,0.0,,not_applicable_no_positive_reference
cholera,NFGA-LINEAR,True,110,proxy_robust_z,4.5,467.2556810275354,253.90151133665037,31.97898132273409,84,results/stage6_nfga/predictions/cholera_nfga-linear_seed_110_proxy_robust_z.csv,0,0,84,0,0,0,,,,1.0,0.0,,not_applicable_no_positive_reference
cholera,NFGA-LINEAR,True,110,proxy_robust_z,5.0,490.96169988207816,253.90151133665037,31.97898132273409,84,results/stage6_nfga/predictions/cholera_nfga-linear_seed_110_proxy_robust_z.csv,0,0,84,0,0,0,,,,1.0,0.0,,not_applicable_no_positive_reference
cholera,NFGA-LINEAR,True,11,proxy_robust_z,2.0,348.7255867548215,253.90151133665037,31.97898132273409,84,results/stage6_nfga/predictions/cholera_nfga-linear_seed_11_proxy_robust_z.csv,0,2,82,0,0,2,,,,0.9761904761904762,0.023809523809523808,,not_applicable_no_positive_reference
cholera,NFGA-LINEAR,True,11,proxy_robust_z,2.5,372.4316056093643,253.90151133665037,31.97898132273409,84,results/stage6_nfga/predictions/cholera_nfga-linear_seed_11_proxy_robust_z.csv,0,2,82,0,0,2,,,,0.9761904761904762,0.023809523809523808,,not_applicable_no_positive_reference
cholera,NFGA-LINEAR,True,11,proxy_robust_z,3.0,396.13762446390706,253.90151133665037,31.97898132273409,84,results/stage6_nfga/predictions/cholera_nfga-linear_seed_11_proxy_robust_z.csv,0,2,82,0,0,2,,,,0.9761904761904762,0.023809523809523808,,not_applicable_no_positive_reference
cholera,NFGA-LINEAR,True,11,proxy_robust_z,3.5,419.84364331844984,253.90151133665037,31.97898132273409,84,results/stage6_nfga/predictions/cholera_nfga-linear_seed_11_proxy_robust_z.csv,0,2,82,0,0,2,,,,0.9761904761904762,0.023809523809523808,,not_applicable_no_positive_reference
cholera,NFGA-LINEAR,True,11,proxy_robust_z,4.0,443.5496621729926,253.90151133665037,31.97898132273409,84,results/stage6_nfga/predictions/cholera_nfga-linear_seed_11_proxy_robust_z.csv,0,2,82,0,0,2,,,,0.9761904761904762,0.023809523809523808,,not_applicable_no_positive_reference
cholera,NFGA-LINEAR,True,11,proxy_robust_z,4.5,467.2556810275354,253.90151133665037,31.97898132273409,84,results/stage6_nfga/predictions/cholera_nfga-linear_seed_11_proxy_robust_z.csv,0,1,83,0,0,1,,,,0.9880952380952381,0.011904761904761904,,not_applicable_no_positive_reference
cholera,NFGA-LINEAR,True,11,proxy_robust_z,5.0,490.96169988207816,253.90151133665037,31.97898132273409,84,results/stage6_nfga/predictions/cholera_nfga-linear_seed_11_proxy_robust_z.csv,0,1,83,0,0,1,,,,0.9880952380952381,0.011904761904761904,,not_applicable_no_positive_reference
cholera,NFGA-LINEAR,True,22,proxy_robust_z,2.0,348.7255867548215,253.90151133665037,31.97898132273409,84,results/stage6_nfga/predictions/cholera_nfga-linear_seed_22_proxy_robust_z.csv,0,2,82,0,0,2,,,,0.9761904761904762,0.023809523809523808,,not_applicable_no_positive_reference
cholera,NFGA-LINEAR,True,22,proxy_robust_z,2.5,372.4316056093643,253.90151133665037,31.97898132273409,84,results/stage6_nfga/predictions/cholera_nfga-linear_seed_22_proxy_robust_z.csv,0,2,82,0,0,2,,,,0.9761904761904762,0.023809523809523808,,not_applicable_no_positive_reference
cholera,NFGA-LINEAR,True,22,proxy_robust_z,3.0,396.13762446390706,253.90151133665037,31.97898132273409,84,results/stage6_nfga/predictions/cholera_nfga-linear_seed_22_proxy_robust_z.csv,0,2,82,0,0,2,,,,0.9761904761904762,0.023809523809523808,,not_applicable_no_positive_reference
cholera,NFGA-LINEAR,True,22,proxy_robust_z,3.5,419.84364331844984,253.90151133665037,31.97898132273409,84,results/stage6_nfga/predictions/cholera_nfga-linear_seed_22_proxy_robust_z.csv,0,1,83,0,0,1,,,,0.9880952380952381,0.011904761904761904,,not_applicable_no_positive_reference
cholera,NFGA-LINEAR,True,22,proxy_robust_z,4.0,443.5496621729926,253.90151133665037,31.97898132273409,84,results/stage6_nfga/predictions/cholera_nfga-linear_seed_22_proxy_robust_z.csv,0,1,83,0,0,1,,,,0.9880952380952381,0.011904761904761904,,not_applicable_no_positive_reference
cholera,NFGA-LINEAR,True,22,proxy_robust_z,4.5,467.2556810275354,253.90151133665037,31.97898132273409,84,results/stage6_nfga/predictions/cholera_nfga-linear_seed_22_proxy_robust_z.csv,0,0,84,0,0,0,,,,1.0,0.0,,not_applicable_no_positive_reference
cholera,NFGA-LINEAR,True,22,proxy_robust_z,5.0,490.96169988207816,253.90151133665037,31.97898132273409,84,results/stage6_nfga/predictions/cholera_nfga-linear_seed_22_proxy_robust_z.csv,0,0,84,0,0,0,,,,1.0,0.0,,not_applicable_no_positive_reference
cholera,NFGA-LINEAR,True,33,proxy_robust_z,2.0,348.7255867548215,253.90151133665037,31.97898132273409,84,results/stage6_nfga/predictions/cholera_nfga-linear_seed_33_proxy_robust_z.csv,0,2,82,0,0,2,,,,0.9761904761904762,0.023809523809523808,,not_applicable_no_positive_reference
cholera,NFGA-LINEAR,True,33,proxy_robust_z,2.5,372.4316056093643,253.90151133665037,31.97898132273409,84,results/stage6_nfga/predictions/cholera_nfga-linear_seed_33_proxy_robust_z.csv,0,2,82,0,0,2,,,,0.9761904761904762,0.023809523809523808,,not_applicable_no_positive_reference
cholera,NFGA-LINEAR,True,33,proxy_robust_z,3.0,396.13762446390706,253.90151133665037,31.97898132273409,84,results/stage6_nfga/predictions/cholera_nfga-linear_seed_33_proxy_robust_z.csv,0,1,83,0,0,1,,,,0.9880952380952381,0.011904761904761904,,not_applicable_no_positive_reference
cholera,NFGA-LINEAR,True,33,proxy_robust_z,3.5,419.84364331844984,253.90151133665037,31.97898132273409,84,results/stage6_nfga/predictions/cholera_nfga-linear_seed_33_proxy_robust_z.csv,0,0,84,0,0,0,,,,1.0,0.0,,not_applicable_no_positive_reference
cholera,NFGA-LINEAR,True,33,proxy_robust_z,4.0,443.5496621729926,253.90151133665037,31.97898132273409,84,results/stage6_nfga/predictions/cholera_nfga-linear_seed_33_proxy_robust_z.csv,0,0,84,0,0,0,,,,1.0,0.0,,not_applicable_no_positive_reference
cholera,NFGA-LINEAR,True,33,proxy_robust_z,4.5,467.2556810275354,253.90151133665037,31.97898132273409,84,results/stage6_nfga/predictions/cholera_nfga-linear_seed_33_proxy_robust_z.csv,0,0,84,0,0,0,,,,1.0,0.0,,not_applicable_no_positive_reference
cholera,NFGA-LINEAR,True,33,proxy_robust_z,5.0,490.96169988207816,253.90151133665037,31.97898132273409,84,results/stage6_nfga/predictions/cholera_nfga-linear_seed_33_proxy_robust_z.csv,0,0,84,0,0,0,,,,1.0,0.0,,not_applicable_no_positive_reference
cholera,NFGA-LINEAR,True,44,proxy_robust_z,2.0,348.7255867548215,253.90151133665037,31.97898132273409,84,results/stage6_nfga/predictions/cholera_nfga-linear_seed_44_proxy_robust_z.csv,0,1,83,0,0,1,,,,0.9880952380952381,0.011904761904761904,,not_applicable_no_positive_reference
cholera,NFGA-LINEAR,True,44,proxy_robust_z,2.5,372.4316056093643,253.90151133665037,31.97898132273409,84,results/stage6_nfga/predictions/cholera_nfga-linear_seed_44_proxy_robust_z.csv,0,0,84,0,0,0,,,,1.0,0.0,,not_applicable_no_positive_reference
cholera,NFGA-LINEAR,True,44,proxy_robust_z,3.0,396.13762446390706,253.90151133665037,31.97898132273409,84,results/stage6_nfga/predictions/cholera_nfga-linear_seed_44_proxy_robust_z.csv,0,0,84,0,0,0,,,,1.0,0.0,,not_applicable_no_positive_reference
cholera,NFGA-LINEAR,True,44,proxy_robust_z,3.5,419.84364331844984,253.90151133665037,31.97898132273409,84,results/stage6_nfga/predictions/cholera_nfga-linear_seed_44_proxy_robust_z.csv,0,0,84,0,0,0,,,,1.0,0.0,,not_applicable_no_positive_reference
cholera,NFGA-LINEAR,True,44,proxy_robust_z,4.0,443.5496621729926,253.90151133665037,31.97898132273409,84,results/stage6_nfga/predictions/cholera_nfga-linear_seed_44_proxy_robust_z.csv,0,0,84,0,0,0,,,,1.0,0.0,,not_applicable_no_positive_reference
cholera,NFGA-LINEAR,True,44,proxy_robust_z,4.5,467.2556810275354,253.90151133665037,31.97898132273409,84,results/stage6_nfga/predictions/cholera_nfga-linear_seed_44_proxy_robust_z.csv,0,0,84,0,0,0,,,,1.0,0.0,,not_applicable_no_positive_reference
cholera,NFGA-LINEAR,True,44,proxy_robust_z,5.0,490.96169988207816,253.90151133665037,31.97898132273409,84,results/stage6_nfga/predictions/cholera_nfga-linear_seed_44_proxy_robust_z.csv,0,0,84,0,0,0,,,,1.0,0.0,,not_applicable_no_positive_reference
cholera,NFGA-LINEAR,True,55,proxy_robust_z,2.0,348.7255867548215,253.90151133665037,31.97898132273409,84,results/stage6_nfga/predictions/cholera_nfga-linear_seed_55_proxy_robust_z.csv,0,1,83,0,0,1,,,,0.9880952380952381,0.011904761904761904,,not_applicable_no_positive_reference
cholera,NFGA-LINEAR,True,55,proxy_robust_z,2.5,372.4316056093643,253.90151133665037,31.97898132273409,84,results/stage6_nfga/predictions/cholera_nfga-linear_seed_55_proxy_robust_z.csv,0,1,83,0,0,1,,,,0.9880952380952381,0.011904761904761904,,not_applicable_no_positive_reference
cholera,NFGA-LINEAR,True,55,proxy_robust_z,3.0,396.13762446390706,253.90151133665037,31.97898132273409,84,results/stage6_nfga/predictions/cholera_nfga-linear_seed_55_proxy_robust_z.csv,0,0,84,0,0,0,,,,1.0,0.0,,not_applicable_no_positive_reference
cholera,NFGA-LINEAR,True,55,proxy_robust_z,3.5,419.84364331844984,253.90151133665037,31.97898132273409,84,results/stage6_nfga/predictions/cholera_nfga-linear_seed_55_proxy_robust_z.csv,0,0,84,0,0,0,,,,1.0,0.0,,not_applicable_no_positive_reference
cholera,NFGA-LINEAR,True,55,proxy_robust_z,4.0,443.5496621729926,253.90151133665037,31.97898132273409,84,results/stage6_nfga/predictions/cholera_nfga-linear_seed_55_proxy_robust_z.csv,0,0,84,0,0,0,,,,1.0,0.0,,not_applicable_no_positive_reference
cholera,NFGA-LINEAR,True,55,proxy_robust_z,4.5,467.2556810275354,253.90151133665037,31.97898132273409,84,results/stage6_nfga/predictions/cholera_nfga-linear_seed_55_proxy_robust_z.csv,0,0,84,0,0,0,,,,1.0,0.0,,not_applicable_no_positive_reference
cholera,NFGA-LINEAR,True,55,proxy_robust_z,5.0,490.96169988207816,253.90151133665037,31.97898132273409,84,results/stage6_nfga/predictions/cholera_nfga-linear_seed_55_proxy_robust_z.csv,0,0,84,0,0,0,,,,1.0,0.0,,not_applicable_no_positive_reference
cholera,NFGA-LINEAR,True,66,proxy_robust_z,2.0,348.7255867548215,253.90151133665037,31.97898132273409,84,results/stage6_nfga/predictions/cholera_nfga-linear_seed_66_proxy_robust_z.csv,0,1,83,0,0,1,,,,0.9880952380952381,0.011904761904761904,,not_applicable_no_positive_reference
cholera,NFGA-LINEAR,True,66,proxy_robust_z,2.5,372.4316056093643,253.90151133665037,31.97898132273409,84,results/stage6_nfga/predictions/cholera_nfga-linear_seed_66_proxy_robust_z.csv,0,0,84,0,0,0,,,,1.0,0.0,,not_applicable_no_positive_reference
cholera,NFGA-LINEAR,True,66,proxy_robust_z,3.0,396.13762446390706,253.90151133665037,31.97898132273409,84,results/stage6_nfga/predictions/cholera_nfga-linear_seed_66_proxy_robust_z.csv,0,0,84,0,0,0,,,,1.0,0.0,,not_applicable_no_positive_reference
cholera,NFGA-LINEAR,True,66,proxy_robust_z,3.5,419.84364331844984,253.90151133665037,31.97898132273409,84,results/stage6_nfga/predictions/cholera_nfga-linear_seed_66_proxy_robust_z.csv,0,0,84,0,0,0,,,,1.0,0.0,,not_applicable_no_positive_reference
cholera,NFGA-LINEAR,True,66,proxy_robust_z,4.0,443.5496621729926,253.90151133665037,31.97898132273409,84,results/stage6_nfga/predictions/cholera_nfga-linear_seed_66_proxy_robust_z.csv,0,0,84,0,0,0,,,,1.0,0.0,,not_applicable_no_positive_reference
cholera,NFGA-LINEAR,True,66,proxy_robust_z,4.5,467.2556810275354,253.90151133665037,31.97898132273409,84,results/stage6_nfga/predictions/cholera_nfga-linear_seed_66_proxy_robust_z.csv,0,0,84,0,0,0,,,,1.0,0.0,,not_applicable_no_positive_reference
cholera,NFGA-LINEAR,True,66,proxy_robust_z,5.0,490.96169988207816,253.90151133665037,31.97898132273409,84,results/stage6_nfga/predictions/cholera_nfga-linear_seed_66_proxy_robust_z.csv,0,0,84,0,0,0,,,,1.0,0.0,,not_applicable_no_positive_reference
cholera,NFGA-LINEAR,True,77,proxy_robust_z,2.0,348.7255867548215,253.90151133665037,31.97898132273409,84,results/stage6_nfga/predictions/cholera_nfga-linear_seed_77_proxy_robust_z.csv,0,4,80,0,0,4,,,,0.9523809523809523,0.047619047619047616,,not_applicable_no_positive_reference
cholera,NFGA-LINEAR,True,77,proxy_robust_z,2.5,372.4316056093643,253.90151133665037,31.97898132273409,84,results/stage6_nfga/predictions/cholera_nfga-linear_seed_77_proxy_robust_z.csv,0,4,80,0,0,4,,,,0.9523809523809523,0.047619047619047616,,not_applicable_no_positive_reference
cholera,NFGA-LINEAR,True,77,proxy_robust_z,3.0,396.13762446390706,253.90151133665037,31.97898132273409,84,results/stage6_nfga/predictions/cholera_nfga-linear_seed_77_proxy_robust_z.csv,0,3,81,0,0,3,,,,0.9642857142857143,0.03571428571428571,,not_applicable_no_positive_reference
cholera,NFGA-LINEAR,True,77,proxy_robust_z,3.5,419.84364331844984,253.90151133665037,31.97898132273409,84,results/stage6_nfga/predictions/cholera_nfga-linear_seed_77_proxy_robust_z.csv,0,2,82,0,0,2,,,,0.9761904761904762,0.023809523809523808,,not_applicable_no_positive_reference
cholera,NFGA-LINEAR,True,77,proxy_robust_z,4.0,443.5496621729926,253.90151133665037,31.97898132273409,84,results/stage6_nfga/predictions/cholera_nfga-linear_seed_77_proxy_robust_z.csv,0,2,82,0,0,2,,,,0.9761904761904762,0.023809523809523808,,not_applicable_no_positive_reference
cholera,NFGA-LINEAR,True,77,proxy_robust_z,4.5,467.2556810275354,253.90151133665037,31.97898132273409,84,results/stage6_nfga/predictions/cholera_nfga-linear_seed_77_proxy_robust_z.csv,0,2,82,0,0,2,,,,0.9761904761904762,0.023809523809523808,,not_applicable_no_positive_reference
cholera,NFGA-LINEAR,True,77,proxy_robust_z,5.0,490.96169988207816,253.90151133665037,31.97898132273409,84,results/stage6_nfga/predictions/cholera_nfga-linear_seed_77_proxy_robust_z.csv,0,2,82,0,0,2,,,,0.9761904761904762,0.023809523809523808,,not_applicable_no_positive_reference
cholera,NFGA-LINEAR,True,88,proxy_robust_z,2.0,348.7255867548215,253.90151133665037,31.97898132273409,84,results/stage6_nfga/predictions/cholera_nfga-linear_seed_88_proxy_robust_z.csv,0,3,81,0,0,3,,,,0.9642857142857143,0.03571428571428571,,not_applicable_no_positive_reference
cholera,NFGA-LINEAR,True,88,proxy_robust_z,2.5,372.4316056093643,253.90151133665037,31.97898132273409,84,results/stage6_nfga/predictions/cholera_nfga-linear_seed_88_proxy_robust_z.csv,0,2,82,0,0,2,,,,0.9761904761904762,0.023809523809523808,,not_applicable_no_positive_reference
cholera,NFGA-LINEAR,True,88,proxy_robust_z,3.0,396.13762446390706,253.90151133665037,31.97898132273409,84,results/stage6_nfga/predictions/cholera_nfga-linear_seed_88_proxy_robust_z.csv,0,2,82,0,0,2,,,,0.9761904761904762,0.023809523809523808,,not_applicable_no_positive_reference
cholera,NFGA-LINEAR,True,88,proxy_robust_z,3.5,419.84364331844984,253.90151133665037,31.97898132273409,84,results/stage6_nfga/predictions/cholera_nfga-linear_seed_88_proxy_robust_z.csv,0,2,82,0,0,2,,,,0.9761904761904762,0.023809523809523808,,not_applicable_no_positive_reference
cholera,NFGA-LINEAR,True,88,proxy_robust_z,4.0,443.5496621729926,253.90151133665037,31.97898132273409,84,results/stage6_nfga/predictions/cholera_nfga-linear_seed_88_proxy_robust_z.csv,0,2,82,0,0,2,,,,0.9761904761904762,0.023809523809523808,,not_applicable_no_positive_reference
cholera,NFGA-LINEAR,True,88,proxy_robust_z,4.5,467.2556810275354,253.90151133665037,31.97898132273409,84,results/stage6_nfga/predictions/cholera_nfga-linear_seed_88_proxy_robust_z.csv,0,1,83,0,0,1,,,,0.9880952380952381,0.011904761904761904,,not_applicable_no_positive_reference
cholera,NFGA-LINEAR,True,88,proxy_robust_z,5.0,490.96169988207816,253.90151133665037,31.97898132273409,84,results/stage6_nfga/predictions/cholera_nfga-linear_seed_88_proxy_robust_z.csv,0,0,84,0,0,0,,,,1.0,0.0,,not_applicable_no_positive_reference
cholera,NFGA-LINEAR,True,99,proxy_robust_z,2.0,348.7255867548215,253.90151133665037,31.97898132273409,84,results/stage6_nfga/predictions/cholera_nfga-linear_seed_99_proxy_robust_z.csv,0,2,82,0,0,2,,,,0.9761904761904762,0.023809523809523808,,not_applicable_no_positive_reference
cholera,NFGA-LINEAR,True,99,proxy_robust_z,2.5,372.4316056093643,253.90151133665037,31.97898132273409,84,results/stage6_nfga/predictions/cholera_nfga-linear_seed_99_proxy_robust_z.csv,0,2,82,0,0,2,,,,0.9761904761904762,0.023809523809523808,,not_applicable_no_positive_reference
cholera,NFGA-LINEAR,True,99,proxy_robust_z,3.0,396.13762446390706,253.90151133665037,31.97898132273409,84,results/stage6_nfga/predictions/cholera_nfga-linear_seed_99_proxy_robust_z.csv,0,1,83,0,0,1,,,,0.9880952380952381,0.011904761904761904,,not_applicable_no_positive_reference
cholera,NFGA-LINEAR,True,99,proxy_robust_z,3.5,419.84364331844984,253.90151133665037,31.97898132273409,84,results/stage6_nfga/predictions/cholera_nfga-linear_seed_99_proxy_robust_z.csv,0,1,83,0,0,1,,,,0.9880952380952381,0.011904761904761904,,not_applicable_no_positive_reference
cholera,NFGA-LINEAR,True,99,proxy_robust_z,4.0,443.5496621729926,253.90151133665037,31.97898132273409,84,results/stage6_nfga/predictions/cholera_nfga-linear_seed_99_proxy_robust_z.csv,0,1,83,0,0,1,,,,0.9880952380952381,0.011904761904761904,,not_applicable_no_positive_reference
cholera,NFGA-LINEAR,True,99,proxy_robust_z,4.5,467.2556810275354,253.90151133665037,31.97898132273409,84,results/stage6_nfga/predictions/cholera_nfga-linear_seed_99_proxy_robust_z.csv,0,1,83,0,0,1,,,,0.9880952380952381,0.011904761904761904,,not_applicable_no_positive_reference
cholera,NFGA-LINEAR,True,99,proxy_robust_z,5.0,490.96169988207816,253.90151133665037,31.97898132273409,84,results/stage6_nfga/predictions/cholera_nfga-linear_seed_99_proxy_robust_z.csv,0,1,83,0,0,1,,,,0.9880952380952381,0.011904761904761904,,not_applicable_no_positive_reference
ilinet,Persistence,False,0,injected_5pct,2.0,0.28227542,0.09443,0.06335,52,results/stage3_statistical_baselines/predictions/ilinet_persistence_injected_5pct.csv,3,21,28,0,3,24,0.125,1.0,0.2222222222222222,0.5714285714285714,0.42857142857142855,0.7857142857142857,applicable
ilinet,Persistence,False,0,injected_5pct,2.5,0.329236775,0.09443,0.06335,52,results/stage3_statistical_baselines/predictions/ilinet_persistence_injected_5pct.csv,3,20,29,0,3,23,0.13043478260869565,1.0,0.23076923076923078,0.5918367346938775,0.40816326530612246,0.7959183673469388,applicable
ilinet,Persistence,False,0,injected_5pct,3.0,0.37619813,0.09443,0.06335,52,results/stage3_statistical_baselines/predictions/ilinet_persistence_injected_5pct.csv,3,17,32,0,3,20,0.15,1.0,0.2608695652173913,0.6530612244897959,0.3469387755102041,0.8265306122448979,applicable
ilinet,Persistence,False,0,injected_5pct,3.5,0.423159485,0.09443,0.06335,52,results/stage3_statistical_baselines/predictions/ilinet_persistence_injected_5pct.csv,3,17,32,0,3,20,0.15,1.0,0.2608695652173913,0.6530612244897959,0.3469387755102041,0.8265306122448979,applicable
ilinet,Persistence,False,0,injected_5pct,4.0,0.47012084000000004,0.09443,0.06335,52,results/stage3_statistical_baselines/predictions/ilinet_persistence_injected_5pct.csv,3,14,35,0,3,17,0.17647058823529413,1.0,0.3,0.7142857142857143,0.2857142857142857,0.8571428571428572,applicable
ilinet,Persistence,False,0,injected_5pct,4.5,0.517082195,0.09443,0.06335,52,results/stage3_statistical_baselines/predictions/ilinet_persistence_injected_5pct.csv,3,13,36,0,3,16,0.1875,1.0,0.3157894736842105,0.7346938775510204,0.2653061224489796,0.8673469387755102,applicable
ilinet,Persistence,False,0,injected_5pct,5.0,0.56404355,0.09443,0.06335,52,results/stage3_statistical_baselines/predictions/ilinet_persistence_injected_5pct.csv,3,12,37,0,3,15,0.2,1.0,0.3333333333333333,0.7551020408163265,0.24489795918367346,0.8775510204081632,applicable
ilinet,Persistence,False,0,injected_10pct,2.0,0.28227542,0.09443,0.06335,52,results/stage3_statistical_baselines/predictions/ilinet_persistence_injected_10pct.csv,5,15,32,0,5,20,0.25,1.0,0.4,0.6808510638297872,0.3191489361702128,0.8404255319148937,applicable
ilinet,Persistence,False,0,injected_10pct,2.5,0.329236775,0.09443,0.06335,52,results/stage3_statistical_baselines/predictions/ilinet_persistence_injected_10pct.csv,5,14,33,0,5,19,0.2631578947368421,1.0,0.4166666666666667,0.7021276595744681,0.2978723404255319,0.851063829787234,applicable
ilinet,Persistence,False,0,injected_10pct,3.0,0.37619813,0.09443,0.06335,52,results/stage3_statistical_baselines/predictions/ilinet_persistence_injected_10pct.csv,5,13,34,0,5,18,0.2777777777777778,1.0,0.43478260869565216,0.723404255319149,0.2765957446808511,0.8617021276595744,applicable
ilinet,Persistence,False,0,injected_10pct,3.5,0.423159485,0.09443,0.06335,52,results/stage3_statistical_baselines/predictions/ilinet_persistence_injected_10pct.csv,5,13,34,0,5,18,0.2777777777777778,1.0,0.43478260869565216,0.723404255319149,0.2765957446808511,0.8617021276595744,applicable
ilinet,Persistence,False,0,injected_10pct,4.0,0.47012084000000004,0.09443,0.06335,52,results/stage3_statistical_baselines/predictions/ilinet_persistence_injected_10pct.csv,4,11,36,1,5,15,0.26666666666666666,0.8,0.4,0.7659574468085106,0.23404255319148937,0.7829787234042553,applicable
ilinet,Persistence,False,0,injected_10pct,4.5,0.517082195,0.09443,0.06335,52,results/stage3_statistical_baselines/predictions/ilinet_persistence_injected_10pct.csv,4,11,36,1,5,15,0.26666666666666666,0.8,0.4,0.7659574468085106,0.23404255319148937,0.7829787234042553,applicable
ilinet,Persistence,False,0,injected_10pct,5.0,0.56404355,0.09443,0.06335,52,results/stage3_statistical_baselines/predictions/ilinet_persistence_injected_10pct.csv,4,10,37,1,5,14,0.2857142857142857,0.8,0.42105263157894735,0.7872340425531915,0.2127659574468085,0.7936170212765958,applicable
ilinet,Persistence,False,0,proxy_robust_z,2.0,0.28227542,0.09443,0.06335,52,results/stage3_statistical_baselines/predictions/ilinet_persistence_proxy_robust_z.csv,10,8,33,1,11,18,0.5555555555555556,0.9090909090909091,0.6896551724137931,0.8048780487804879,0.1951219512195122,0.8569844789356984,applicable
ilinet,Persistence,False,0,proxy_robust_z,2.5,0.329236775,0.09443,0.06335,52,results/stage3_statistical_baselines/predictions/ilinet_persistence_proxy_robust_z.csv,10,7,34,1,11,17,0.5882352941176471,0.9090909090909091,0.7142857142857143,0.8292682926829268,0.17073170731707318,0.8691796008869179,applicable
ilinet,Persistence,False,0,proxy_robust_z,3.0,0.37619813,0.09443,0.06335,52,results/stage3_statistical_baselines/predictions/ilinet_persistence_proxy_robust_z.csv,10,4,37,1,11,14,0.7142857142857143,0.9090909090909091,0.8,0.9024390243902439,0.0975609756097561,0.9057649667405765,applicable
ilinet,Persistence,False,0,proxy_robust_z,3.5,0.423159485,0.09443,0.06335,52,results/stage3_statistical_baselines/predictions/ilinet_persistence_proxy_robust_z.csv,10,4,37,1,11,14,0.7142857142857143,0.9090909090909091,0.8,0.9024390243902439,0.0975609756097561,0.9057649667405765,applicable
ilinet,Persistence,False,0,proxy_robust_z,4.0,0.47012084000000004,0.09443,0.06335,52,results/stage3_statistical_baselines/predictions/ilinet_persistence_proxy_robust_z.csv,9,2,39,2,11,11,0.8181818181818182,0.8181818181818182,0.8181818181818182,0.9512195121951219,0.04878048780487805,0.8847006651884701,applicable
ilinet,Persistence,False,0,proxy_robust_z,4.5,0.517082195,0.09443,0.06335,52,results/stage3_statistical_baselines/predictions/ilinet_persistence_proxy_robust_z.csv,8,2,39,3,11,10,0.8,0.7272727272727273,0.7619047619047619,0.9512195121951219,0.04878048780487805,0.8392461197339246,applicable
ilinet,Persistence,False,0,proxy_robust_z,5.0,0.56404355,0.09443,0.06335,52,results/stage3_statistical_baselines/predictions/ilinet_persistence_proxy_robust_z.csv,8,1,40,3,11,9,0.8888888888888888,0.7272727272727273,0.8,0.975609756097561,0.024390243902439025,0.8514412416851441,applicable
ilinet,SeasonalNaive,False,0,injected_5pct,2.0,1.8300162320000002,0.6167750000000001,0.4091600000000001,52,results/stage3_statistical_baselines/predictions/ilinet_seasonalnaive_injected_5pct.csv,3,4,45,0,3,7,0.42857142857142855,1.0,0.6,0.9183673469387755,0.08163265306122448,0.9591836734693877,applicable
ilinet,SeasonalNaive,False,0,injected_5pct,2.5,2.1333265400000005,0.6167750000000001,0.4091600000000001,52,results/stage3_statistical_baselines/predictions/ilinet_seasonalnaive_injected_5pct.csv,2,4,45,1,3,6,0.3333333333333333,0.6666666666666666,0.4444444444444444,0.9183673469387755,0.08163265306122448,0.7925170068027211,applicable
ilinet,SeasonalNaive,False,0,injected_5pct,3.0,2.4366368480000005,0.6167750000000001,0.4091600000000001,52,results/stage3_statistical_baselines/predictions/ilinet_seasonalnaive_injected_5pct.csv,2,4,45,1,3,6,0.3333333333333333,0.6666666666666666,0.4444444444444444,0.9183673469387755,0.08163265306122448,0.7925170068027211,applicable
ilinet,SeasonalNaive,False,0,injected_5pct,3.5,2.7399471560000004,0.6167750000000001,0.4091600000000001,52,results/stage3_statistical_baselines/predictions/ilinet_seasonalnaive_injected_5pct.csv,1,3,46,2,3,4,0.25,0.3333333333333333,0.2857142857142857,0.9387755102040817,0.061224489795918366,0.6360544217687075,applicable
ilinet,SeasonalNaive,False,0,injected_5pct,4.0,3.0432574640000003,0.6167750000000001,0.4091600000000001,52,results/stage3_statistical_baselines/predictions/ilinet_seasonalnaive_injected_5pct.csv,1,2,47,2,3,3,0.3333333333333333,0.3333333333333333,0.3333333333333333,0.9591836734693877,0.04081632653061224,0.6462585034013605,applicable
ilinet,SeasonalNaive,False,0,injected_5pct,4.5,3.346567772,0.6167750000000001,0.4091600000000001,52,results/stage3_statistical_baselines/predictions/ilinet_seasonalnaive_injected_5pct.csv,0,2,47,3,3,2,0.0,0.0,0.0,0.9591836734693877,0.04081632653061224,0.47959183673469385,applicable
ilinet,SeasonalNaive,False,0,injected_5pct,5.0,3.6498780800000006,0.6167750000000001,0.4091600000000001,52,results/stage3_statistical_baselines/predictions/ilinet_seasonalnaive_injected_5pct.csv,0,0,49,3,3,0,0.0,0.0,0.0,1.0,0.0,0.5,applicable
ilinet,SeasonalNaive,False,0,injected_10pct,2.0,1.8300162320000002,0.6167750000000001,0.4091600000000001,52,results/stage3_statistical_baselines/predictions/ilinet_seasonalnaive_injected_10pct.csv,2,4,43,3,5,6,0.3333333333333333,0.4,0.36363636363636365,0.9148936170212766,0.0851063829787234,0.6574468085106383,applicable
ilinet,SeasonalNaive,False,0,injected_10pct,2.5,2.1333265400000005,0.6167750000000001,0.4091600000000001,52,results/stage3_statistical_baselines/predictions/ilinet_seasonalnaive_injected_10pct.csv,0,4,43,5,5,4,0.0,0.0,0.0,0.9148936170212766,0.0851063829787234,0.4574468085106383,applicable
ilinet,SeasonalNaive,False,0,injected_10pct,3.0,2.4366368480000005,0.6167750000000001,0.4091600000000001,52,results/stage3_statistical_baselines/predictions/ilinet_seasonalnaive_injected_10pct.csv,0,4,43,5,5,4,0.0,0.0,0.0,0.9148936170212766,0.0851063829787234,0.4574468085106383,applicable
ilinet,SeasonalNaive,False,0,injected_10pct,3.5,2.7399471560000004,0.6167750000000001,0.4091600000000001,52,results/stage3_statistical_baselines/predictions/ilinet_seasonalnaive_injected_10pct.csv,0,3,44,5,5,3,0.0,0.0,0.0,0.9361702127659575,0.06382978723404255,0.46808510638297873,applicable
ilinet,SeasonalNaive,False,0,injected_10pct,4.0,3.0432574640000003,0.6167750000000001,0.4091600000000001,52,results/stage3_statistical_baselines/predictions/ilinet_seasonalnaive_injected_10pct.csv,0,2,45,5,5,2,0.0,0.0,0.0,0.9574468085106383,0.0425531914893617,0.4787234042553192,applicable
ilinet,SeasonalNaive,False,0,injected_10pct,4.5,3.346567772,0.6167750000000001,0.4091600000000001,52,results/stage3_statistical_baselines/predictions/ilinet_seasonalnaive_injected_10pct.csv,0,2,45,5,5,2,0.0,0.0,0.0,0.9574468085106383,0.0425531914893617,0.4787234042553192,applicable
ilinet,SeasonalNaive,False,0,injected_10pct,5.0,3.6498780800000006,0.6167750000000001,0.4091600000000001,52,results/stage3_statistical_baselines/predictions/ilinet_seasonalnaive_injected_10pct.csv,0,0,47,5,5,0,0.0,0.0,0.0,1.0,0.0,0.5,applicable
ilinet,SeasonalNaive,False,0,proxy_robust_z,2.0,1.8300162320000002,0.6167750000000001,0.4091600000000001,52,results/stage3_statistical_baselines/predictions/ilinet_seasonalnaive_proxy_robust_z.csv,4,0,41,7,11,4,1.0,0.36363636363636365,0.5333333333333333,1.0,0.0,0.6818181818181819,applicable
ilinet,SeasonalNaive,False,0,proxy_robust_z,2.5,2.1333265400000005,0.6167750000000001,0.4091600000000001,52,results/stage3_statistical_baselines/predictions/ilinet_seasonalnaive_proxy_robust_z.csv,4,0,41,7,11,4,1.0,0.36363636363636365,0.5333333333333333,1.0,0.0,0.6818181818181819,applicable
ilinet,SeasonalNaive,False,0,proxy_robust_z,3.0,2.4366368480000005,0.6167750000000001,0.4091600000000001,52,results/stage3_statistical_baselines/predictions/ilinet_seasonalnaive_proxy_robust_z.csv,4,0,41,7,11,4,1.0,0.36363636363636365,0.5333333333333333,1.0,0.0,0.6818181818181819,applicable
ilinet,SeasonalNaive,False,0,proxy_robust_z,3.5,2.7399471560000004,0.6167750000000001,0.4091600000000001,52,results/stage3_statistical_baselines/predictions/ilinet_seasonalnaive_proxy_robust_z.csv,3,0,41,8,11,3,1.0,0.2727272727272727,0.42857142857142855,1.0,0.0,0.6363636363636364,applicable
ilinet,SeasonalNaive,False,0,proxy_robust_z,4.0,3.0432574640000003,0.6167750000000001,0.4091600000000001,52,results/stage3_statistical_baselines/predictions/ilinet_seasonalnaive_proxy_robust_z.csv,2,0,41,9,11,2,1.0,0.18181818181818182,0.3076923076923077,1.0,0.0,0.5909090909090909,applicable
ilinet,SeasonalNaive,False,0,proxy_robust_z,4.5,3.346567772,0.6167750000000001,0.4091600000000001,52,results/stage3_statistical_baselines/predictions/ilinet_seasonalnaive_proxy_robust_z.csv,2,0,41,9,11,2,1.0,0.18181818181818182,0.3076923076923077,1.0,0.0,0.5909090909090909,applicable
ilinet,SeasonalNaive,False,0,proxy_robust_z,5.0,3.6498780800000006,0.6167750000000001,0.4091600000000001,52,results/stage3_statistical_baselines/predictions/ilinet_seasonalnaive_proxy_robust_z.csv,0,0,41,11,11,0,0.0,0.0,0.0,1.0,0.0,0.5,applicable
ilinet,ARIMA,False,0,injected_5pct,2.0,0.2281443036603564,0.0747037019675256,0.0517471339851716,52,results/stage3_statistical_baselines/predictions/ilinet_arima_injected_5pct.csv,3,21,28,0,3,24,0.125,1.0,0.2222222222222222,0.5714285714285714,0.42857142857142855,0.7857142857142857,applicable
ilinet,ARIMA,False,0,injected_5pct,2.5,0.2665044540835641,0.0747037019675256,0.0517471339851716,52,results/stage3_statistical_baselines/predictions/ilinet_arima_injected_5pct.csv,3,19,30,0,3,22,0.13636363636363635,1.0,0.24,0.6122448979591837,0.3877551020408163,0.8061224489795918,applicable
ilinet,ARIMA,False,0,injected_5pct,3.0,0.30486460450677183,0.0747037019675256,0.0517471339851716,52,results/stage3_statistical_baselines/predictions/ilinet_arima_injected_5pct.csv,3,17,32,0,3,20,0.15,1.0,0.2608695652173913,0.6530612244897959,0.3469387755102041,0.8265306122448979,applicable
ilinet,ARIMA,False,0,injected_5pct,3.5,0.3432247549299795,0.0747037019675256,0.0517471339851716,52,results/stage3_statistical_baselines/predictions/ilinet_arima_injected_5pct.csv,3,16,33,0,3,19,0.15789473684210525,1.0,0.2727272727272727,0.673469387755102,0.32653061224489793,0.8367346938775511,applicable
ilinet,ARIMA,False,0,injected_5pct,4.0,0.38158490535318723,0.0747037019675256,0.0517471339851716,52,results/stage3_statistical_baselines/predictions/ilinet_arima_injected_5pct.csv,3,16,33,0,3,19,0.15789473684210525,1.0,0.2727272727272727,0.673469387755102,0.32653061224489793,0.8367346938775511,applicable
ilinet,ARIMA,False,0,injected_5pct,4.5,0.41994505577639496,0.0747037019675256,0.0517471339851716,52,results/stage3_statistical_baselines/predictions/ilinet_arima_injected_5pct.csv,3,14,35,0,3,17,0.17647058823529413,1.0,0.3,0.7142857142857143,0.2857142857142857,0.8571428571428572,applicable
ilinet,ARIMA,False,0,injected_5pct,5.0,0.4583052061996026,0.0747037019675256,0.0517471339851716,52,results/stage3_statistical_baselines/predictions/ilinet_arima_injected_5pct.csv,3,12,37,0,3,15,0.2,1.0,0.3333333333333333,0.7551020408163265,0.24489795918367346,0.8775510204081632,applicable
ilinet,ARIMA,False,0,injected_10pct,2.0,0.2281443036603564,0.0747037019675256,0.0517471339851716,52,results/stage3_statistical_baselines/predictions/ilinet_arima_injected_10pct.csv,5,16,31,0,5,21,0.23809523809523808,1.0,0.38461538461538464,0.6595744680851063,0.3404255319148936,0.8297872340425532,applicable
ilinet,ARIMA,False,0,injected_10pct,2.5,0.2665044540835641,0.0747037019675256,0.0517471339851716,52,results/stage3_statistical_baselines/predictions/ilinet_arima_injected_10pct.csv,5,13,34,0,5,18,0.2777777777777778,1.0,0.43478260869565216,0.723404255319149,0.2765957446808511,0.8617021276595744,applicable
ilinet,ARIMA,False,0,injected_10pct,3.0,0.30486460450677183,0.0747037019675256,0.0517471339851716,52,results/stage3_statistical_baselines/predictions/ilinet_arima_injected_10pct.csv,5,13,34,0,5,18,0.2777777777777778,1.0,0.43478260869565216,0.723404255319149,0.2765957446808511,0.8617021276595744,applicable
ilinet,ARIMA,False,0,injected_10pct,3.5,0.3432247549299795,0.0747037019675256,0.0517471339851716,52,results/stage3_statistical_baselines/predictions/ilinet_arima_injected_10pct.csv,5,13,34,0,5,18,0.2777777777777778,1.0,0.43478260869565216,0.723404255319149,0.2765957446808511,0.8617021276595744,applicable
ilinet,ARIMA,False,0,injected_10pct,4.0,0.38158490535318723,0.0747037019675256,0.0517471339851716,52,results/stage3_statistical_baselines/predictions/ilinet_arima_injected_10pct.csv,5,12,35,0,5,17,0.29411764705882354,1.0,0.45454545454545453,0.7446808510638298,0.2553191489361702,0.8723404255319149,applicable
ilinet,ARIMA,False,0,injected_10pct,4.5,0.41994505577639496,0.0747037019675256,0.0517471339851716,52,results/stage3_statistical_baselines/predictions/ilinet_arima_injected_10pct.csv,5,11,36,0,5,16,0.3125,1.0,0.47619047619047616,0.7659574468085106,0.23404255319148937,0.8829787234042553,applicable
ilinet,ARIMA,False,0,injected_10pct,5.0,0.4583052061996026,0.0747037019675256,0.0517471339851716,52,results/stage3_statistical_baselines/predictions/ilinet_arima_injected_10pct.csv,5,11,36,0,5,16,0.3125,1.0,0.47619047619047616,0.7659574468085106,0.23404255319148937,0.8829787234042553,applicable
ilinet,ARIMA,False,0,proxy_robust_z,2.0,0.2281443036603564,0.0747037019675256,0.0517471339851716,52,results/stage3_statistical_baselines/predictions/ilinet_arima_proxy_robust_z.csv,10,4,37,1,11,14,0.7142857142857143,0.9090909090909091,0.8,0.9024390243902439,0.0975609756097561,0.9057649667405765,applicable
ilinet,ARIMA,False,0,proxy_robust_z,2.5,0.2665044540835641,0.0747037019675256,0.0517471339851716,52,results/stage3_statistical_baselines/predictions/ilinet_arima_proxy_robust_z.csv,9,2,39,2,11,11,0.8181818181818182,0.8181818181818182,0.8181818181818182,0.9512195121951219,0.04878048780487805,0.8847006651884701,applicable
ilinet,ARIMA,False,0,proxy_robust_z,3.0,0.30486460450677183,0.0747037019675256,0.0517471339851716,52,results/stage3_statistical_baselines/predictions/ilinet_arima_proxy_robust_z.csv,9,2,39,2,11,11,0.8181818181818182,0.8181818181818182,0.8181818181818182,0.9512195121951219,0.04878048780487805,0.8847006651884701,applicable
ilinet,ARIMA,False,0,proxy_robust_z,3.5,0.3432247549299795,0.0747037019675256,0.0517471339851716,52,results/stage3_statistical_baselines/predictions/ilinet_arima_proxy_robust_z.csv,8,1,40,3,11,9,0.8888888888888888,0.7272727272727273,0.8,0.975609756097561,0.024390243902439025,0.8514412416851441,applicable
ilinet,ARIMA,False,0,proxy_robust_z,4.0,0.38158490535318723,0.0747037019675256,0.0517471339851716,52,results/stage3_statistical_baselines/predictions/ilinet_arima_proxy_robust_z.csv,8,1,40,3,11,9,0.8888888888888888,0.7272727272727273,0.8,0.975609756097561,0.024390243902439025,0.8514412416851441,applicable
ilinet,ARIMA,False,0,proxy_robust_z,4.5,0.41994505577639496,0.0747037019675256,0.0517471339851716,52,results/stage3_statistical_baselines/predictions/ilinet_arima_proxy_robust_z.csv,7,0,41,4,11,7,1.0,0.6363636363636364,0.7777777777777778,1.0,0.0,0.8181818181818181,applicable
ilinet,ARIMA,False,0,proxy_robust_z,5.0,0.4583052061996026,0.0747037019675256,0.0517471339851716,52,results/stage3_statistical_baselines/predictions/ilinet_arima_proxy_robust_z.csv,7,0,41,4,11,7,1.0,0.6363636363636364,0.7777777777777778,1.0,0.0,0.8181818181818181,applicable
ilinet,XGBoost,True,110,injected_5pct,2.0,0.281761468641508,0.0852767700486415,0.0662635567897162,52,results/stage4_xgboost/predictions/ilinet_xgboost_seed_110_injected_5pct.csv,3,18,31,0,3,21,0.14285714285714285,1.0,0.25,0.6326530612244898,0.3673469387755102,0.8163265306122449,applicable
ilinet,XGBoost,True,110,injected_5pct,2.5,0.33088264328972455,0.0852767700486415,0.0662635567897162,52,results/stage4_xgboost/predictions/ilinet_xgboost_seed_110_injected_5pct.csv,3,17,32,0,3,20,0.15,1.0,0.2608695652173913,0.6530612244897959,0.3469387755102041,0.8265306122448979,applicable
ilinet,XGBoost,True,110,injected_5pct,3.0,0.3800038179379412,0.0852767700486415,0.0662635567897162,52,results/stage4_xgboost/predictions/ilinet_xgboost_seed_110_injected_5pct.csv,3,13,36,0,3,16,0.1875,1.0,0.3157894736842105,0.7346938775510204,0.2653061224489796,0.8673469387755102,applicable
ilinet,XGBoost,True,110,injected_5pct,3.5,0.42912499258615777,0.0852767700486415,0.0662635567897162,52,results/stage4_xgboost/predictions/ilinet_xgboost_seed_110_injected_5pct.csv,3,13,36,0,3,16,0.1875,1.0,0.3157894736842105,0.7346938775510204,0.2653061224489796,0.8673469387755102,applicable
ilinet,XGBoost,True,110,injected_5pct,4.0,0.4782461672343744,0.0852767700486415,0.0662635567897162,52,results/stage4_xgboost/predictions/ilinet_xgboost_seed_110_injected_5pct.csv,3,13,36,0,3,16,0.1875,1.0,0.3157894736842105,0.7346938775510204,0.2653061224489796,0.8673469387755102,applicable
ilinet,XGBoost,True,110,injected_5pct,4.5,0.527367341882591,0.0852767700486415,0.0662635567897162,52,results/stage4_xgboost/predictions/ilinet_xgboost_seed_110_injected_5pct.csv,3,13,36,0,3,16,0.1875,1.0,0.3157894736842105,0.7346938775510204,0.2653061224489796,0.8673469387755102,applicable
ilinet,XGBoost,True,110,injected_5pct,5.0,0.5764885165308077,0.0852767700486415,0.0662635567897162,52,results/stage4_xgboost/predictions/ilinet_xgboost_seed_110_injected_5pct.csv,3,13,36,0,3,16,0.1875,1.0,0.3157894736842105,0.7346938775510204,0.2653061224489796,0.8673469387755102,applicable
ilinet,XGBoost,True,11,injected_5pct,2.0,0.281761468641508,0.0852767700486415,0.0662635567897162,52,results/stage4_xgboost/predictions/ilinet_xgboost_seed_11_injected_5pct.csv,3,18,31,0,3,21,0.14285714285714285,1.0,0.25,0.6326530612244898,0.3673469387755102,0.8163265306122449,applicable
ilinet,XGBoost,True,11,injected_5pct,2.5,0.33088264328972455,0.0852767700486415,0.0662635567897162,52,results/stage4_xgboost/predictions/ilinet_xgboost_seed_11_injected_5pct.csv,3,17,32,0,3,20,0.15,1.0,0.2608695652173913,0.6530612244897959,0.3469387755102041,0.8265306122448979,applicable
ilinet,XGBoost,True,11,injected_5pct,3.0,0.3800038179379412,0.0852767700486415,0.0662635567897162,52,results/stage4_xgboost/predictions/ilinet_xgboost_seed_11_injected_5pct.csv,3,14,35,0,3,17,0.17647058823529413,1.0,0.3,0.7142857142857143,0.2857142857142857,0.8571428571428572,applicable
ilinet,XGBoost,True,11,injected_5pct,3.5,0.42912499258615777,0.0852767700486415,0.0662635567897162,52,results/stage4_xgboost/predictions/ilinet_xgboost_seed_11_injected_5pct.csv,3,13,36,0,3,16,0.1875,1.0,0.3157894736842105,0.7346938775510204,0.2653061224489796,0.8673469387755102,applicable
ilinet,XGBoost,True,11,injected_5pct,4.0,0.4782461672343744,0.0852767700486415,0.0662635567897162,52,results/stage4_xgboost/predictions/ilinet_xgboost_seed_11_injected_5pct.csv,3,13,36,0,3,16,0.1875,1.0,0.3157894736842105,0.7346938775510204,0.2653061224489796,0.8673469387755102,applicable
ilinet,XGBoost,True,11,injected_5pct,4.5,0.527367341882591,0.0852767700486415,0.0662635567897162,52,results/stage4_xgboost/predictions/ilinet_xgboost_seed_11_injected_5pct.csv,3,13,36,0,3,16,0.1875,1.0,0.3157894736842105,0.7346938775510204,0.2653061224489796,0.8673469387755102,applicable
ilinet,XGBoost,True,11,injected_5pct,5.0,0.5764885165308077,0.0852767700486415,0.0662635567897162,52,results/stage4_xgboost/predictions/ilinet_xgboost_seed_11_injected_5pct.csv,3,12,37,0,3,15,0.2,1.0,0.3333333333333333,0.7551020408163265,0.24489795918367346,0.8775510204081632,applicable
ilinet,XGBoost,True,22,injected_5pct,2.0,0.281761468641508,0.0852767700486415,0.0662635567897162,52,results/stage4_xgboost/predictions/ilinet_xgboost_seed_22_injected_5pct.csv,3,18,31,0,3,21,0.14285714285714285,1.0,0.25,0.6326530612244898,0.3673469387755102,0.8163265306122449,applicable
ilinet,XGBoost,True,22,injected_5pct,2.5,0.33088264328972455,0.0852767700486415,0.0662635567897162,52,results/stage4_xgboost/predictions/ilinet_xgboost_seed_22_injected_5pct.csv,3,18,31,0,3,21,0.14285714285714285,1.0,0.25,0.6326530612244898,0.3673469387755102,0.8163265306122449,applicable
ilinet,XGBoost,True,22,injected_5pct,3.0,0.3800038179379412,0.0852767700486415,0.0662635567897162,52,results/stage4_xgboost/predictions/ilinet_xgboost_seed_22_injected_5pct.csv,3,18,31,0,3,21,0.14285714285714285,1.0,0.25,0.6326530612244898,0.3673469387755102,0.8163265306122449,applicable
ilinet,XGBoost,True,22,injected_5pct,3.5,0.42912499258615777,0.0852767700486415,0.0662635567897162,52,results/stage4_xgboost/predictions/ilinet_xgboost_seed_22_injected_5pct.csv,3,14,35,0,3,17,0.17647058823529413,1.0,0.3,0.7142857142857143,0.2857142857142857,0.8571428571428572,applicable
ilinet,XGBoost,True,22,injected_5pct,4.0,0.4782461672343744,0.0852767700486415,0.0662635567897162,52,results/stage4_xgboost/predictions/ilinet_xgboost_seed_22_injected_5pct.csv,3,13,36,0,3,16,0.1875,1.0,0.3157894736842105,0.7346938775510204,0.2653061224489796,0.8673469387755102,applicable
ilinet,XGBoost,True,22,injected_5pct,4.5,0.527367341882591,0.0852767700486415,0.0662635567897162,52,results/stage4_xgboost/predictions/ilinet_xgboost_seed_22_injected_5pct.csv,3,13,36,0,3,16,0.1875,1.0,0.3157894736842105,0.7346938775510204,0.2653061224489796,0.8673469387755102,applicable
ilinet,XGBoost,True,22,injected_5pct,5.0,0.5764885165308077,0.0852767700486415,0.0662635567897162,52,results/stage4_xgboost/predictions/ilinet_xgboost_seed_22_injected_5pct.csv,3,12,37,0,3,15,0.2,1.0,0.3333333333333333,0.7551020408163265,0.24489795918367346,0.8775510204081632,applicable
ilinet,XGBoost,True,33,injected_5pct,2.0,0.281761468641508,0.0852767700486415,0.0662635567897162,52,results/stage4_xgboost/predictions/ilinet_xgboost_seed_33_injected_5pct.csv,3,20,29,0,3,23,0.13043478260869565,1.0,0.23076923076923078,0.5918367346938775,0.40816326530612246,0.7959183673469388,applicable
ilinet,XGBoost,True,33,injected_5pct,2.5,0.33088264328972455,0.0852767700486415,0.0662635567897162,52,results/stage4_xgboost/predictions/ilinet_xgboost_seed_33_injected_5pct.csv,3,19,30,0,3,22,0.13636363636363635,1.0,0.24,0.6122448979591837,0.3877551020408163,0.8061224489795918,applicable
ilinet,XGBoost,True,33,injected_5pct,3.0,0.3800038179379412,0.0852767700486415,0.0662635567897162,52,results/stage4_xgboost/predictions/ilinet_xgboost_seed_33_injected_5pct.csv,3,16,33,0,3,19,0.15789473684210525,1.0,0.2727272727272727,0.673469387755102,0.32653061224489793,0.8367346938775511,applicable
ilinet,XGBoost,True,33,injected_5pct,3.5,0.42912499258615777,0.0852767700486415,0.0662635567897162,52,results/stage4_xgboost/predictions/ilinet_xgboost_seed_33_injected_5pct.csv,3,13,36,0,3,16,0.1875,1.0,0.3157894736842105,0.7346938775510204,0.2653061224489796,0.8673469387755102,applicable
ilinet,XGBoost,True,33,injected_5pct,4.0,0.4782461672343744,0.0852767700486415,0.0662635567897162,52,results/stage4_xgboost/predictions/ilinet_xgboost_seed_33_injected_5pct.csv,3,13,36,0,3,16,0.1875,1.0,0.3157894736842105,0.7346938775510204,0.2653061224489796,0.8673469387755102,applicable
ilinet,XGBoost,True,33,injected_5pct,4.5,0.527367341882591,0.0852767700486415,0.0662635567897162,52,results/stage4_xgboost/predictions/ilinet_xgboost_seed_33_injected_5pct.csv,3,12,37,0,3,15,0.2,1.0,0.3333333333333333,0.7551020408163265,0.24489795918367346,0.8775510204081632,applicable
ilinet,XGBoost,True,33,injected_5pct,5.0,0.5764885165308077,0.0852767700486415,0.0662635567897162,52,results/stage4_xgboost/predictions/ilinet_xgboost_seed_33_injected_5pct.csv,3,11,38,0,3,14,0.21428571428571427,1.0,0.35294117647058826,0.7755102040816326,0.22448979591836735,0.8877551020408163,applicable
ilinet,XGBoost,True,44,injected_5pct,2.0,0.281761468641508,0.0852767700486415,0.0662635567897162,52,results/stage4_xgboost/predictions/ilinet_xgboost_seed_44_injected_5pct.csv,3,20,29,0,3,23,0.13043478260869565,1.0,0.23076923076923078,0.5918367346938775,0.40816326530612246,0.7959183673469388,applicable
ilinet,XGBoost,True,44,injected_5pct,2.5,0.33088264328972455,0.0852767700486415,0.0662635567897162,52,results/stage4_xgboost/predictions/ilinet_xgboost_seed_44_injected_5pct.csv,3,17,32,0,3,20,0.15,1.0,0.2608695652173913,0.6530612244897959,0.3469387755102041,0.8265306122448979,applicable
ilinet,XGBoost,True,44,injected_5pct,3.0,0.3800038179379412,0.0852767700486415,0.0662635567897162,52,results/stage4_xgboost/predictions/ilinet_xgboost_seed_44_injected_5pct.csv,3,15,34,0,3,18,0.16666666666666666,1.0,0.2857142857142857,0.6938775510204082,0.30612244897959184,0.846938775510204,applicable
ilinet,XGBoost,True,44,injected_5pct,3.5,0.42912499258615777,0.0852767700486415,0.0662635567897162,52,results/stage4_xgboost/predictions/ilinet_xgboost_seed_44_injected_5pct.csv,3,13,36,0,3,16,0.1875,1.0,0.3157894736842105,0.7346938775510204,0.2653061224489796,0.8673469387755102,applicable
ilinet,XGBoost,True,44,injected_5pct,4.0,0.4782461672343744,0.0852767700486415,0.0662635567897162,52,results/stage4_xgboost/predictions/ilinet_xgboost_seed_44_injected_5pct.csv,3,13,36,0,3,16,0.1875,1.0,0.3157894736842105,0.7346938775510204,0.2653061224489796,0.8673469387755102,applicable
ilinet,XGBoost,True,44,injected_5pct,4.5,0.527367341882591,0.0852767700486415,0.0662635567897162,52,results/stage4_xgboost/predictions/ilinet_xgboost_seed_44_injected_5pct.csv,3,13,36,0,3,16,0.1875,1.0,0.3157894736842105,0.7346938775510204,0.2653061224489796,0.8673469387755102,applicable
ilinet,XGBoost,True,44,injected_5pct,5.0,0.5764885165308077,0.0852767700486415,0.0662635567897162,52,results/stage4_xgboost/predictions/ilinet_xgboost_seed_44_injected_5pct.csv,3,13,36,0,3,16,0.1875,1.0,0.3157894736842105,0.7346938775510204,0.2653061224489796,0.8673469387755102,applicable
ilinet,XGBoost,True,55,injected_5pct,2.0,0.281761468641508,0.0852767700486415,0.0662635567897162,52,results/stage4_xgboost/predictions/ilinet_xgboost_seed_55_injected_5pct.csv,3,17,32,0,3,20,0.15,1.0,0.2608695652173913,0.6530612244897959,0.3469387755102041,0.8265306122448979,applicable
ilinet,XGBoost,True,55,injected_5pct,2.5,0.33088264328972455,0.0852767700486415,0.0662635567897162,52,results/stage4_xgboost/predictions/ilinet_xgboost_seed_55_injected_5pct.csv,3,14,35,0,3,17,0.17647058823529413,1.0,0.3,0.7142857142857143,0.2857142857142857,0.8571428571428572,applicable
ilinet,XGBoost,True,55,injected_5pct,3.0,0.3800038179379412,0.0852767700486415,0.0662635567897162,52,results/stage4_xgboost/predictions/ilinet_xgboost_seed_55_injected_5pct.csv,3,14,35,0,3,17,0.17647058823529413,1.0,0.3,0.7142857142857143,0.2857142857142857,0.8571428571428572,applicable
ilinet,XGBoost,True,55,injected_5pct,3.5,0.42912499258615777,0.0852767700486415,0.0662635567897162,52,results/stage4_xgboost/predictions/ilinet_xgboost_seed_55_injected_5pct.csv,3,13,36,0,3,16,0.1875,1.0,0.3157894736842105,0.7346938775510204,0.2653061224489796,0.8673469387755102,applicable
ilinet,XGBoost,True,55,injected_5pct,4.0,0.4782461672343744,0.0852767700486415,0.0662635567897162,52,results/stage4_xgboost/predictions/ilinet_xgboost_seed_55_injected_5pct.csv,3,13,36,0,3,16,0.1875,1.0,0.3157894736842105,0.7346938775510204,0.2653061224489796,0.8673469387755102,applicable
ilinet,XGBoost,True,55,injected_5pct,4.5,0.527367341882591,0.0852767700486415,0.0662635567897162,52,results/stage4_xgboost/predictions/ilinet_xgboost_seed_55_injected_5pct.csv,3,12,37,0,3,15,0.2,1.0,0.3333333333333333,0.7551020408163265,0.24489795918367346,0.8775510204081632,applicable
ilinet,XGBoost,True,55,injected_5pct,5.0,0.5764885165308077,0.0852767700486415,0.0662635567897162,52,results/stage4_xgboost/predictions/ilinet_xgboost_seed_55_injected_5pct.csv,3,12,37,0,3,15,0.2,1.0,0.3333333333333333,0.7551020408163265,0.24489795918367346,0.8775510204081632,applicable
ilinet,XGBoost,True,66,injected_5pct,2.0,0.281761468641508,0.0852767700486415,0.0662635567897162,52,results/stage4_xgboost/predictions/ilinet_xgboost_seed_66_injected_5pct.csv,3,18,31,0,3,21,0.14285714285714285,1.0,0.25,0.6326530612244898,0.3673469387755102,0.8163265306122449,applicable
ilinet,XGBoost,True,66,injected_5pct,2.5,0.33088264328972455,0.0852767700486415,0.0662635567897162,52,results/stage4_xgboost/predictions/ilinet_xgboost_seed_66_injected_5pct.csv,3,15,34,0,3,18,0.16666666666666666,1.0,0.2857142857142857,0.6938775510204082,0.30612244897959184,0.846938775510204,applicable
ilinet,XGBoost,True,66,injected_5pct,3.0,0.3800038179379412,0.0852767700486415,0.0662635567897162,52,results/stage4_xgboost/predictions/ilinet_xgboost_seed_66_injected_5pct.csv,3,14,35,0,3,17,0.17647058823529413,1.0,0.3,0.7142857142857143,0.2857142857142857,0.8571428571428572,applicable
ilinet,XGBoost,True,66,injected_5pct,3.5,0.42912499258615777,0.0852767700486415,0.0662635567897162,52,results/stage4_xgboost/predictions/ilinet_xgboost_seed_66_injected_5pct.csv,3,13,36,0,3,16,0.1875,1.0,0.3157894736842105,0.7346938775510204,0.2653061224489796,0.8673469387755102,applicable
ilinet,XGBoost,True,66,injected_5pct,4.0,0.4782461672343744,0.0852767700486415,0.0662635567897162,52,results/stage4_xgboost/predictions/ilinet_xgboost_seed_66_injected_5pct.csv,3,12,37,0,3,15,0.2,1.0,0.3333333333333333,0.7551020408163265,0.24489795918367346,0.8775510204081632,applicable
ilinet,XGBoost,True,66,injected_5pct,4.5,0.527367341882591,0.0852767700486415,0.0662635567897162,52,results/stage4_xgboost/predictions/ilinet_xgboost_seed_66_injected_5pct.csv,3,12,37,0,3,15,0.2,1.0,0.3333333333333333,0.7551020408163265,0.24489795918367346,0.8775510204081632,applicable
ilinet,XGBoost,True,66,injected_5pct,5.0,0.5764885165308077,0.0852767700486415,0.0662635567897162,52,results/stage4_xgboost/predictions/ilinet_xgboost_seed_66_injected_5pct.csv,3,12,37,0,3,15,0.2,1.0,0.3333333333333333,0.7551020408163265,0.24489795918367346,0.8775510204081632,applicable
ilinet,XGBoost,True,77,injected_5pct,2.0,0.281761468641508,0.0852767700486415,0.0662635567897162,52,results/stage4_xgboost/predictions/ilinet_xgboost_seed_77_injected_5pct.csv,3,18,31,0,3,21,0.14285714285714285,1.0,0.25,0.6326530612244898,0.3673469387755102,0.8163265306122449,applicable
ilinet,XGBoost,True,77,injected_5pct,2.5,0.33088264328972455,0.0852767700486415,0.0662635567897162,52,results/stage4_xgboost/predictions/ilinet_xgboost_seed_77_injected_5pct.csv,3,17,32,0,3,20,0.15,1.0,0.2608695652173913,0.6530612244897959,0.3469387755102041,0.8265306122448979,applicable
ilinet,XGBoost,True,77,injected_5pct,3.0,0.3800038179379412,0.0852767700486415,0.0662635567897162,52,results/stage4_xgboost/predictions/ilinet_xgboost_seed_77_injected_5pct.csv,3,14,35,0,3,17,0.17647058823529413,1.0,0.3,0.7142857142857143,0.2857142857142857,0.8571428571428572,applicable
ilinet,XGBoost,True,77,injected_5pct,3.5,0.42912499258615777,0.0852767700486415,0.0662635567897162,52,results/stage4_xgboost/predictions/ilinet_xgboost_seed_77_injected_5pct.csv,3,13,36,0,3,16,0.1875,1.0,0.3157894736842105,0.7346938775510204,0.2653061224489796,0.8673469387755102,applicable
ilinet,XGBoost,True,77,injected_5pct,4.0,0.4782461672343744,0.0852767700486415,0.0662635567897162,52,results/stage4_xgboost/predictions/ilinet_xgboost_seed_77_injected_5pct.csv,3,13,36,0,3,16,0.1875,1.0,0.3157894736842105,0.7346938775510204,0.2653061224489796,0.8673469387755102,applicable
ilinet,XGBoost,True,77,injected_5pct,4.5,0.527367341882591,0.0852767700486415,0.0662635567897162,52,results/stage4_xgboost/predictions/ilinet_xgboost_seed_77_injected_5pct.csv,3,13,36,0,3,16,0.1875,1.0,0.3157894736842105,0.7346938775510204,0.2653061224489796,0.8673469387755102,applicable
ilinet,XGBoost,True,77,injected_5pct,5.0,0.5764885165308077,0.0852767700486415,0.0662635567897162,52,results/stage4_xgboost/predictions/ilinet_xgboost_seed_77_injected_5pct.csv,3,12,37,0,3,15,0.2,1.0,0.3333333333333333,0.7551020408163265,0.24489795918367346,0.8775510204081632,applicable
ilinet,XGBoost,True,88,injected_5pct,2.0,0.281761468641508,0.0852767700486415,0.0662635567897162,52,results/stage4_xgboost/predictions/ilinet_xgboost_seed_88_injected_5pct.csv,3,20,29,0,3,23,0.13043478260869565,1.0,0.23076923076923078,0.5918367346938775,0.40816326530612246,0.7959183673469388,applicable
ilinet,XGBoost,True,88,injected_5pct,2.5,0.33088264328972455,0.0852767700486415,0.0662635567897162,52,results/stage4_xgboost/predictions/ilinet_xgboost_seed_88_injected_5pct.csv,3,18,31,0,3,21,0.14285714285714285,1.0,0.25,0.6326530612244898,0.3673469387755102,0.8163265306122449,applicable
ilinet,XGBoost,True,88,injected_5pct,3.0,0.3800038179379412,0.0852767700486415,0.0662635567897162,52,results/stage4_xgboost/predictions/ilinet_xgboost_seed_88_injected_5pct.csv,3,16,33,0,3,19,0.15789473684210525,1.0,0.2727272727272727,0.673469387755102,0.32653061224489793,0.8367346938775511,applicable
ilinet,XGBoost,True,88,injected_5pct,3.5,0.42912499258615777,0.0852767700486415,0.0662635567897162,52,results/stage4_xgboost/predictions/ilinet_xgboost_seed_88_injected_5pct.csv,3,14,35,0,3,17,0.17647058823529413,1.0,0.3,0.7142857142857143,0.2857142857142857,0.8571428571428572,applicable
ilinet,XGBoost,True,88,injected_5pct,4.0,0.4782461672343744,0.0852767700486415,0.0662635567897162,52,results/stage4_xgboost/predictions/ilinet_xgboost_seed_88_injected_5pct.csv,3,13,36,0,3,16,0.1875,1.0,0.3157894736842105,0.7346938775510204,0.2653061224489796,0.8673469387755102,applicable
ilinet,XGBoost,True,88,injected_5pct,4.5,0.527367341882591,0.0852767700486415,0.0662635567897162,52,results/stage4_xgboost/predictions/ilinet_xgboost_seed_88_injected_5pct.csv,3,12,37,0,3,15,0.2,1.0,0.3333333333333333,0.7551020408163265,0.24489795918367346,0.8775510204081632,applicable
ilinet,XGBoost,True,88,injected_5pct,5.0,0.5764885165308077,0.0852767700486415,0.0662635567897162,52,results/stage4_xgboost/predictions/ilinet_xgboost_seed_88_injected_5pct.csv,3,12,37,0,3,15,0.2,1.0,0.3333333333333333,0.7551020408163265,0.24489795918367346,0.8775510204081632,applicable
ilinet,XGBoost,True,99,injected_5pct,2.0,0.281761468641508,0.0852767700486415,0.0662635567897162,52,results/stage4_xgboost/predictions/ilinet_xgboost_seed_99_injected_5pct.csv,3,17,32,0,3,20,0.15,1.0,0.2608695652173913,0.6530612244897959,0.3469387755102041,0.8265306122448979,applicable
ilinet,XGBoost,True,99,injected_5pct,2.5,0.33088264328972455,0.0852767700486415,0.0662635567897162,52,results/stage4_xgboost/predictions/ilinet_xgboost_seed_99_injected_5pct.csv,3,16,33,0,3,19,0.15789473684210525,1.0,0.2727272727272727,0.673469387755102,0.32653061224489793,0.8367346938775511,applicable
ilinet,XGBoost,True,99,injected_5pct,3.0,0.3800038179379412,0.0852767700486415,0.0662635567897162,52,results/stage4_xgboost/predictions/ilinet_xgboost_seed_99_injected_5pct.csv,3,14,35,0,3,17,0.17647058823529413,1.0,0.3,0.7142857142857143,0.2857142857142857,0.8571428571428572,applicable
ilinet,XGBoost,True,99,injected_5pct,3.5,0.42912499258615777,0.0852767700486415,0.0662635567897162,52,results/stage4_xgboost/predictions/ilinet_xgboost_seed_99_injected_5pct.csv,3,13,36,0,3,16,0.1875,1.0,0.3157894736842105,0.7346938775510204,0.2653061224489796,0.8673469387755102,applicable
ilinet,XGBoost,True,99,injected_5pct,4.0,0.4782461672343744,0.0852767700486415,0.0662635567897162,52,results/stage4_xgboost/predictions/ilinet_xgboost_seed_99_injected_5pct.csv,3,12,37,0,3,15,0.2,1.0,0.3333333333333333,0.7551020408163265,0.24489795918367346,0.8775510204081632,applicable
ilinet,XGBoost,True,99,injected_5pct,4.5,0.527367341882591,0.0852767700486415,0.0662635567897162,52,results/stage4_xgboost/predictions/ilinet_xgboost_seed_99_injected_5pct.csv,3,12,37,0,3,15,0.2,1.0,0.3333333333333333,0.7551020408163265,0.24489795918367346,0.8775510204081632,applicable
ilinet,XGBoost,True,99,injected_5pct,5.0,0.5764885165308077,0.0852767700486415,0.0662635567897162,52,results/stage4_xgboost/predictions/ilinet_xgboost_seed_99_injected_5pct.csv,3,12,37,0,3,15,0.2,1.0,0.3333333333333333,0.7551020408163265,0.24489795918367346,0.8775510204081632,applicable
ilinet,XGBoost,True,110,injected_10pct,2.0,0.281761468641508,0.0852767700486415,0.0662635567897162,52,results/stage4_xgboost/predictions/ilinet_xgboost_seed_110_injected_10pct.csv,5,13,34,0,5,18,0.2777777777777778,1.0,0.43478260869565216,0.723404255319149,0.2765957446808511,0.8617021276595744,applicable
ilinet,XGBoost,True,110,injected_10pct,2.5,0.33088264328972455,0.0852767700486415,0.0662635567897162,52,results/stage4_xgboost/predictions/ilinet_xgboost_seed_110_injected_10pct.csv,5,10,37,0,5,15,0.3333333333333333,1.0,0.5,0.7872340425531915,0.2127659574468085,0.8936170212765957,applicable
ilinet,XGBoost,True,110,injected_10pct,3.0,0.3800038179379412,0.0852767700486415,0.0662635567897162,52,results/stage4_xgboost/predictions/ilinet_xgboost_seed_110_injected_10pct.csv,5,9,38,0,5,14,0.35714285714285715,1.0,0.5263157894736842,0.8085106382978723,0.19148936170212766,0.9042553191489362,applicable
ilinet,XGBoost,True,110,injected_10pct,3.5,0.42912499258615777,0.0852767700486415,0.0662635567897162,52,results/stage4_xgboost/predictions/ilinet_xgboost_seed_110_injected_10pct.csv,4,8,39,1,5,12,0.3333333333333333,0.8,0.47058823529411764,0.8297872340425532,0.1702127659574468,0.8148936170212766,applicable
ilinet,XGBoost,True,110,injected_10pct,4.0,0.4782461672343744,0.0852767700486415,0.0662635567897162,52,results/stage4_xgboost/predictions/ilinet_xgboost_seed_110_injected_10pct.csv,4,8,39,1,5,12,0.3333333333333333,0.8,0.47058823529411764,0.8297872340425532,0.1702127659574468,0.8148936170212766,applicable
ilinet,XGBoost,True,110,injected_10pct,4.5,0.527367341882591,0.0852767700486415,0.0662635567897162,52,results/stage4_xgboost/predictions/ilinet_xgboost_seed_110_injected_10pct.csv,4,8,39,1,5,12,0.3333333333333333,0.8,0.47058823529411764,0.8297872340425532,0.1702127659574468,0.8148936170212766,applicable
ilinet,XGBoost,True,110,injected_10pct,5.0,0.5764885165308077,0.0852767700486415,0.0662635567897162,52,results/stage4_xgboost/predictions/ilinet_xgboost_seed_110_injected_10pct.csv,4,8,39,1,5,12,0.3333333333333333,0.8,0.47058823529411764,0.8297872340425532,0.1702127659574468,0.8148936170212766,applicable
ilinet,XGBoost,True,11,injected_10pct,2.0,0.281761468641508,0.0852767700486415,0.0662635567897162,52,results/stage4_xgboost/predictions/ilinet_xgboost_seed_11_injected_10pct.csv,5,11,36,0,5,16,0.3125,1.0,0.47619047619047616,0.7659574468085106,0.23404255319148937,0.8829787234042553,applicable
ilinet,XGBoost,True,11,injected_10pct,2.5,0.33088264328972455,0.0852767700486415,0.0662635567897162,52,results/stage4_xgboost/predictions/ilinet_xgboost_seed_11_injected_10pct.csv,5,11,36,0,5,16,0.3125,1.0,0.47619047619047616,0.7659574468085106,0.23404255319148937,0.8829787234042553,applicable
ilinet,XGBoost,True,11,injected_10pct,3.0,0.3800038179379412,0.0852767700486415,0.0662635567897162,52,results/stage4_xgboost/predictions/ilinet_xgboost_seed_11_injected_10pct.csv,5,9,38,0,5,14,0.35714285714285715,1.0,0.5263157894736842,0.8085106382978723,0.19148936170212766,0.9042553191489362,applicable
ilinet,XGBoost,True,11,injected_10pct,3.5,0.42912499258615777,0.0852767700486415,0.0662635567897162,52,results/stage4_xgboost/predictions/ilinet_xgboost_seed_11_injected_10pct.csv,4,8,39,1,5,12,0.3333333333333333,0.8,0.47058823529411764,0.8297872340425532,0.1702127659574468,0.8148936170212766,applicable
ilinet,XGBoost,True,11,injected_10pct,4.0,0.4782461672343744,0.0852767700486415,0.0662635567897162,52,results/stage4_xgboost/predictions/ilinet_xgboost_seed_11_injected_10pct.csv,4,8,39,1,5,12,0.3333333333333333,0.8,0.47058823529411764,0.8297872340425532,0.1702127659574468,0.8148936170212766,applicable
ilinet,XGBoost,True,11,injected_10pct,4.5,0.527367341882591,0.0852767700486415,0.0662635567897162,52,results/stage4_xgboost/predictions/ilinet_xgboost_seed_11_injected_10pct.csv,4,8,39,1,5,12,0.3333333333333333,0.8,0.47058823529411764,0.8297872340425532,0.1702127659574468,0.8148936170212766,applicable
ilinet,XGBoost,True,11,injected_10pct,5.0,0.5764885165308077,0.0852767700486415,0.0662635567897162,52,results/stage4_xgboost/predictions/ilinet_xgboost_seed_11_injected_10pct.csv,4,8,39,1,5,12,0.3333333333333333,0.8,0.47058823529411764,0.8297872340425532,0.1702127659574468,0.8148936170212766,applicable
ilinet,XGBoost,True,22,injected_10pct,2.0,0.281761468641508,0.0852767700486415,0.0662635567897162,52,results/stage4_xgboost/predictions/ilinet_xgboost_seed_22_injected_10pct.csv,5,14,33,0,5,19,0.2631578947368421,1.0,0.4166666666666667,0.7021276595744681,0.2978723404255319,0.851063829787234,applicable
ilinet,XGBoost,True,22,injected_10pct,2.5,0.33088264328972455,0.0852767700486415,0.0662635567897162,52,results/stage4_xgboost/predictions/ilinet_xgboost_seed_22_injected_10pct.csv,5,12,35,0,5,17,0.29411764705882354,1.0,0.45454545454545453,0.7446808510638298,0.2553191489361702,0.8723404255319149,applicable
ilinet,XGBoost,True,22,injected_10pct,3.0,0.3800038179379412,0.0852767700486415,0.0662635567897162,52,results/stage4_xgboost/predictions/ilinet_xgboost_seed_22_injected_10pct.csv,5,9,38,0,5,14,0.35714285714285715,1.0,0.5263157894736842,0.8085106382978723,0.19148936170212766,0.9042553191489362,applicable
ilinet,XGBoost,True,22,injected_10pct,3.5,0.42912499258615777,0.0852767700486415,0.0662635567897162,52,results/stage4_xgboost/predictions/ilinet_xgboost_seed_22_injected_10pct.csv,5,8,39,0,5,13,0.38461538461538464,1.0,0.5555555555555556,0.8297872340425532,0.1702127659574468,0.9148936170212766,applicable
ilinet,XGBoost,True,22,injected_10pct,4.0,0.4782461672343744,0.0852767700486415,0.0662635567897162,52,results/stage4_xgboost/predictions/ilinet_xgboost_seed_22_injected_10pct.csv,5,8,39,0,5,13,0.38461538461538464,1.0,0.5555555555555556,0.8297872340425532,0.1702127659574468,0.9148936170212766,applicable
ilinet,XGBoost,True,22,injected_10pct,4.5,0.527367341882591,0.0852767700486415,0.0662635567897162,52,results/stage4_xgboost/predictions/ilinet_xgboost_seed_22_injected_10pct.csv,5,8,39,0,5,13,0.38461538461538464,1.0,0.5555555555555556,0.8297872340425532,0.1702127659574468,0.9148936170212766,applicable
ilinet,XGBoost,True,22,injected_10pct,5.0,0.5764885165308077,0.0852767700486415,0.0662635567897162,52,results/stage4_xgboost/predictions/ilinet_xgboost_seed_22_injected_10pct.csv,4,8,39,1,5,12,0.3333333333333333,0.8,0.47058823529411764,0.8297872340425532,0.1702127659574468,0.8148936170212766,applicable
ilinet,XGBoost,True,33,injected_10pct,2.0,0.281761468641508,0.0852767700486415,0.0662635567897162,52,results/stage4_xgboost/predictions/ilinet_xgboost_seed_33_injected_10pct.csv,5,13,34,0,5,18,0.2777777777777778,1.0,0.43478260869565216,0.723404255319149,0.2765957446808511,0.8617021276595744,applicable
ilinet,XGBoost,True,33,injected_10pct,2.5,0.33088264328972455,0.0852767700486415,0.0662635567897162,52,results/stage4_xgboost/predictions/ilinet_xgboost_seed_33_injected_10pct.csv,5,13,34,0,5,18,0.2777777777777778,1.0,0.43478260869565216,0.723404255319149,0.2765957446808511,0.8617021276595744,applicable
ilinet,XGBoost,True,33,injected_10pct,3.0,0.3800038179379412,0.0852767700486415,0.0662635567897162,52,results/stage4_xgboost/predictions/ilinet_xgboost_seed_33_injected_10pct.csv,5,9,38,0,5,14,0.35714285714285715,1.0,0.5263157894736842,0.8085106382978723,0.19148936170212766,0.9042553191489362,applicable
ilinet,XGBoost,True,33,injected_10pct,3.5,0.42912499258615777,0.0852767700486415,0.0662635567897162,52,results/stage4_xgboost/predictions/ilinet_xgboost_seed_33_injected_10pct.csv,5,8,39,0,5,13,0.38461538461538464,1.0,0.5555555555555556,0.8297872340425532,0.1702127659574468,0.9148936170212766,applicable
ilinet,XGBoost,True,33,injected_10pct,4.0,0.4782461672343744,0.0852767700486415,0.0662635567897162,52,results/stage4_xgboost/predictions/ilinet_xgboost_seed_33_injected_10pct.csv,4,8,39,1,5,12,0.3333333333333333,0.8,0.47058823529411764,0.8297872340425532,0.1702127659574468,0.8148936170212766,applicable
ilinet,XGBoost,True,33,injected_10pct,4.5,0.527367341882591,0.0852767700486415,0.0662635567897162,52,results/stage4_xgboost/predictions/ilinet_xgboost_seed_33_injected_10pct.csv,4,8,39,1,5,12,0.3333333333333333,0.8,0.47058823529411764,0.8297872340425532,0.1702127659574468,0.8148936170212766,applicable
ilinet,XGBoost,True,33,injected_10pct,5.0,0.5764885165308077,0.0852767700486415,0.0662635567897162,52,results/stage4_xgboost/predictions/ilinet_xgboost_seed_33_injected_10pct.csv,4,8,39,1,5,12,0.3333333333333333,0.8,0.47058823529411764,0.8297872340425532,0.1702127659574468,0.8148936170212766,applicable
ilinet,XGBoost,True,44,injected_10pct,2.0,0.281761468641508,0.0852767700486415,0.0662635567897162,52,results/stage4_xgboost/predictions/ilinet_xgboost_seed_44_injected_10pct.csv,5,13,34,0,5,18,0.2777777777777778,1.0,0.43478260869565216,0.723404255319149,0.2765957446808511,0.8617021276595744,applicable
ilinet,XGBoost,True,44,injected_10pct,2.5,0.33088264328972455,0.0852767700486415,0.0662635567897162,52,results/stage4_xgboost/predictions/ilinet_xgboost_seed_44_injected_10pct.csv,5,13,34,0,5,18,0.2777777777777778,1.0,0.43478260869565216,0.723404255319149,0.2765957446808511,0.8617021276595744,applicable
ilinet,XGBoost,True,44,injected_10pct,3.0,0.3800038179379412,0.0852767700486415,0.0662635567897162,52,results/stage4_xgboost/predictions/ilinet_xgboost_seed_44_injected_10pct.csv,5,10,37,0,5,15,0.3333333333333333,1.0,0.5,0.7872340425531915,0.2127659574468085,0.8936170212765957,applicable
ilinet,XGBoost,True,44,injected_10pct,3.5,0.42912499258615777,0.0852767700486415,0.0662635567897162,52,results/stage4_xgboost/predictions/ilinet_xgboost_seed_44_injected_10pct.csv,5,8,39,0,5,13,0.38461538461538464,1.0,0.5555555555555556,0.8297872340425532,0.1702127659574468,0.9148936170212766,applicable
ilinet,XGBoost,True,44,injected_10pct,4.0,0.4782461672343744,0.0852767700486415,0.0662635567897162,52,results/stage4_xgboost/predictions/ilinet_xgboost_seed_44_injected_10pct.csv,4,8,39,1,5,12,0.3333333333333333,0.8,0.47058823529411764,0.8297872340425532,0.1702127659574468,0.8148936170212766,applicable
ilinet,XGBoost,True,44,injected_10pct,4.5,0.527367341882591,0.0852767700486415,0.0662635567897162,52,results/stage4_xgboost/predictions/ilinet_xgboost_seed_44_injected_10pct.csv,4,8,39,1,5,12,0.3333333333333333,0.8,0.47058823529411764,0.8297872340425532,0.1702127659574468,0.8148936170212766,applicable
ilinet,XGBoost,True,44,injected_10pct,5.0,0.5764885165308077,0.0852767700486415,0.0662635567897162,52,results/stage4_xgboost/predictions/ilinet_xgboost_seed_44_injected_10pct.csv,4,8,39,1,5,12,0.3333333333333333,0.8,0.47058823529411764,0.8297872340425532,0.1702127659574468,0.8148936170212766,applicable
ilinet,XGBoost,True,55,injected_10pct,2.0,0.281761468641508,0.0852767700486415,0.0662635567897162,52,results/stage4_xgboost/predictions/ilinet_xgboost_seed_55_injected_10pct.csv,5,11,36,0,5,16,0.3125,1.0,0.47619047619047616,0.7659574468085106,0.23404255319148937,0.8829787234042553,applicable
ilinet,XGBoost,True,55,injected_10pct,2.5,0.33088264328972455,0.0852767700486415,0.0662635567897162,52,results/stage4_xgboost/predictions/ilinet_xgboost_seed_55_injected_10pct.csv,5,10,37,0,5,15,0.3333333333333333,1.0,0.5,0.7872340425531915,0.2127659574468085,0.8936170212765957,applicable
ilinet,XGBoost,True,55,injected_10pct,3.0,0.3800038179379412,0.0852767700486415,0.0662635567897162,52,results/stage4_xgboost/predictions/ilinet_xgboost_seed_55_injected_10pct.csv,5,10,37,0,5,15,0.3333333333333333,1.0,0.5,0.7872340425531915,0.2127659574468085,0.8936170212765957,applicable
ilinet,XGBoost,True,55,injected_10pct,3.5,0.42912499258615777,0.0852767700486415,0.0662635567897162,52,results/stage4_xgboost/predictions/ilinet_xgboost_seed_55_injected_10pct.csv,5,8,39,0,5,13,0.38461538461538464,1.0,0.5555555555555556,0.8297872340425532,0.1702127659574468,0.9148936170212766,applicable
ilinet,XGBoost,True,55,injected_10pct,4.0,0.4782461672343744,0.0852767700486415,0.0662635567897162,52,results/stage4_xgboost/predictions/ilinet_xgboost_seed_55_injected_10pct.csv,5,8,39,0,5,13,0.38461538461538464,1.0,0.5555555555555556,0.8297872340425532,0.1702127659574468,0.9148936170212766,applicable
ilinet,XGBoost,True,55,injected_10pct,4.5,0.527367341882591,0.0852767700486415,0.0662635567897162,52,results/stage4_xgboost/predictions/ilinet_xgboost_seed_55_injected_10pct.csv,4,8,39,1,5,12,0.3333333333333333,0.8,0.47058823529411764,0.8297872340425532,0.1702127659574468,0.8148936170212766,applicable
ilinet,XGBoost,True,55,injected_10pct,5.0,0.5764885165308077,0.0852767700486415,0.0662635567897162,52,results/stage4_xgboost/predictions/ilinet_xgboost_seed_55_injected_10pct.csv,4,8,39,1,5,12,0.3333333333333333,0.8,0.47058823529411764,0.8297872340425532,0.1702127659574468,0.8148936170212766,applicable
ilinet,XGBoost,True,66,injected_10pct,2.0,0.281761468641508,0.0852767700486415,0.0662635567897162,52,results/stage4_xgboost/predictions/ilinet_xgboost_seed_66_injected_10pct.csv,5,11,36,0,5,16,0.3125,1.0,0.47619047619047616,0.7659574468085106,0.23404255319148937,0.8829787234042553,applicable
ilinet,XGBoost,True,66,injected_10pct,2.5,0.33088264328972455,0.0852767700486415,0.0662635567897162,52,results/stage4_xgboost/predictions/ilinet_xgboost_seed_66_injected_10pct.csv,5,10,37,0,5,15,0.3333333333333333,1.0,0.5,0.7872340425531915,0.2127659574468085,0.8936170212765957,applicable
ilinet,XGBoost,True,66,injected_10pct,3.0,0.3800038179379412,0.0852767700486415,0.0662635567897162,52,results/stage4_xgboost/predictions/ilinet_xgboost_seed_66_injected_10pct.csv,5,10,37,0,5,15,0.3333333333333333,1.0,0.5,0.7872340425531915,0.2127659574468085,0.8936170212765957,applicable
ilinet,XGBoost,True,66,injected_10pct,3.5,0.42912499258615777,0.0852767700486415,0.0662635567897162,52,results/stage4_xgboost/predictions/ilinet_xgboost_seed_66_injected_10pct.csv,4,10,37,1,5,14,0.2857142857142857,0.8,0.42105263157894735,0.7872340425531915,0.2127659574468085,0.7936170212765958,applicable
ilinet,XGBoost,True,66,injected_10pct,4.0,0.4782461672343744,0.0852767700486415,0.0662635567897162,52,results/stage4_xgboost/predictions/ilinet_xgboost_seed_66_injected_10pct.csv,4,8,39,1,5,12,0.3333333333333333,0.8,0.47058823529411764,0.8297872340425532,0.1702127659574468,0.8148936170212766,applicable
ilinet,XGBoost,True,66,injected_10pct,4.5,0.527367341882591,0.0852767700486415,0.0662635567897162,52,results/stage4_xgboost/predictions/ilinet_xgboost_seed_66_injected_10pct.csv,4,8,39,1,5,12,0.3333333333333333,0.8,0.47058823529411764,0.8297872340425532,0.1702127659574468,0.8148936170212766,applicable
ilinet,XGBoost,True,66,injected_10pct,5.0,0.5764885165308077,0.0852767700486415,0.0662635567897162,52,results/stage4_xgboost/predictions/ilinet_xgboost_seed_66_injected_10pct.csv,4,8,39,1,5,12,0.3333333333333333,0.8,0.47058823529411764,0.8297872340425532,0.1702127659574468,0.8148936170212766,applicable
ilinet,XGBoost,True,77,injected_10pct,2.0,0.281761468641508,0.0852767700486415,0.0662635567897162,52,results/stage4_xgboost/predictions/ilinet_xgboost_seed_77_injected_10pct.csv,5,12,35,0,5,17,0.29411764705882354,1.0,0.45454545454545453,0.7446808510638298,0.2553191489361702,0.8723404255319149,applicable
ilinet,XGBoost,True,77,injected_10pct,2.5,0.33088264328972455,0.0852767700486415,0.0662635567897162,52,results/stage4_xgboost/predictions/ilinet_xgboost_seed_77_injected_10pct.csv,5,11,36,0,5,16,0.3125,1.0,0.47619047619047616,0.7659574468085106,0.23404255319148937,0.8829787234042553,applicable
ilinet,XGBoost,True,77,injected_10pct,3.0,0.3800038179379412,0.0852767700486415,0.0662635567897162,52,results/stage4_xgboost/predictions/ilinet_xgboost_seed_77_injected_10pct.csv,5,9,38,0,5,14,0.35714285714285715,1.0,0.5263157894736842,0.8085106382978723,0.19148936170212766,0.9042553191489362,applicable
ilinet,XGBoost,True,77,injected_10pct,3.5,0.42912499258615777,0.0852767700486415,0.0662635567897162,52,results/stage4_xgboost/predictions/ilinet_xgboost_seed_77_injected_10pct.csv,4,8,39,1,5,12,0.3333333333333333,0.8,0.47058823529411764,0.8297872340425532,0.1702127659574468,0.8148936170212766,applicable
ilinet,XGBoost,True,77,injected_10pct,4.0,0.4782461672343744,0.0852767700486415,0.0662635567897162,52,results/stage4_xgboost/predictions/ilinet_xgboost_seed_77_injected_10pct.csv,4,8,39,1,5,12,0.3333333333333333,0.8,0.47058823529411764,0.8297872340425532,0.1702127659574468,0.8148936170212766,applicable
ilinet,XGBoost,True,77,injected_10pct,4.5,0.527367341882591,0.0852767700486415,0.0662635567897162,52,results/stage4_xgboost/predictions/ilinet_xgboost_seed_77_injected_10pct.csv,4,8,39,1,5,12,0.3333333333333333,0.8,0.47058823529411764,0.8297872340425532,0.1702127659574468,0.8148936170212766,applicable
ilinet,XGBoost,True,77,injected_10pct,5.0,0.5764885165308077,0.0852767700486415,0.0662635567897162,52,results/stage4_xgboost/predictions/ilinet_xgboost_seed_77_injected_10pct.csv,4,8,39,1,5,12,0.3333333333333333,0.8,0.47058823529411764,0.8297872340425532,0.1702127659574468,0.8148936170212766,applicable
ilinet,XGBoost,True,88,injected_10pct,2.0,0.281761468641508,0.0852767700486415,0.0662635567897162,52,results/stage4_xgboost/predictions/ilinet_xgboost_seed_88_injected_10pct.csv,5,15,32,0,5,20,0.25,1.0,0.4,0.6808510638297872,0.3191489361702128,0.8404255319148937,applicable
ilinet,XGBoost,True,88,injected_10pct,2.5,0.33088264328972455,0.0852767700486415,0.0662635567897162,52,results/stage4_xgboost/predictions/ilinet_xgboost_seed_88_injected_10pct.csv,5,13,34,0,5,18,0.2777777777777778,1.0,0.43478260869565216,0.723404255319149,0.2765957446808511,0.8617021276595744,applicable
ilinet,XGBoost,True,88,injected_10pct,3.0,0.3800038179379412,0.0852767700486415,0.0662635567897162,52,results/stage4_xgboost/predictions/ilinet_xgboost_seed_88_injected_10pct.csv,5,9,38,0,5,14,0.35714285714285715,1.0,0.5263157894736842,0.8085106382978723,0.19148936170212766,0.9042553191489362,applicable
ilinet,XGBoost,True,88,injected_10pct,3.5,0.42912499258615777,0.0852767700486415,0.0662635567897162,52,results/stage4_xgboost/predictions/ilinet_xgboost_seed_88_injected_10pct.csv,4,9,38,1,5,13,0.3076923076923077,0.8,0.4444444444444444,0.8085106382978723,0.19148936170212766,0.8042553191489361,applicable
ilinet,XGBoost,True,88,injected_10pct,4.0,0.4782461672343744,0.0852767700486415,0.0662635567897162,52,results/stage4_xgboost/predictions/ilinet_xgboost_seed_88_injected_10pct.csv,4,8,39,1,5,12,0.3333333333333333,0.8,0.47058823529411764,0.8297872340425532,0.1702127659574468,0.8148936170212766,applicable
ilinet,XGBoost,True,88,injected_10pct,4.5,0.527367341882591,0.0852767700486415,0.0662635567897162,52,results/stage4_xgboost/predictions/ilinet_xgboost_seed_88_injected_10pct.csv,4,8,39,1,5,12,0.3333333333333333,0.8,0.47058823529411764,0.8297872340425532,0.1702127659574468,0.8148936170212766,applicable
ilinet,XGBoost,True,88,injected_10pct,5.0,0.5764885165308077,0.0852767700486415,0.0662635567897162,52,results/stage4_xgboost/predictions/ilinet_xgboost_seed_88_injected_10pct.csv,4,8,39,1,5,12,0.3333333333333333,0.8,0.47058823529411764,0.8297872340425532,0.1702127659574468,0.8148936170212766,applicable
ilinet,XGBoost,True,99,injected_10pct,2.0,0.281761468641508,0.0852767700486415,0.0662635567897162,52,results/stage4_xgboost/predictions/ilinet_xgboost_seed_99_injected_10pct.csv,5,13,34,0,5,18,0.2777777777777778,1.0,0.43478260869565216,0.723404255319149,0.2765957446808511,0.8617021276595744,applicable
ilinet,XGBoost,True,99,injected_10pct,2.5,0.33088264328972455,0.0852767700486415,0.0662635567897162,52,results/stage4_xgboost/predictions/ilinet_xgboost_seed_99_injected_10pct.csv,5,10,37,0,5,15,0.3333333333333333,1.0,0.5,0.7872340425531915,0.2127659574468085,0.8936170212765957,applicable
ilinet,XGBoost,True,99,injected_10pct,3.0,0.3800038179379412,0.0852767700486415,0.0662635567897162,52,results/stage4_xgboost/predictions/ilinet_xgboost_seed_99_injected_10pct.csv,4,10,37,1,5,14,0.2857142857142857,0.8,0.42105263157894735,0.7872340425531915,0.2127659574468085,0.7936170212765958,applicable
ilinet,XGBoost,True,99,injected_10pct,3.5,0.42912499258615777,0.0852767700486415,0.0662635567897162,52,results/stage4_xgboost/predictions/ilinet_xgboost_seed_99_injected_10pct.csv,4,8,39,1,5,12,0.3333333333333333,0.8,0.47058823529411764,0.8297872340425532,0.1702127659574468,0.8148936170212766,applicable
ilinet,XGBoost,True,99,injected_10pct,4.0,0.4782461672343744,0.0852767700486415,0.0662635567897162,52,results/stage4_xgboost/predictions/ilinet_xgboost_seed_99_injected_10pct.csv,4,8,39,1,5,12,0.3333333333333333,0.8,0.47058823529411764,0.8297872340425532,0.1702127659574468,0.8148936170212766,applicable
ilinet,XGBoost,True,99,injected_10pct,4.5,0.527367341882591,0.0852767700486415,0.0662635567897162,52,results/stage4_xgboost/predictions/ilinet_xgboost_seed_99_injected_10pct.csv,4,8,39,1,5,12,0.3333333333333333,0.8,0.47058823529411764,0.8297872340425532,0.1702127659574468,0.8148936170212766,applicable
ilinet,XGBoost,True,99,injected_10pct,5.0,0.5764885165308077,0.0852767700486415,0.0662635567897162,52,results/stage4_xgboost/predictions/ilinet_xgboost_seed_99_injected_10pct.csv,4,8,39,1,5,12,0.3333333333333333,0.8,0.47058823529411764,0.8297872340425532,0.1702127659574468,0.8148936170212766,applicable
ilinet,XGBoost,True,110,proxy_robust_z,2.0,0.281761468641508,0.0852767700486415,0.0662635567897162,52,results/stage4_xgboost/predictions/ilinet_xgboost_seed_110_proxy_robust_z.csv,9,3,38,2,11,12,0.75,0.8181818181818182,0.782608695652174,0.926829268292683,0.07317073170731707,0.8725055432372506,applicable
ilinet,XGBoost,True,110,proxy_robust_z,2.5,0.33088264328972455,0.0852767700486415,0.0662635567897162,52,results/stage4_xgboost/predictions/ilinet_xgboost_seed_110_proxy_robust_z.csv,9,1,40,2,11,10,0.9,0.8181818181818182,0.8571428571428571,0.975609756097561,0.024390243902439025,0.8968957871396896,applicable
ilinet,XGBoost,True,110,proxy_robust_z,3.0,0.3800038179379412,0.0852767700486415,0.0662635567897162,52,results/stage4_xgboost/predictions/ilinet_xgboost_seed_110_proxy_robust_z.csv,9,0,41,2,11,9,1.0,0.8181818181818182,0.9,1.0,0.0,0.9090909090909092,applicable
ilinet,XGBoost,True,110,proxy_robust_z,3.5,0.42912499258615777,0.0852767700486415,0.0662635567897162,52,results/stage4_xgboost/predictions/ilinet_xgboost_seed_110_proxy_robust_z.csv,9,0,41,2,11,9,1.0,0.8181818181818182,0.9,1.0,0.0,0.9090909090909092,applicable
ilinet,XGBoost,True,110,proxy_robust_z,4.0,0.4782461672343744,0.0852767700486415,0.0662635567897162,52,results/stage4_xgboost/predictions/ilinet_xgboost_seed_110_proxy_robust_z.csv,9,0,41,2,11,9,1.0,0.8181818181818182,0.9,1.0,0.0,0.9090909090909092,applicable
ilinet,XGBoost,True,110,proxy_robust_z,4.5,0.527367341882591,0.0852767700486415,0.0662635567897162,52,results/stage4_xgboost/predictions/ilinet_xgboost_seed_110_proxy_robust_z.csv,9,0,41,2,11,9,1.0,0.8181818181818182,0.9,1.0,0.0,0.9090909090909092,applicable
ilinet,XGBoost,True,110,proxy_robust_z,5.0,0.5764885165308077,0.0852767700486415,0.0662635567897162,52,results/stage4_xgboost/predictions/ilinet_xgboost_seed_110_proxy_robust_z.csv,8,0,41,3,11,8,1.0,0.7272727272727273,0.8421052631578947,1.0,0.0,0.8636363636363636,applicable
ilinet,XGBoost,True,11,proxy_robust_z,2.0,0.281761468641508,0.0852767700486415,0.0662635567897162,52,results/stage4_xgboost/predictions/ilinet_xgboost_seed_11_proxy_robust_z.csv,9,2,39,2,11,11,0.8181818181818182,0.8181818181818182,0.8181818181818182,0.9512195121951219,0.04878048780487805,0.8847006651884701,applicable
ilinet,XGBoost,True,11,proxy_robust_z,2.5,0.33088264328972455,0.0852767700486415,0.0662635567897162,52,results/stage4_xgboost/predictions/ilinet_xgboost_seed_11_proxy_robust_z.csv,9,2,39,2,11,11,0.8181818181818182,0.8181818181818182,0.8181818181818182,0.9512195121951219,0.04878048780487805,0.8847006651884701,applicable
ilinet,XGBoost,True,11,proxy_robust_z,3.0,0.3800038179379412,0.0852767700486415,0.0662635567897162,52,results/stage4_xgboost/predictions/ilinet_xgboost_seed_11_proxy_robust_z.csv,9,1,40,2,11,10,0.9,0.8181818181818182,0.8571428571428571,0.975609756097561,0.024390243902439025,0.8968957871396896,applicable
ilinet,XGBoost,True,11,proxy_robust_z,3.5,0.42912499258615777,0.0852767700486415,0.0662635567897162,52,results/stage4_xgboost/predictions/ilinet_xgboost_seed_11_proxy_robust_z.csv,9,0,41,2,11,9,1.0,0.8181818181818182,0.9,1.0,0.0,0.9090909090909092,applicable
ilinet,XGBoost,True,11,proxy_robust_z,4.0,0.4782461672343744,0.0852767700486415,0.0662635567897162,52,results/stage4_xgboost/predictions/ilinet_xgboost_seed_11_proxy_robust_z.csv,9,0,41,2,11,9,1.0,0.8181818181818182,0.9,1.0,0.0,0.9090909090909092,applicable
ilinet,XGBoost,True,11,proxy_robust_z,4.5,0.527367341882591,0.0852767700486415,0.0662635567897162,52,results/stage4_xgboost/predictions/ilinet_xgboost_seed_11_proxy_robust_z.csv,9,0,41,2,11,9,1.0,0.8181818181818182,0.9,1.0,0.0,0.9090909090909092,applicable
ilinet,XGBoost,True,11,proxy_robust_z,5.0,0.5764885165308077,0.0852767700486415,0.0662635567897162,52,results/stage4_xgboost/predictions/ilinet_xgboost_seed_11_proxy_robust_z.csv,9,0,41,2,11,9,1.0,0.8181818181818182,0.9,1.0,0.0,0.9090909090909092,applicable
ilinet,XGBoost,True,22,proxy_robust_z,2.0,0.281761468641508,0.0852767700486415,0.0662635567897162,52,results/stage4_xgboost/predictions/ilinet_xgboost_seed_22_proxy_robust_z.csv,9,4,37,2,11,13,0.6923076923076923,0.8181818181818182,0.75,0.9024390243902439,0.0975609756097561,0.8603104212860311,applicable
ilinet,XGBoost,True,22,proxy_robust_z,2.5,0.33088264328972455,0.0852767700486415,0.0662635567897162,52,results/stage4_xgboost/predictions/ilinet_xgboost_seed_22_proxy_robust_z.csv,9,3,38,2,11,12,0.75,0.8181818181818182,0.782608695652174,0.926829268292683,0.07317073170731707,0.8725055432372506,applicable
ilinet,XGBoost,True,22,proxy_robust_z,3.0,0.3800038179379412,0.0852767700486415,0.0662635567897162,52,results/stage4_xgboost/predictions/ilinet_xgboost_seed_22_proxy_robust_z.csv,9,1,40,2,11,10,0.9,0.8181818181818182,0.8571428571428571,0.975609756097561,0.024390243902439025,0.8968957871396896,applicable
ilinet,XGBoost,True,22,proxy_robust_z,3.5,0.42912499258615777,0.0852767700486415,0.0662635567897162,52,results/stage4_xgboost/predictions/ilinet_xgboost_seed_22_proxy_robust_z.csv,9,0,41,2,11,9,1.0,0.8181818181818182,0.9,1.0,0.0,0.9090909090909092,applicable
ilinet,XGBoost,True,22,proxy_robust_z,4.0,0.4782461672343744,0.0852767700486415,0.0662635567897162,52,results/stage4_xgboost/predictions/ilinet_xgboost_seed_22_proxy_robust_z.csv,9,0,41,2,11,9,1.0,0.8181818181818182,0.9,1.0,0.0,0.9090909090909092,applicable
ilinet,XGBoost,True,22,proxy_robust_z,4.5,0.527367341882591,0.0852767700486415,0.0662635567897162,52,results/stage4_xgboost/predictions/ilinet_xgboost_seed_22_proxy_robust_z.csv,9,0,41,2,11,9,1.0,0.8181818181818182,0.9,1.0,0.0,0.9090909090909092,applicable
ilinet,XGBoost,True,22,proxy_robust_z,5.0,0.5764885165308077,0.0852767700486415,0.0662635567897162,52,results/stage4_xgboost/predictions/ilinet_xgboost_seed_22_proxy_robust_z.csv,9,0,41,2,11,9,1.0,0.8181818181818182,0.9,1.0,0.0,0.9090909090909092,applicable
ilinet,XGBoost,True,33,proxy_robust_z,2.0,0.281761468641508,0.0852767700486415,0.0662635567897162,52,results/stage4_xgboost/predictions/ilinet_xgboost_seed_33_proxy_robust_z.csv,9,5,36,2,11,14,0.6428571428571429,0.8181818181818182,0.72,0.8780487804878049,0.12195121951219512,0.8481152993348116,applicable
ilinet,XGBoost,True,33,proxy_robust_z,2.5,0.33088264328972455,0.0852767700486415,0.0662635567897162,52,results/stage4_xgboost/predictions/ilinet_xgboost_seed_33_proxy_robust_z.csv,9,4,37,2,11,13,0.6923076923076923,0.8181818181818182,0.75,0.9024390243902439,0.0975609756097561,0.8603104212860311,applicable
ilinet,XGBoost,True,33,proxy_robust_z,3.0,0.3800038179379412,0.0852767700486415,0.0662635567897162,52,results/stage4_xgboost/predictions/ilinet_xgboost_seed_33_proxy_robust_z.csv,9,1,40,2,11,10,0.9,0.8181818181818182,0.8571428571428571,0.975609756097561,0.024390243902439025,0.8968957871396896,applicable
ilinet,XGBoost,True,33,proxy_robust_z,3.5,0.42912499258615777,0.0852767700486415,0.0662635567897162,52,results/stage4_xgboost/predictions/ilinet_xgboost_seed_33_proxy_robust_z.csv,9,0,41,2,11,9,1.0,0.8181818181818182,0.9,1.0,0.0,0.9090909090909092,applicable
ilinet,XGBoost,True,33,proxy_robust_z,4.0,0.4782461672343744,0.0852767700486415,0.0662635567897162,52,results/stage4_xgboost/predictions/ilinet_xgboost_seed_33_proxy_robust_z.csv,9,0,41,2,11,9,1.0,0.8181818181818182,0.9,1.0,0.0,0.9090909090909092,applicable
ilinet,XGBoost,True,33,proxy_robust_z,4.5,0.527367341882591,0.0852767700486415,0.0662635567897162,52,results/stage4_xgboost/predictions/ilinet_xgboost_seed_33_proxy_robust_z.csv,8,0,41,3,11,8,1.0,0.7272727272727273,0.8421052631578947,1.0,0.0,0.8636363636363636,applicable
ilinet,XGBoost,True,33,proxy_robust_z,5.0,0.5764885165308077,0.0852767700486415,0.0662635567897162,52,results/stage4_xgboost/predictions/ilinet_xgboost_seed_33_proxy_robust_z.csv,8,0,41,3,11,8,1.0,0.7272727272727273,0.8421052631578947,1.0,0.0,0.8636363636363636,applicable
ilinet,XGBoost,True,44,proxy_robust_z,2.0,0.281761468641508,0.0852767700486415,0.0662635567897162,52,results/stage4_xgboost/predictions/ilinet_xgboost_seed_44_proxy_robust_z.csv,9,3,38,2,11,12,0.75,0.8181818181818182,0.782608695652174,0.926829268292683,0.07317073170731707,0.8725055432372506,applicable
ilinet,XGBoost,True,44,proxy_robust_z,2.5,0.33088264328972455,0.0852767700486415,0.0662635567897162,52,results/stage4_xgboost/predictions/ilinet_xgboost_seed_44_proxy_robust_z.csv,9,3,38,2,11,12,0.75,0.8181818181818182,0.782608695652174,0.926829268292683,0.07317073170731707,0.8725055432372506,applicable
ilinet,XGBoost,True,44,proxy_robust_z,3.0,0.3800038179379412,0.0852767700486415,0.0662635567897162,52,results/stage4_xgboost/predictions/ilinet_xgboost_seed_44_proxy_robust_z.csv,9,2,39,2,11,11,0.8181818181818182,0.8181818181818182,0.8181818181818182,0.9512195121951219,0.04878048780487805,0.8847006651884701,applicable
ilinet,XGBoost,True,44,proxy_robust_z,3.5,0.42912499258615777,0.0852767700486415,0.0662635567897162,52,results/stage4_xgboost/predictions/ilinet_xgboost_seed_44_proxy_robust_z.csv,9,0,41,2,11,9,1.0,0.8181818181818182,0.9,1.0,0.0,0.9090909090909092,applicable
ilinet,XGBoost,True,44,proxy_robust_z,4.0,0.4782461672343744,0.0852767700486415,0.0662635567897162,52,results/stage4_xgboost/predictions/ilinet_xgboost_seed_44_proxy_robust_z.csv,9,0,41,2,11,9,1.0,0.8181818181818182,0.9,1.0,0.0,0.9090909090909092,applicable
ilinet,XGBoost,True,44,proxy_robust_z,4.5,0.527367341882591,0.0852767700486415,0.0662635567897162,52,results/stage4_xgboost/predictions/ilinet_xgboost_seed_44_proxy_robust_z.csv,9,0,41,2,11,9,1.0,0.8181818181818182,0.9,1.0,0.0,0.9090909090909092,applicable
ilinet,XGBoost,True,44,proxy_robust_z,5.0,0.5764885165308077,0.0852767700486415,0.0662635567897162,52,results/stage4_xgboost/predictions/ilinet_xgboost_seed_44_proxy_robust_z.csv,9,0,41,2,11,9,1.0,0.8181818181818182,0.9,1.0,0.0,0.9090909090909092,applicable
ilinet,XGBoost,True,55,proxy_robust_z,2.0,0.281761468641508,0.0852767700486415,0.0662635567897162,52,results/stage4_xgboost/predictions/ilinet_xgboost_seed_55_proxy_robust_z.csv,9,2,39,2,11,11,0.8181818181818182,0.8181818181818182,0.8181818181818182,0.9512195121951219,0.04878048780487805,0.8847006651884701,applicable
ilinet,XGBoost,True,55,proxy_robust_z,2.5,0.33088264328972455,0.0852767700486415,0.0662635567897162,52,results/stage4_xgboost/predictions/ilinet_xgboost_seed_55_proxy_robust_z.csv,9,1,40,2,11,10,0.9,0.8181818181818182,0.8571428571428571,0.975609756097561,0.024390243902439025,0.8968957871396896,applicable
ilinet,XGBoost,True,55,proxy_robust_z,3.0,0.3800038179379412,0.0852767700486415,0.0662635567897162,52,results/stage4_xgboost/predictions/ilinet_xgboost_seed_55_proxy_robust_z.csv,9,1,40,2,11,10,0.9,0.8181818181818182,0.8571428571428571,0.975609756097561,0.024390243902439025,0.8968957871396896,applicable
ilinet,XGBoost,True,55,proxy_robust_z,3.5,0.42912499258615777,0.0852767700486415,0.0662635567897162,52,results/stage4_xgboost/predictions/ilinet_xgboost_seed_55_proxy_robust_z.csv,9,0,41,2,11,9,1.0,0.8181818181818182,0.9,1.0,0.0,0.9090909090909092,applicable
ilinet,XGBoost,True,55,proxy_robust_z,4.0,0.4782461672343744,0.0852767700486415,0.0662635567897162,52,results/stage4_xgboost/predictions/ilinet_xgboost_seed_55_proxy_robust_z.csv,9,0,41,2,11,9,1.0,0.8181818181818182,0.9,1.0,0.0,0.9090909090909092,applicable
ilinet,XGBoost,True,55,proxy_robust_z,4.5,0.527367341882591,0.0852767700486415,0.0662635567897162,52,results/stage4_xgboost/predictions/ilinet_xgboost_seed_55_proxy_robust_z.csv,9,0,41,2,11,9,1.0,0.8181818181818182,0.9,1.0,0.0,0.9090909090909092,applicable
ilinet,XGBoost,True,55,proxy_robust_z,5.0,0.5764885165308077,0.0852767700486415,0.0662635567897162,52,results/stage4_xgboost/predictions/ilinet_xgboost_seed_55_proxy_robust_z.csv,9,0,41,2,11,9,1.0,0.8181818181818182,0.9,1.0,0.0,0.9090909090909092,applicable
ilinet,XGBoost,True,66,proxy_robust_z,2.0,0.281761468641508,0.0852767700486415,0.0662635567897162,52,results/stage4_xgboost/predictions/ilinet_xgboost_seed_66_proxy_robust_z.csv,9,2,39,2,11,11,0.8181818181818182,0.8181818181818182,0.8181818181818182,0.9512195121951219,0.04878048780487805,0.8847006651884701,applicable
ilinet,XGBoost,True,66,proxy_robust_z,2.5,0.33088264328972455,0.0852767700486415,0.0662635567897162,52,results/stage4_xgboost/predictions/ilinet_xgboost_seed_66_proxy_robust_z.csv,9,1,40,2,11,10,0.9,0.8181818181818182,0.8571428571428571,0.975609756097561,0.024390243902439025,0.8968957871396896,applicable
ilinet,XGBoost,True,66,proxy_robust_z,3.0,0.3800038179379412,0.0852767700486415,0.0662635567897162,52,results/stage4_xgboost/predictions/ilinet_xgboost_seed_66_proxy_robust_z.csv,9,1,40,2,11,10,0.9,0.8181818181818182,0.8571428571428571,0.975609756097561,0.024390243902439025,0.8968957871396896,applicable
ilinet,XGBoost,True,66,proxy_robust_z,3.5,0.42912499258615777,0.0852767700486415,0.0662635567897162,52,results/stage4_xgboost/predictions/ilinet_xgboost_seed_66_proxy_robust_z.csv,9,1,40,2,11,10,0.9,0.8181818181818182,0.8571428571428571,0.975609756097561,0.024390243902439025,0.8968957871396896,applicable
ilinet,XGBoost,True,66,proxy_robust_z,4.0,0.4782461672343744,0.0852767700486415,0.0662635567897162,52,results/stage4_xgboost/predictions/ilinet_xgboost_seed_66_proxy_robust_z.csv,9,0,41,2,11,9,1.0,0.8181818181818182,0.9,1.0,0.0,0.9090909090909092,applicable
ilinet,XGBoost,True,66,proxy_robust_z,4.5,0.527367341882591,0.0852767700486415,0.0662635567897162,52,results/stage4_xgboost/predictions/ilinet_xgboost_seed_66_proxy_robust_z.csv,9,0,41,2,11,9,1.0,0.8181818181818182,0.9,1.0,0.0,0.9090909090909092,applicable
ilinet,XGBoost,True,66,proxy_robust_z,5.0,0.5764885165308077,0.0852767700486415,0.0662635567897162,52,results/stage4_xgboost/predictions/ilinet_xgboost_seed_66_proxy_robust_z.csv,9,0,41,2,11,9,1.0,0.8181818181818182,0.9,1.0,0.0,0.9090909090909092,applicable
ilinet,XGBoost,True,77,proxy_robust_z,2.0,0.281761468641508,0.0852767700486415,0.0662635567897162,52,results/stage4_xgboost/predictions/ilinet_xgboost_seed_77_proxy_robust_z.csv,9,3,38,2,11,12,0.75,0.8181818181818182,0.782608695652174,0.926829268292683,0.07317073170731707,0.8725055432372506,applicable
ilinet,XGBoost,True,77,proxy_robust_z,2.5,0.33088264328972455,0.0852767700486415,0.0662635567897162,52,results/stage4_xgboost/predictions/ilinet_xgboost_seed_77_proxy_robust_z.csv,9,3,38,2,11,12,0.75,0.8181818181818182,0.782608695652174,0.926829268292683,0.07317073170731707,0.8725055432372506,applicable
ilinet,XGBoost,True,77,proxy_robust_z,3.0,0.3800038179379412,0.0852767700486415,0.0662635567897162,52,results/stage4_xgboost/predictions/ilinet_xgboost_seed_77_proxy_robust_z.csv,9,1,40,2,11,10,0.9,0.8181818181818182,0.8571428571428571,0.975609756097561,0.024390243902439025,0.8968957871396896,applicable
ilinet,XGBoost,True,77,proxy_robust_z,3.5,0.42912499258615777,0.0852767700486415,0.0662635567897162,52,results/stage4_xgboost/predictions/ilinet_xgboost_seed_77_proxy_robust_z.csv,9,0,41,2,11,9,1.0,0.8181818181818182,0.9,1.0,0.0,0.9090909090909092,applicable
ilinet,XGBoost,True,77,proxy_robust_z,4.0,0.4782461672343744,0.0852767700486415,0.0662635567897162,52,results/stage4_xgboost/predictions/ilinet_xgboost_seed_77_proxy_robust_z.csv,9,0,41,2,11,9,1.0,0.8181818181818182,0.9,1.0,0.0,0.9090909090909092,applicable
ilinet,XGBoost,True,77,proxy_robust_z,4.5,0.527367341882591,0.0852767700486415,0.0662635567897162,52,results/stage4_xgboost/predictions/ilinet_xgboost_seed_77_proxy_robust_z.csv,9,0,41,2,11,9,1.0,0.8181818181818182,0.9,1.0,0.0,0.9090909090909092,applicable
ilinet,XGBoost,True,77,proxy_robust_z,5.0,0.5764885165308077,0.0852767700486415,0.0662635567897162,52,results/stage4_xgboost/predictions/ilinet_xgboost_seed_77_proxy_robust_z.csv,9,0,41,2,11,9,1.0,0.8181818181818182,0.9,1.0,0.0,0.9090909090909092,applicable
ilinet,XGBoost,True,88,proxy_robust_z,2.0,0.281761468641508,0.0852767700486415,0.0662635567897162,52,results/stage4_xgboost/predictions/ilinet_xgboost_seed_88_proxy_robust_z.csv,10,5,36,1,11,15,0.6666666666666666,0.9090909090909091,0.7692307692307693,0.8780487804878049,0.12195121951219512,0.893569844789357,applicable
ilinet,XGBoost,True,88,proxy_robust_z,2.5,0.33088264328972455,0.0852767700486415,0.0662635567897162,52,results/stage4_xgboost/predictions/ilinet_xgboost_seed_88_proxy_robust_z.csv,9,4,37,2,11,13,0.6923076923076923,0.8181818181818182,0.75,0.9024390243902439,0.0975609756097561,0.8603104212860311,applicable
ilinet,XGBoost,True,88,proxy_robust_z,3.0,0.3800038179379412,0.0852767700486415,0.0662635567897162,52,results/stage4_xgboost/predictions/ilinet_xgboost_seed_88_proxy_robust_z.csv,9,1,40,2,11,10,0.9,0.8181818181818182,0.8571428571428571,0.975609756097561,0.024390243902439025,0.8968957871396896,applicable
ilinet,XGBoost,True,88,proxy_robust_z,3.5,0.42912499258615777,0.0852767700486415,0.0662635567897162,52,results/stage4_xgboost/predictions/ilinet_xgboost_seed_88_proxy_robust_z.csv,9,1,40,2,11,10,0.9,0.8181818181818182,0.8571428571428571,0.975609756097561,0.024390243902439025,0.8968957871396896,applicable
ilinet,XGBoost,True,88,proxy_robust_z,4.0,0.4782461672343744,0.0852767700486415,0.0662635567897162,52,results/stage4_xgboost/predictions/ilinet_xgboost_seed_88_proxy_robust_z.csv,9,0,41,2,11,9,1.0,0.8181818181818182,0.9,1.0,0.0,0.9090909090909092,applicable
ilinet,XGBoost,True,88,proxy_robust_z,4.5,0.527367341882591,0.0852767700486415,0.0662635567897162,52,results/stage4_xgboost/predictions/ilinet_xgboost_seed_88_proxy_robust_z.csv,8,0,41,3,11,8,1.0,0.7272727272727273,0.8421052631578947,1.0,0.0,0.8636363636363636,applicable
ilinet,XGBoost,True,88,proxy_robust_z,5.0,0.5764885165308077,0.0852767700486415,0.0662635567897162,52,results/stage4_xgboost/predictions/ilinet_xgboost_seed_88_proxy_robust_z.csv,8,0,41,3,11,8,1.0,0.7272727272727273,0.8421052631578947,1.0,0.0,0.8636363636363636,applicable
ilinet,XGBoost,True,99,proxy_robust_z,2.0,0.281761468641508,0.0852767700486415,0.0662635567897162,52,results/stage4_xgboost/predictions/ilinet_xgboost_seed_99_proxy_robust_z.csv,9,5,36,2,11,14,0.6428571428571429,0.8181818181818182,0.72,0.8780487804878049,0.12195121951219512,0.8481152993348116,applicable
ilinet,XGBoost,True,99,proxy_robust_z,2.5,0.33088264328972455,0.0852767700486415,0.0662635567897162,52,results/stage4_xgboost/predictions/ilinet_xgboost_seed_99_proxy_robust_z.csv,9,1,40,2,11,10,0.9,0.8181818181818182,0.8571428571428571,0.975609756097561,0.024390243902439025,0.8968957871396896,applicable
ilinet,XGBoost,True,99,proxy_robust_z,3.0,0.3800038179379412,0.0852767700486415,0.0662635567897162,52,results/stage4_xgboost/predictions/ilinet_xgboost_seed_99_proxy_robust_z.csv,9,1,40,2,11,10,0.9,0.8181818181818182,0.8571428571428571,0.975609756097561,0.024390243902439025,0.8968957871396896,applicable
ilinet,XGBoost,True,99,proxy_robust_z,3.5,0.42912499258615777,0.0852767700486415,0.0662635567897162,52,results/stage4_xgboost/predictions/ilinet_xgboost_seed_99_proxy_robust_z.csv,9,0,41,2,11,9,1.0,0.8181818181818182,0.9,1.0,0.0,0.9090909090909092,applicable
ilinet,XGBoost,True,99,proxy_robust_z,4.0,0.4782461672343744,0.0852767700486415,0.0662635567897162,52,results/stage4_xgboost/predictions/ilinet_xgboost_seed_99_proxy_robust_z.csv,9,0,41,2,11,9,1.0,0.8181818181818182,0.9,1.0,0.0,0.9090909090909092,applicable
ilinet,XGBoost,True,99,proxy_robust_z,4.5,0.527367341882591,0.0852767700486415,0.0662635567897162,52,results/stage4_xgboost/predictions/ilinet_xgboost_seed_99_proxy_robust_z.csv,9,0,41,2,11,9,1.0,0.8181818181818182,0.9,1.0,0.0,0.9090909090909092,applicable
ilinet,XGBoost,True,99,proxy_robust_z,5.0,0.5764885165308077,0.0852767700486415,0.0662635567897162,52,results/stage4_xgboost/predictions/ilinet_xgboost_seed_99_proxy_robust_z.csv,9,0,41,2,11,9,1.0,0.8181818181818182,0.9,1.0,0.0,0.9090909090909092,applicable
ilinet,LSTM,True,110,injected_5pct,2.0,0.5669306314676998,0.1896715611219406,0.1272288784384727,52,results/stage5_lstm/predictions/ilinet_lstm_seed_110_injected_5pct.csv,3,14,35,0,3,17,0.17647058823529413,1.0,0.3,0.7142857142857143,0.2857142857142857,0.8571428571428572,applicable
ilinet,LSTM,True,110,injected_5pct,2.5,0.6612453990541396,0.1896715611219406,0.1272288784384727,52,results/stage5_lstm/predictions/ilinet_lstm_seed_110_injected_5pct.csv,3,11,38,0,3,14,0.21428571428571427,1.0,0.35294117647058826,0.7755102040816326,0.22448979591836735,0.8877551020408163,applicable
ilinet,LSTM,True,110,injected_5pct,3.0,0.7555601666405795,0.1896715611219406,0.1272288784384727,52,results/stage5_lstm/predictions/ilinet_lstm_seed_110_injected_5pct.csv,3,9,40,0,3,12,0.25,1.0,0.4,0.8163265306122449,0.1836734693877551,0.9081632653061225,applicable
ilinet,LSTM,True,110,injected_5pct,3.5,0.8498749342270192,0.1896715611219406,0.1272288784384727,52,results/stage5_lstm/predictions/ilinet_lstm_seed_110_injected_5pct.csv,3,7,42,0,3,10,0.3,1.0,0.46153846153846156,0.8571428571428571,0.14285714285714285,0.9285714285714286,applicable
ilinet,LSTM,True,110,injected_5pct,4.0,0.9441897018134591,0.1896715611219406,0.1272288784384727,52,results/stage5_lstm/predictions/ilinet_lstm_seed_110_injected_5pct.csv,3,7,42,0,3,10,0.3,1.0,0.46153846153846156,0.8571428571428571,0.14285714285714285,0.9285714285714286,applicable
ilinet,LSTM,True,110,injected_5pct,4.5,1.0385044693998988,0.1896715611219406,0.1272288784384727,52,results/stage5_lstm/predictions/ilinet_lstm_seed_110_injected_5pct.csv,3,6,43,0,3,9,0.3333333333333333,1.0,0.5,0.8775510204081632,0.12244897959183673,0.9387755102040816,applicable
ilinet,LSTM,True,110,injected_5pct,5.0,1.1328192369863386,0.1896715611219406,0.1272288784384727,52,results/stage5_lstm/predictions/ilinet_lstm_seed_110_injected_5pct.csv,3,6,43,0,3,9,0.3333333333333333,1.0,0.5,0.8775510204081632,0.12244897959183673,0.9387755102040816,applicable
ilinet,LSTM,True,11,injected_5pct,2.0,0.5669306314676998,0.1896715611219406,0.1272288784384727,52,results/stage5_lstm/predictions/ilinet_lstm_seed_11_injected_5pct.csv,3,20,29,0,3,23,0.13043478260869565,1.0,0.23076923076923078,0.5918367346938775,0.40816326530612246,0.7959183673469388,applicable
ilinet,LSTM,True,11,injected_5pct,2.5,0.6612453990541396,0.1896715611219406,0.1272288784384727,52,results/stage5_lstm/predictions/ilinet_lstm_seed_11_injected_5pct.csv,3,19,30,0,3,22,0.13636363636363635,1.0,0.24,0.6122448979591837,0.3877551020408163,0.8061224489795918,applicable
ilinet,LSTM,True,11,injected_5pct,3.0,0.7555601666405795,0.1896715611219406,0.1272288784384727,52,results/stage5_lstm/predictions/ilinet_lstm_seed_11_injected_5pct.csv,3,12,37,0,3,15,0.2,1.0,0.3333333333333333,0.7551020408163265,0.24489795918367346,0.8775510204081632,applicable
ilinet,LSTM,True,11,injected_5pct,3.5,0.8498749342270192,0.1896715611219406,0.1272288784384727,52,results/stage5_lstm/predictions/ilinet_lstm_seed_11_injected_5pct.csv,3,11,38,0,3,14,0.21428571428571427,1.0,0.35294117647058826,0.7755102040816326,0.22448979591836735,0.8877551020408163,applicable
ilinet,LSTM,True,11,injected_5pct,4.0,0.9441897018134591,0.1896715611219406,0.1272288784384727,52,results/stage5_lstm/predictions/ilinet_lstm_seed_11_injected_5pct.csv,3,8,41,0,3,11,0.2727272727272727,1.0,0.42857142857142855,0.8367346938775511,0.16326530612244897,0.9183673469387755,applicable
ilinet,LSTM,True,11,injected_5pct,4.5,1.0385044693998988,0.1896715611219406,0.1272288784384727,52,results/stage5_lstm/predictions/ilinet_lstm_seed_11_injected_5pct.csv,3,7,42,0,3,10,0.3,1.0,0.46153846153846156,0.8571428571428571,0.14285714285714285,0.9285714285714286,applicable
ilinet,LSTM,True,11,injected_5pct,5.0,1.1328192369863386,0.1896715611219406,0.1272288784384727,52,results/stage5_lstm/predictions/ilinet_lstm_seed_11_injected_5pct.csv,3,7,42,0,3,10,0.3,1.0,0.46153846153846156,0.8571428571428571,0.14285714285714285,0.9285714285714286,applicable
ilinet,LSTM,True,22,injected_5pct,2.0,0.5669306314676998,0.1896715611219406,0.1272288784384727,52,results/stage5_lstm/predictions/ilinet_lstm_seed_22_injected_5pct.csv,3,13,36,0,3,16,0.1875,1.0,0.3157894736842105,0.7346938775510204,0.2653061224489796,0.8673469387755102,applicable
ilinet,LSTM,True,22,injected_5pct,2.5,0.6612453990541396,0.1896715611219406,0.1272288784384727,52,results/stage5_lstm/predictions/ilinet_lstm_seed_22_injected_5pct.csv,3,13,36,0,3,16,0.1875,1.0,0.3157894736842105,0.7346938775510204,0.2653061224489796,0.8673469387755102,applicable
ilinet,LSTM,True,22,injected_5pct,3.0,0.7555601666405795,0.1896715611219406,0.1272288784384727,52,results/stage5_lstm/predictions/ilinet_lstm_seed_22_injected_5pct.csv,3,10,39,0,3,13,0.23076923076923078,1.0,0.375,0.7959183673469388,0.20408163265306123,0.8979591836734694,applicable
ilinet,LSTM,True,22,injected_5pct,3.5,0.8498749342270192,0.1896715611219406,0.1272288784384727,52,results/stage5_lstm/predictions/ilinet_lstm_seed_22_injected_5pct.csv,3,7,42,0,3,10,0.3,1.0,0.46153846153846156,0.8571428571428571,0.14285714285714285,0.9285714285714286,applicable
ilinet,LSTM,True,22,injected_5pct,4.0,0.9441897018134591,0.1896715611219406,0.1272288784384727,52,results/stage5_lstm/predictions/ilinet_lstm_seed_22_injected_5pct.csv,3,7,42,0,3,10,0.3,1.0,0.46153846153846156,0.8571428571428571,0.14285714285714285,0.9285714285714286,applicable
ilinet,LSTM,True,22,injected_5pct,4.5,1.0385044693998988,0.1896715611219406,0.1272288784384727,52,results/stage5_lstm/predictions/ilinet_lstm_seed_22_injected_5pct.csv,3,5,44,0,3,8,0.375,1.0,0.5454545454545454,0.8979591836734694,0.10204081632653061,0.9489795918367347,applicable
ilinet,LSTM,True,22,injected_5pct,5.0,1.1328192369863386,0.1896715611219406,0.1272288784384727,52,results/stage5_lstm/predictions/ilinet_lstm_seed_22_injected_5pct.csv,3,5,44,0,3,8,0.375,1.0,0.5454545454545454,0.8979591836734694,0.10204081632653061,0.9489795918367347,applicable
ilinet,LSTM,True,33,injected_5pct,2.0,0.5669306314676998,0.1896715611219406,0.1272288784384727,52,results/stage5_lstm/predictions/ilinet_lstm_seed_33_injected_5pct.csv,3,15,34,0,3,18,0.16666666666666666,1.0,0.2857142857142857,0.6938775510204082,0.30612244897959184,0.846938775510204,applicable
ilinet,LSTM,True,33,injected_5pct,2.5,0.6612453990541396,0.1896715611219406,0.1272288784384727,52,results/stage5_lstm/predictions/ilinet_lstm_seed_33_injected_5pct.csv,3,12,37,0,3,15,0.2,1.0,0.3333333333333333,0.7551020408163265,0.24489795918367346,0.8775510204081632,applicable
ilinet,LSTM,True,33,injected_5pct,3.0,0.7555601666405795,0.1896715611219406,0.1272288784384727,52,results/stage5_lstm/predictions/ilinet_lstm_seed_33_injected_5pct.csv,3,9,40,0,3,12,0.25,1.0,0.4,0.8163265306122449,0.1836734693877551,0.9081632653061225,applicable
ilinet,LSTM,True,33,injected_5pct,3.5,0.8498749342270192,0.1896715611219406,0.1272288784384727,52,results/stage5_lstm/predictions/ilinet_lstm_seed_33_injected_5pct.csv,3,9,40,0,3,12,0.25,1.0,0.4,0.8163265306122449,0.1836734693877551,0.9081632653061225,applicable
ilinet,LSTM,True,33,injected_5pct,4.0,0.9441897018134591,0.1896715611219406,0.1272288784384727,52,results/stage5_lstm/predictions/ilinet_lstm_seed_33_injected_5pct.csv,3,8,41,0,3,11,0.2727272727272727,1.0,0.42857142857142855,0.8367346938775511,0.16326530612244897,0.9183673469387755,applicable
ilinet,LSTM,True,33,injected_5pct,4.5,1.0385044693998988,0.1896715611219406,0.1272288784384727,52,results/stage5_lstm/predictions/ilinet_lstm_seed_33_injected_5pct.csv,3,7,42,0,3,10,0.3,1.0,0.46153846153846156,0.8571428571428571,0.14285714285714285,0.9285714285714286,applicable
ilinet,LSTM,True,33,injected_5pct,5.0,1.1328192369863386,0.1896715611219406,0.1272288784384727,52,results/stage5_lstm/predictions/ilinet_lstm_seed_33_injected_5pct.csv,3,7,42,0,3,10,0.3,1.0,0.46153846153846156,0.8571428571428571,0.14285714285714285,0.9285714285714286,applicable
ilinet,LSTM,True,44,injected_5pct,2.0,0.5669306314676998,0.1896715611219406,0.1272288784384727,52,results/stage5_lstm/predictions/ilinet_lstm_seed_44_injected_5pct.csv,3,13,36,0,3,16,0.1875,1.0,0.3157894736842105,0.7346938775510204,0.2653061224489796,0.8673469387755102,applicable
ilinet,LSTM,True,44,injected_5pct,2.5,0.6612453990541396,0.1896715611219406,0.1272288784384727,52,results/stage5_lstm/predictions/ilinet_lstm_seed_44_injected_5pct.csv,3,10,39,0,3,13,0.23076923076923078,1.0,0.375,0.7959183673469388,0.20408163265306123,0.8979591836734694,applicable
ilinet,LSTM,True,44,injected_5pct,3.0,0.7555601666405795,0.1896715611219406,0.1272288784384727,52,results/stage5_lstm/predictions/ilinet_lstm_seed_44_injected_5pct.csv,3,8,41,0,3,11,0.2727272727272727,1.0,0.42857142857142855,0.8367346938775511,0.16326530612244897,0.9183673469387755,applicable
ilinet,LSTM,True,44,injected_5pct,3.5,0.8498749342270192,0.1896715611219406,0.1272288784384727,52,results/stage5_lstm/predictions/ilinet_lstm_seed_44_injected_5pct.csv,3,7,42,0,3,10,0.3,1.0,0.46153846153846156,0.8571428571428571,0.14285714285714285,0.9285714285714286,applicable
ilinet,LSTM,True,44,injected_5pct,4.0,0.9441897018134591,0.1896715611219406,0.1272288784384727,52,results/stage5_lstm/predictions/ilinet_lstm_seed_44_injected_5pct.csv,3,6,43,0,3,9,0.3333333333333333,1.0,0.5,0.8775510204081632,0.12244897959183673,0.9387755102040816,applicable
ilinet,LSTM,True,44,injected_5pct,4.5,1.0385044693998988,0.1896715611219406,0.1272288784384727,52,results/stage5_lstm/predictions/ilinet_lstm_seed_44_injected_5pct.csv,3,6,43,0,3,9,0.3333333333333333,1.0,0.5,0.8775510204081632,0.12244897959183673,0.9387755102040816,applicable
ilinet,LSTM,True,44,injected_5pct,5.0,1.1328192369863386,0.1896715611219406,0.1272288784384727,52,results/stage5_lstm/predictions/ilinet_lstm_seed_44_injected_5pct.csv,3,5,44,0,3,8,0.375,1.0,0.5454545454545454,0.8979591836734694,0.10204081632653061,0.9489795918367347,applicable
ilinet,LSTM,True,55,injected_5pct,2.0,0.5669306314676998,0.1896715611219406,0.1272288784384727,52,results/stage5_lstm/predictions/ilinet_lstm_seed_55_injected_5pct.csv,3,13,36,0,3,16,0.1875,1.0,0.3157894736842105,0.7346938775510204,0.2653061224489796,0.8673469387755102,applicable
ilinet,LSTM,True,55,injected_5pct,2.5,0.6612453990541396,0.1896715611219406,0.1272288784384727,52,results/stage5_lstm/predictions/ilinet_lstm_seed_55_injected_5pct.csv,3,11,38,0,3,14,0.21428571428571427,1.0,0.35294117647058826,0.7755102040816326,0.22448979591836735,0.8877551020408163,applicable
ilinet,LSTM,True,55,injected_5pct,3.0,0.7555601666405795,0.1896715611219406,0.1272288784384727,52,results/stage5_lstm/predictions/ilinet_lstm_seed_55_injected_5pct.csv,3,9,40,0,3,12,0.25,1.0,0.4,0.8163265306122449,0.1836734693877551,0.9081632653061225,applicable
ilinet,LSTM,True,55,injected_5pct,3.5,0.8498749342270192,0.1896715611219406,0.1272288784384727,52,results/stage5_lstm/predictions/ilinet_lstm_seed_55_injected_5pct.csv,3,8,41,0,3,11,0.2727272727272727,1.0,0.42857142857142855,0.8367346938775511,0.16326530612244897,0.9183673469387755,applicable
ilinet,LSTM,True,55,injected_5pct,4.0,0.9441897018134591,0.1896715611219406,0.1272288784384727,52,results/stage5_lstm/predictions/ilinet_lstm_seed_55_injected_5pct.csv,3,7,42,0,3,10,0.3,1.0,0.46153846153846156,0.8571428571428571,0.14285714285714285,0.9285714285714286,applicable
ilinet,LSTM,True,55,injected_5pct,4.5,1.0385044693998988,0.1896715611219406,0.1272288784384727,52,results/stage5_lstm/predictions/ilinet_lstm_seed_55_injected_5pct.csv,3,7,42,0,3,10,0.3,1.0,0.46153846153846156,0.8571428571428571,0.14285714285714285,0.9285714285714286,applicable
ilinet,LSTM,True,55,injected_5pct,5.0,1.1328192369863386,0.1896715611219406,0.1272288784384727,52,results/stage5_lstm/predictions/ilinet_lstm_seed_55_injected_5pct.csv,3,7,42,0,3,10,0.3,1.0,0.46153846153846156,0.8571428571428571,0.14285714285714285,0.9285714285714286,applicable
ilinet,LSTM,True,66,injected_5pct,2.0,0.5669306314676998,0.1896715611219406,0.1272288784384727,52,results/stage5_lstm/predictions/ilinet_lstm_seed_66_injected_5pct.csv,3,16,33,0,3,19,0.15789473684210525,1.0,0.2727272727272727,0.673469387755102,0.32653061224489793,0.8367346938775511,applicable
ilinet,LSTM,True,66,injected_5pct,2.5,0.6612453990541396,0.1896715611219406,0.1272288784384727,52,results/stage5_lstm/predictions/ilinet_lstm_seed_66_injected_5pct.csv,3,13,36,0,3,16,0.1875,1.0,0.3157894736842105,0.7346938775510204,0.2653061224489796,0.8673469387755102,applicable
ilinet,LSTM,True,66,injected_5pct,3.0,0.7555601666405795,0.1896715611219406,0.1272288784384727,52,results/stage5_lstm/predictions/ilinet_lstm_seed_66_injected_5pct.csv,3,8,41,0,3,11,0.2727272727272727,1.0,0.42857142857142855,0.8367346938775511,0.16326530612244897,0.9183673469387755,applicable
ilinet,LSTM,True,66,injected_5pct,3.5,0.8498749342270192,0.1896715611219406,0.1272288784384727,52,results/stage5_lstm/predictions/ilinet_lstm_seed_66_injected_5pct.csv,3,7,42,0,3,10,0.3,1.0,0.46153846153846156,0.8571428571428571,0.14285714285714285,0.9285714285714286,applicable
ilinet,LSTM,True,66,injected_5pct,4.0,0.9441897018134591,0.1896715611219406,0.1272288784384727,52,results/stage5_lstm/predictions/ilinet_lstm_seed_66_injected_5pct.csv,3,7,42,0,3,10,0.3,1.0,0.46153846153846156,0.8571428571428571,0.14285714285714285,0.9285714285714286,applicable
ilinet,LSTM,True,66,injected_5pct,4.5,1.0385044693998988,0.1896715611219406,0.1272288784384727,52,results/stage5_lstm/predictions/ilinet_lstm_seed_66_injected_5pct.csv,3,6,43,0,3,9,0.3333333333333333,1.0,0.5,0.8775510204081632,0.12244897959183673,0.9387755102040816,applicable
ilinet,LSTM,True,66,injected_5pct,5.0,1.1328192369863386,0.1896715611219406,0.1272288784384727,52,results/stage5_lstm/predictions/ilinet_lstm_seed_66_injected_5pct.csv,3,5,44,0,3,8,0.375,1.0,0.5454545454545454,0.8979591836734694,0.10204081632653061,0.9489795918367347,applicable
ilinet,LSTM,True,77,injected_5pct,2.0,0.5669306314676998,0.1896715611219406,0.1272288784384727,52,results/stage5_lstm/predictions/ilinet_lstm_seed_77_injected_5pct.csv,3,12,37,0,3,15,0.2,1.0,0.3333333333333333,0.7551020408163265,0.24489795918367346,0.8775510204081632,applicable
ilinet,LSTM,True,77,injected_5pct,2.5,0.6612453990541396,0.1896715611219406,0.1272288784384727,52,results/stage5_lstm/predictions/ilinet_lstm_seed_77_injected_5pct.csv,3,12,37,0,3,15,0.2,1.0,0.3333333333333333,0.7551020408163265,0.24489795918367346,0.8775510204081632,applicable
ilinet,LSTM,True,77,injected_5pct,3.0,0.7555601666405795,0.1896715611219406,0.1272288784384727,52,results/stage5_lstm/predictions/ilinet_lstm_seed_77_injected_5pct.csv,3,9,40,0,3,12,0.25,1.0,0.4,0.8163265306122449,0.1836734693877551,0.9081632653061225,applicable
ilinet,LSTM,True,77,injected_5pct,3.5,0.8498749342270192,0.1896715611219406,0.1272288784384727,52,results/stage5_lstm/predictions/ilinet_lstm_seed_77_injected_5pct.csv,3,8,41,0,3,11,0.2727272727272727,1.0,0.42857142857142855,0.8367346938775511,0.16326530612244897,0.9183673469387755,applicable
ilinet,LSTM,True,77,injected_5pct,4.0,0.9441897018134591,0.1896715611219406,0.1272288784384727,52,results/stage5_lstm/predictions/ilinet_lstm_seed_77_injected_5pct.csv,3,7,42,0,3,10,0.3,1.0,0.46153846153846156,0.8571428571428571,0.14285714285714285,0.9285714285714286,applicable
ilinet,LSTM,True,77,injected_5pct,4.5,1.0385044693998988,0.1896715611219406,0.1272288784384727,52,results/stage5_lstm/predictions/ilinet_lstm_seed_77_injected_5pct.csv,3,6,43,0,3,9,0.3333333333333333,1.0,0.5,0.8775510204081632,0.12244897959183673,0.9387755102040816,applicable
ilinet,LSTM,True,77,injected_5pct,5.0,1.1328192369863386,0.1896715611219406,0.1272288784384727,52,results/stage5_lstm/predictions/ilinet_lstm_seed_77_injected_5pct.csv,3,5,44,0,3,8,0.375,1.0,0.5454545454545454,0.8979591836734694,0.10204081632653061,0.9489795918367347,applicable
ilinet,LSTM,True,88,injected_5pct,2.0,0.5669306314676998,0.1896715611219406,0.1272288784384727,52,results/stage5_lstm/predictions/ilinet_lstm_seed_88_injected_5pct.csv,3,20,29,0,3,23,0.13043478260869565,1.0,0.23076923076923078,0.5918367346938775,0.40816326530612246,0.7959183673469388,applicable
ilinet,LSTM,True,88,injected_5pct,2.5,0.6612453990541396,0.1896715611219406,0.1272288784384727,52,results/stage5_lstm/predictions/ilinet_lstm_seed_88_injected_5pct.csv,3,16,33,0,3,19,0.15789473684210525,1.0,0.2727272727272727,0.673469387755102,0.32653061224489793,0.8367346938775511,applicable
ilinet,LSTM,True,88,injected_5pct,3.0,0.7555601666405795,0.1896715611219406,0.1272288784384727,52,results/stage5_lstm/predictions/ilinet_lstm_seed_88_injected_5pct.csv,3,15,34,0,3,18,0.16666666666666666,1.0,0.2857142857142857,0.6938775510204082,0.30612244897959184,0.846938775510204,applicable
ilinet,LSTM,True,88,injected_5pct,3.5,0.8498749342270192,0.1896715611219406,0.1272288784384727,52,results/stage5_lstm/predictions/ilinet_lstm_seed_88_injected_5pct.csv,3,12,37,0,3,15,0.2,1.0,0.3333333333333333,0.7551020408163265,0.24489795918367346,0.8775510204081632,applicable
ilinet,LSTM,True,88,injected_5pct,4.0,0.9441897018134591,0.1896715611219406,0.1272288784384727,52,results/stage5_lstm/predictions/ilinet_lstm_seed_88_injected_5pct.csv,3,8,41,0,3,11,0.2727272727272727,1.0,0.42857142857142855,0.8367346938775511,0.16326530612244897,0.9183673469387755,applicable
ilinet,LSTM,True,88,injected_5pct,4.5,1.0385044693998988,0.1896715611219406,0.1272288784384727,52,results/stage5_lstm/predictions/ilinet_lstm_seed_88_injected_5pct.csv,3,8,41,0,3,11,0.2727272727272727,1.0,0.42857142857142855,0.8367346938775511,0.16326530612244897,0.9183673469387755,applicable
ilinet,LSTM,True,88,injected_5pct,5.0,1.1328192369863386,0.1896715611219406,0.1272288784384727,52,results/stage5_lstm/predictions/ilinet_lstm_seed_88_injected_5pct.csv,3,7,42,0,3,10,0.3,1.0,0.46153846153846156,0.8571428571428571,0.14285714285714285,0.9285714285714286,applicable
ilinet,LSTM,True,99,injected_5pct,2.0,0.5669306314676998,0.1896715611219406,0.1272288784384727,52,results/stage5_lstm/predictions/ilinet_lstm_seed_99_injected_5pct.csv,3,14,35,0,3,17,0.17647058823529413,1.0,0.3,0.7142857142857143,0.2857142857142857,0.8571428571428572,applicable
ilinet,LSTM,True,99,injected_5pct,2.5,0.6612453990541396,0.1896715611219406,0.1272288784384727,52,results/stage5_lstm/predictions/ilinet_lstm_seed_99_injected_5pct.csv,3,11,38,0,3,14,0.21428571428571427,1.0,0.35294117647058826,0.7755102040816326,0.22448979591836735,0.8877551020408163,applicable
ilinet,LSTM,True,99,injected_5pct,3.0,0.7555601666405795,0.1896715611219406,0.1272288784384727,52,results/stage5_lstm/predictions/ilinet_lstm_seed_99_injected_5pct.csv,3,9,40,0,3,12,0.25,1.0,0.4,0.8163265306122449,0.1836734693877551,0.9081632653061225,applicable
ilinet,LSTM,True,99,injected_5pct,3.5,0.8498749342270192,0.1896715611219406,0.1272288784384727,52,results/stage5_lstm/predictions/ilinet_lstm_seed_99_injected_5pct.csv,3,8,41,0,3,11,0.2727272727272727,1.0,0.42857142857142855,0.8367346938775511,0.16326530612244897,0.9183673469387755,applicable
ilinet,LSTM,True,99,injected_5pct,4.0,0.9441897018134591,0.1896715611219406,0.1272288784384727,52,results/stage5_lstm/predictions/ilinet_lstm_seed_99_injected_5pct.csv,3,7,42,0,3,10,0.3,1.0,0.46153846153846156,0.8571428571428571,0.14285714285714285,0.9285714285714286,applicable
ilinet,LSTM,True,99,injected_5pct,4.5,1.0385044693998988,0.1896715611219406,0.1272288784384727,52,results/stage5_lstm/predictions/ilinet_lstm_seed_99_injected_5pct.csv,3,7,42,0,3,10,0.3,1.0,0.46153846153846156,0.8571428571428571,0.14285714285714285,0.9285714285714286,applicable
ilinet,LSTM,True,99,injected_5pct,5.0,1.1328192369863386,0.1896715611219406,0.1272288784384727,52,results/stage5_lstm/predictions/ilinet_lstm_seed_99_injected_5pct.csv,3,7,42,0,3,10,0.3,1.0,0.46153846153846156,0.8571428571428571,0.14285714285714285,0.9285714285714286,applicable
ilinet,LSTM,True,110,injected_10pct,2.0,0.5669306314676998,0.1896715611219406,0.1272288784384727,52,results/stage5_lstm/predictions/ilinet_lstm_seed_110_injected_10pct.csv,5,7,40,0,5,12,0.4166666666666667,1.0,0.5882352941176471,0.851063829787234,0.14893617021276595,0.925531914893617,applicable
ilinet,LSTM,True,110,injected_10pct,2.5,0.6612453990541396,0.1896715611219406,0.1272288784384727,52,results/stage5_lstm/predictions/ilinet_lstm_seed_110_injected_10pct.csv,4,7,40,1,5,11,0.36363636363636365,0.8,0.5,0.851063829787234,0.14893617021276595,0.8255319148936171,applicable
ilinet,LSTM,True,110,injected_10pct,3.0,0.7555601666405795,0.1896715611219406,0.1272288784384727,52,results/stage5_lstm/predictions/ilinet_lstm_seed_110_injected_10pct.csv,3,6,41,2,5,9,0.3333333333333333,0.6,0.42857142857142855,0.8723404255319149,0.1276595744680851,0.7361702127659575,applicable
ilinet,LSTM,True,110,injected_10pct,3.5,0.8498749342270192,0.1896715611219406,0.1272288784384727,52,results/stage5_lstm/predictions/ilinet_lstm_seed_110_injected_10pct.csv,3,6,41,2,5,9,0.3333333333333333,0.6,0.42857142857142855,0.8723404255319149,0.1276595744680851,0.7361702127659575,applicable
ilinet,LSTM,True,110,injected_10pct,4.0,0.9441897018134591,0.1896715611219406,0.1272288784384727,52,results/stage5_lstm/predictions/ilinet_lstm_seed_110_injected_10pct.csv,3,5,42,2,5,8,0.375,0.6,0.46153846153846156,0.8936170212765957,0.10638297872340426,0.7468085106382978,applicable
ilinet,LSTM,True,110,injected_10pct,4.5,1.0385044693998988,0.1896715611219406,0.1272288784384727,52,results/stage5_lstm/predictions/ilinet_lstm_seed_110_injected_10pct.csv,3,5,42,2,5,8,0.375,0.6,0.46153846153846156,0.8936170212765957,0.10638297872340426,0.7468085106382978,applicable
ilinet,LSTM,True,110,injected_10pct,5.0,1.1328192369863386,0.1896715611219406,0.1272288784384727,52,results/stage5_lstm/predictions/ilinet_lstm_seed_110_injected_10pct.csv,3,5,42,2,5,8,0.375,0.6,0.46153846153846156,0.8936170212765957,0.10638297872340426,0.7468085106382978,applicable
ilinet,LSTM,True,11,injected_10pct,2.0,0.5669306314676998,0.1896715611219406,0.1272288784384727,52,results/stage5_lstm/predictions/ilinet_lstm_seed_11_injected_10pct.csv,3,9,38,2,5,12,0.25,0.6,0.35294117647058826,0.8085106382978723,0.19148936170212766,0.7042553191489361,applicable
ilinet,LSTM,True,11,injected_10pct,2.5,0.6612453990541396,0.1896715611219406,0.1272288784384727,52,results/stage5_lstm/predictions/ilinet_lstm_seed_11_injected_10pct.csv,3,9,38,2,5,12,0.25,0.6,0.35294117647058826,0.8085106382978723,0.19148936170212766,0.7042553191489361,applicable
ilinet,LSTM,True,11,injected_10pct,3.0,0.7555601666405795,0.1896715611219406,0.1272288784384727,52,results/stage5_lstm/predictions/ilinet_lstm_seed_11_injected_10pct.csv,3,9,38,2,5,12,0.25,0.6,0.35294117647058826,0.8085106382978723,0.19148936170212766,0.7042553191489361,applicable
ilinet,LSTM,True,11,injected_10pct,3.5,0.8498749342270192,0.1896715611219406,0.1272288784384727,52,results/stage5_lstm/predictions/ilinet_lstm_seed_11_injected_10pct.csv,3,7,40,2,5,10,0.3,0.6,0.4,0.851063829787234,0.14893617021276595,0.725531914893617,applicable
ilinet,LSTM,True,11,injected_10pct,4.0,0.9441897018134591,0.1896715611219406,0.1272288784384727,52,results/stage5_lstm/predictions/ilinet_lstm_seed_11_injected_10pct.csv,3,6,41,2,5,9,0.3333333333333333,0.6,0.42857142857142855,0.8723404255319149,0.1276595744680851,0.7361702127659575,applicable
ilinet,LSTM,True,11,injected_10pct,4.5,1.0385044693998988,0.1896715611219406,0.1272288784384727,52,results/stage5_lstm/predictions/ilinet_lstm_seed_11_injected_10pct.csv,3,6,41,2,5,9,0.3333333333333333,0.6,0.42857142857142855,0.8723404255319149,0.1276595744680851,0.7361702127659575,applicable
ilinet,LSTM,True,11,injected_10pct,5.0,1.1328192369863386,0.1896715611219406,0.1272288784384727,52,results/stage5_lstm/predictions/ilinet_lstm_seed_11_injected_10pct.csv,2,6,41,3,5,8,0.25,0.4,0.3076923076923077,0.8723404255319149,0.1276595744680851,0.6361702127659574,applicable
ilinet,LSTM,True,22,injected_10pct,2.0,0.5669306314676998,0.1896715611219406,0.1272288784384727,52,results/stage5_lstm/predictions/ilinet_lstm_seed_22_injected_10pct.csv,5,7,40,0,5,12,0.4166666666666667,1.0,0.5882352941176471,0.851063829787234,0.14893617021276595,0.925531914893617,applicable
ilinet,LSTM,True,22,injected_10pct,2.5,0.6612453990541396,0.1896715611219406,0.1272288784384727,52,results/stage5_lstm/predictions/ilinet_lstm_seed_22_injected_10pct.csv,5,7,40,0,5,12,0.4166666666666667,1.0,0.5882352941176471,0.851063829787234,0.14893617021276595,0.925531914893617,applicable
ilinet,LSTM,True,22,injected_10pct,3.0,0.7555601666405795,0.1896715611219406,0.1272288784384727,52,results/stage5_lstm/predictions/ilinet_lstm_seed_22_injected_10pct.csv,5,7,40,0,5,12,0.4166666666666667,1.0,0.5882352941176471,0.851063829787234,0.14893617021276595,0.925531914893617,applicable
ilinet,LSTM,True,22,injected_10pct,3.5,0.8498749342270192,0.1896715611219406,0.1272288784384727,52,results/stage5_lstm/predictions/ilinet_lstm_seed_22_injected_10pct.csv,5,6,41,0,5,11,0.45454545454545453,1.0,0.625,0.8723404255319149,0.1276595744680851,0.9361702127659575,applicable
ilinet,LSTM,True,22,injected_10pct,4.0,0.9441897018134591,0.1896715611219406,0.1272288784384727,52,results/stage5_lstm/predictions/ilinet_lstm_seed_22_injected_10pct.csv,4,6,41,1,5,10,0.4,0.8,0.5333333333333333,0.8723404255319149,0.1276595744680851,0.8361702127659575,applicable
ilinet,LSTM,True,22,injected_10pct,4.5,1.0385044693998988,0.1896715611219406,0.1272288784384727,52,results/stage5_lstm/predictions/ilinet_lstm_seed_22_injected_10pct.csv,3,5,42,2,5,8,0.375,0.6,0.46153846153846156,0.8936170212765957,0.10638297872340426,0.7468085106382978,applicable
ilinet,LSTM,True,22,injected_10pct,5.0,1.1328192369863386,0.1896715611219406,0.1272288784384727,52,results/stage5_lstm/predictions/ilinet_lstm_seed_22_injected_10pct.csv,3,5,42,2,5,8,0.375,0.6,0.46153846153846156,0.8936170212765957,0.10638297872340426,0.7468085106382978,applicable
ilinet,LSTM,True,33,injected_10pct,2.0,0.5669306314676998,0.1896715611219406,0.1272288784384727,52,results/stage5_lstm/predictions/ilinet_lstm_seed_33_injected_10pct.csv,4,9,38,1,5,13,0.3076923076923077,0.8,0.4444444444444444,0.8085106382978723,0.19148936170212766,0.8042553191489361,applicable
ilinet,LSTM,True,33,injected_10pct,2.5,0.6612453990541396,0.1896715611219406,0.1272288784384727,52,results/stage5_lstm/predictions/ilinet_lstm_seed_33_injected_10pct.csv,4,7,40,1,5,11,0.36363636363636365,0.8,0.5,0.851063829787234,0.14893617021276595,0.8255319148936171,applicable
ilinet,LSTM,True,33,injected_10pct,3.0,0.7555601666405795,0.1896715611219406,0.1272288784384727,52,results/stage5_lstm/predictions/ilinet_lstm_seed_33_injected_10pct.csv,3,6,41,2,5,9,0.3333333333333333,0.6,0.42857142857142855,0.8723404255319149,0.1276595744680851,0.7361702127659575,applicable
ilinet,LSTM,True,33,injected_10pct,3.5,0.8498749342270192,0.1896715611219406,0.1272288784384727,52,results/stage5_lstm/predictions/ilinet_lstm_seed_33_injected_10pct.csv,3,6,41,2,5,9,0.3333333333333333,0.6,0.42857142857142855,0.8723404255319149,0.1276595744680851,0.7361702127659575,applicable
ilinet,LSTM,True,33,injected_10pct,4.0,0.9441897018134591,0.1896715611219406,0.1272288784384727,52,results/stage5_lstm/predictions/ilinet_lstm_seed_33_injected_10pct.csv,3,6,41,2,5,9,0.3333333333333333,0.6,0.42857142857142855,0.8723404255319149,0.1276595744680851,0.7361702127659575,applicable
ilinet,LSTM,True,33,injected_10pct,4.5,1.0385044693998988,0.1896715611219406,0.1272288784384727,52,results/stage5_lstm/predictions/ilinet_lstm_seed_33_injected_10pct.csv,3,5,42,2,5,8,0.375,0.6,0.46153846153846156,0.8936170212765957,0.10638297872340426,0.7468085106382978,applicable
ilinet,LSTM,True,33,injected_10pct,5.0,1.1328192369863386,0.1896715611219406,0.1272288784384727,52,results/stage5_lstm/predictions/ilinet_lstm_seed_33_injected_10pct.csv,3,5,42,2,5,8,0.375,0.6,0.46153846153846156,0.8936170212765957,0.10638297872340426,0.7468085106382978,applicable
ilinet,LSTM,True,44,injected_10pct,2.0,0.5669306314676998,0.1896715611219406,0.1272288784384727,52,results/stage5_lstm/predictions/ilinet_lstm_seed_44_injected_10pct.csv,5,8,39,0,5,13,0.38461538461538464,1.0,0.5555555555555556,0.8297872340425532,0.1702127659574468,0.9148936170212766,applicable
ilinet,LSTM,True,44,injected_10pct,2.5,0.6612453990541396,0.1896715611219406,0.1272288784384727,52,results/stage5_lstm/predictions/ilinet_lstm_seed_44_injected_10pct.csv,5,6,41,0,5,11,0.45454545454545453,1.0,0.625,0.8723404255319149,0.1276595744680851,0.9361702127659575,applicable
ilinet,LSTM,True,44,injected_10pct,3.0,0.7555601666405795,0.1896715611219406,0.1272288784384727,52,results/stage5_lstm/predictions/ilinet_lstm_seed_44_injected_10pct.csv,4,5,42,1,5,9,0.4444444444444444,0.8,0.5714285714285714,0.8936170212765957,0.10638297872340426,0.8468085106382979,applicable
ilinet,LSTM,True,44,injected_10pct,3.5,0.8498749342270192,0.1896715611219406,0.1272288784384727,52,results/stage5_lstm/predictions/ilinet_lstm_seed_44_injected_10pct.csv,3,5,42,2,5,8,0.375,0.6,0.46153846153846156,0.8936170212765957,0.10638297872340426,0.7468085106382978,applicable
ilinet,LSTM,True,44,injected_10pct,4.0,0.9441897018134591,0.1896715611219406,0.1272288784384727,52,results/stage5_lstm/predictions/ilinet_lstm_seed_44_injected_10pct.csv,3,5,42,2,5,8,0.375,0.6,0.46153846153846156,0.8936170212765957,0.10638297872340426,0.7468085106382978,applicable
ilinet,LSTM,True,44,injected_10pct,4.5,1.0385044693998988,0.1896715611219406,0.1272288784384727,52,results/stage5_lstm/predictions/ilinet_lstm_seed_44_injected_10pct.csv,3,5,42,2,5,8,0.375,0.6,0.46153846153846156,0.8936170212765957,0.10638297872340426,0.7468085106382978,applicable
ilinet,LSTM,True,44,injected_10pct,5.0,1.1328192369863386,0.1896715611219406,0.1272288784384727,52,results/stage5_lstm/predictions/ilinet_lstm_seed_44_injected_10pct.csv,3,5,42,2,5,8,0.375,0.6,0.46153846153846156,0.8936170212765957,0.10638297872340426,0.7468085106382978,applicable
ilinet,LSTM,True,55,injected_10pct,2.0,0.5669306314676998,0.1896715611219406,0.1272288784384727,52,results/stage5_lstm/predictions/ilinet_lstm_seed_55_injected_10pct.csv,4,9,38,1,5,13,0.3076923076923077,0.8,0.4444444444444444,0.8085106382978723,0.19148936170212766,0.8042553191489361,applicable
ilinet,LSTM,True,55,injected_10pct,2.5,0.6612453990541396,0.1896715611219406,0.1272288784384727,52,results/stage5_lstm/predictions/ilinet_lstm_seed_55_injected_10pct.csv,3,8,39,2,5,11,0.2727272727272727,0.6,0.375,0.8297872340425532,0.1702127659574468,0.7148936170212765,applicable
ilinet,LSTM,True,55,injected_10pct,3.0,0.7555601666405795,0.1896715611219406,0.1272288784384727,52,results/stage5_lstm/predictions/ilinet_lstm_seed_55_injected_10pct.csv,3,7,40,2,5,10,0.3,0.6,0.4,0.851063829787234,0.14893617021276595,0.725531914893617,applicable
ilinet,LSTM,True,55,injected_10pct,3.5,0.8498749342270192,0.1896715611219406,0.1272288784384727,52,results/stage5_lstm/predictions/ilinet_lstm_seed_55_injected_10pct.csv,3,6,41,2,5,9,0.3333333333333333,0.6,0.42857142857142855,0.8723404255319149,0.1276595744680851,0.7361702127659575,applicable
ilinet,LSTM,True,55,injected_10pct,4.0,0.9441897018134591,0.1896715611219406,0.1272288784384727,52,results/stage5_lstm/predictions/ilinet_lstm_seed_55_injected_10pct.csv,3,6,41,2,5,9,0.3333333333333333,0.6,0.42857142857142855,0.8723404255319149,0.1276595744680851,0.7361702127659575,applicable
ilinet,LSTM,True,55,injected_10pct,4.5,1.0385044693998988,0.1896715611219406,0.1272288784384727,52,results/stage5_lstm/predictions/ilinet_lstm_seed_55_injected_10pct.csv,3,6,41,2,5,9,0.3333333333333333,0.6,0.42857142857142855,0.8723404255319149,0.1276595744680851,0.7361702127659575,applicable
ilinet,LSTM,True,55,injected_10pct,5.0,1.1328192369863386,0.1896715611219406,0.1272288784384727,52,results/stage5_lstm/predictions/ilinet_lstm_seed_55_injected_10pct.csv,3,5,42,2,5,8,0.375,0.6,0.46153846153846156,0.8936170212765957,0.10638297872340426,0.7468085106382978,applicable
ilinet,LSTM,True,66,injected_10pct,2.0,0.5669306314676998,0.1896715611219406,0.1272288784384727,52,results/stage5_lstm/predictions/ilinet_lstm_seed_66_injected_10pct.csv,5,9,38,0,5,14,0.35714285714285715,1.0,0.5263157894736842,0.8085106382978723,0.19148936170212766,0.9042553191489362,applicable
ilinet,LSTM,True,66,injected_10pct,2.5,0.6612453990541396,0.1896715611219406,0.1272288784384727,52,results/stage5_lstm/predictions/ilinet_lstm_seed_66_injected_10pct.csv,3,6,41,2,5,9,0.3333333333333333,0.6,0.42857142857142855,0.8723404255319149,0.1276595744680851,0.7361702127659575,applicable
ilinet,LSTM,True,66,injected_10pct,3.0,0.7555601666405795,0.1896715611219406,0.1272288784384727,52,results/stage5_lstm/predictions/ilinet_lstm_seed_66_injected_10pct.csv,3,6,41,2,5,9,0.3333333333333333,0.6,0.42857142857142855,0.8723404255319149,0.1276595744680851,0.7361702127659575,applicable
ilinet,LSTM,True,66,injected_10pct,3.5,0.8498749342270192,0.1896715611219406,0.1272288784384727,52,results/stage5_lstm/predictions/ilinet_lstm_seed_66_injected_10pct.csv,3,6,41,2,5,9,0.3333333333333333,0.6,0.42857142857142855,0.8723404255319149,0.1276595744680851,0.7361702127659575,applicable
ilinet,LSTM,True,66,injected_10pct,4.0,0.9441897018134591,0.1896715611219406,0.1272288784384727,52,results/stage5_lstm/predictions/ilinet_lstm_seed_66_injected_10pct.csv,3,6,41,2,5,9,0.3333333333333333,0.6,0.42857142857142855,0.8723404255319149,0.1276595744680851,0.7361702127659575,applicable
ilinet,LSTM,True,66,injected_10pct,4.5,1.0385044693998988,0.1896715611219406,0.1272288784384727,52,results/stage5_lstm/predictions/ilinet_lstm_seed_66_injected_10pct.csv,3,5,42,2,5,8,0.375,0.6,0.46153846153846156,0.8936170212765957,0.10638297872340426,0.7468085106382978,applicable
ilinet,LSTM,True,66,injected_10pct,5.0,1.1328192369863386,0.1896715611219406,0.1272288784384727,52,results/stage5_lstm/predictions/ilinet_lstm_seed_66_injected_10pct.csv,3,5,42,2,5,8,0.375,0.6,0.46153846153846156,0.8936170212765957,0.10638297872340426,0.7468085106382978,applicable
ilinet,LSTM,True,77,injected_10pct,2.0,0.5669306314676998,0.1896715611219406,0.1272288784384727,52,results/stage5_lstm/predictions/ilinet_lstm_seed_77_injected_10pct.csv,5,7,40,0,5,12,0.4166666666666667,1.0,0.5882352941176471,0.851063829787234,0.14893617021276595,0.925531914893617,applicable
ilinet,LSTM,True,77,injected_10pct,2.5,0.6612453990541396,0.1896715611219406,0.1272288784384727,52,results/stage5_lstm/predictions/ilinet_lstm_seed_77_injected_10pct.csv,5,6,41,0,5,11,0.45454545454545453,1.0,0.625,0.8723404255319149,0.1276595744680851,0.9361702127659575,applicable
ilinet,LSTM,True,77,injected_10pct,3.0,0.7555601666405795,0.1896715611219406,0.1272288784384727,52,results/stage5_lstm/predictions/ilinet_lstm_seed_77_injected_10pct.csv,4,6,41,1,5,10,0.4,0.8,0.5333333333333333,0.8723404255319149,0.1276595744680851,0.8361702127659575,applicable
ilinet,LSTM,True,77,injected_10pct,3.5,0.8498749342270192,0.1896715611219406,0.1272288784384727,52,results/stage5_lstm/predictions/ilinet_lstm_seed_77_injected_10pct.csv,4,6,41,1,5,10,0.4,0.8,0.5333333333333333,0.8723404255319149,0.1276595744680851,0.8361702127659575,applicable
ilinet,LSTM,True,77,injected_10pct,4.0,0.9441897018134591,0.1896715611219406,0.1272288784384727,52,results/stage5_lstm/predictions/ilinet_lstm_seed_77_injected_10pct.csv,3,5,42,2,5,8,0.375,0.6,0.46153846153846156,0.8936170212765957,0.10638297872340426,0.7468085106382978,applicable
ilinet,LSTM,True,77,injected_10pct,4.5,1.0385044693998988,0.1896715611219406,0.1272288784384727,52,results/stage5_lstm/predictions/ilinet_lstm_seed_77_injected_10pct.csv,3,5,42,2,5,8,0.375,0.6,0.46153846153846156,0.8936170212765957,0.10638297872340426,0.7468085106382978,applicable
ilinet,LSTM,True,77,injected_10pct,5.0,1.1328192369863386,0.1896715611219406,0.1272288784384727,52,results/stage5_lstm/predictions/ilinet_lstm_seed_77_injected_10pct.csv,3,5,42,2,5,8,0.375,0.6,0.46153846153846156,0.8936170212765957,0.10638297872340426,0.7468085106382978,applicable
ilinet,LSTM,True,88,injected_10pct,2.0,0.5669306314676998,0.1896715611219406,0.1272288784384727,52,results/stage5_lstm/predictions/ilinet_lstm_seed_88_injected_10pct.csv,3,11,36,2,5,14,0.21428571428571427,0.6,0.3157894736842105,0.7659574468085106,0.23404255319148937,0.6829787234042553,applicable
ilinet,LSTM,True,88,injected_10pct,2.5,0.6612453990541396,0.1896715611219406,0.1272288784384727,52,results/stage5_lstm/predictions/ilinet_lstm_seed_88_injected_10pct.csv,3,10,37,2,5,13,0.23076923076923078,0.6,0.3333333333333333,0.7872340425531915,0.2127659574468085,0.6936170212765957,applicable
ilinet,LSTM,True,88,injected_10pct,3.0,0.7555601666405795,0.1896715611219406,0.1272288784384727,52,results/stage5_lstm/predictions/ilinet_lstm_seed_88_injected_10pct.csv,3,9,38,2,5,12,0.25,0.6,0.35294117647058826,0.8085106382978723,0.19148936170212766,0.7042553191489361,applicable
ilinet,LSTM,True,88,injected_10pct,3.5,0.8498749342270192,0.1896715611219406,0.1272288784384727,52,results/stage5_lstm/predictions/ilinet_lstm_seed_88_injected_10pct.csv,3,7,40,2,5,10,0.3,0.6,0.4,0.851063829787234,0.14893617021276595,0.725531914893617,applicable
ilinet,LSTM,True,88,injected_10pct,4.0,0.9441897018134591,0.1896715611219406,0.1272288784384727,52,results/stage5_lstm/predictions/ilinet_lstm_seed_88_injected_10pct.csv,3,7,40,2,5,10,0.3,0.6,0.4,0.851063829787234,0.14893617021276595,0.725531914893617,applicable
ilinet,LSTM,True,88,injected_10pct,4.5,1.0385044693998988,0.1896715611219406,0.1272288784384727,52,results/stage5_lstm/predictions/ilinet_lstm_seed_88_injected_10pct.csv,2,6,41,3,5,8,0.25,0.4,0.3076923076923077,0.8723404255319149,0.1276595744680851,0.6361702127659574,applicable
ilinet,LSTM,True,88,injected_10pct,5.0,1.1328192369863386,0.1896715611219406,0.1272288784384727,52,results/stage5_lstm/predictions/ilinet_lstm_seed_88_injected_10pct.csv,2,6,41,3,5,8,0.25,0.4,0.3076923076923077,0.8723404255319149,0.1276595744680851,0.6361702127659574,applicable
ilinet,LSTM,True,99,injected_10pct,2.0,0.5669306314676998,0.1896715611219406,0.1272288784384727,52,results/stage5_lstm/predictions/ilinet_lstm_seed_99_injected_10pct.csv,4,8,39,1,5,12,0.3333333333333333,0.8,0.47058823529411764,0.8297872340425532,0.1702127659574468,0.8148936170212766,applicable
ilinet,LSTM,True,99,injected_10pct,2.5,0.6612453990541396,0.1896715611219406,0.1272288784384727,52,results/stage5_lstm/predictions/ilinet_lstm_seed_99_injected_10pct.csv,4,6,41,1,5,10,0.4,0.8,0.5333333333333333,0.8723404255319149,0.1276595744680851,0.8361702127659575,applicable
ilinet,LSTM,True,99,injected_10pct,3.0,0.7555601666405795,0.1896715611219406,0.1272288784384727,52,results/stage5_lstm/predictions/ilinet_lstm_seed_99_injected_10pct.csv,3,6,41,2,5,9,0.3333333333333333,0.6,0.42857142857142855,0.8723404255319149,0.1276595744680851,0.7361702127659575,applicable
ilinet,LSTM,True,99,injected_10pct,3.5,0.8498749342270192,0.1896715611219406,0.1272288784384727,52,results/stage5_lstm/predictions/ilinet_lstm_seed_99_injected_10pct.csv,3,6,41,2,5,9,0.3333333333333333,0.6,0.42857142857142855,0.8723404255319149,0.1276595744680851,0.7361702127659575,applicable
ilinet,LSTM,True,99,injected_10pct,4.0,0.9441897018134591,0.1896715611219406,0.1272288784384727,52,results/stage5_lstm/predictions/ilinet_lstm_seed_99_injected_10pct.csv,3,6,41,2,5,9,0.3333333333333333,0.6,0.42857142857142855,0.8723404255319149,0.1276595744680851,0.7361702127659575,applicable
ilinet,LSTM,True,99,injected_10pct,4.5,1.0385044693998988,0.1896715611219406,0.1272288784384727,52,results/stage5_lstm/predictions/ilinet_lstm_seed_99_injected_10pct.csv,3,5,42,2,5,8,0.375,0.6,0.46153846153846156,0.8936170212765957,0.10638297872340426,0.7468085106382978,applicable
ilinet,LSTM,True,99,injected_10pct,5.0,1.1328192369863386,0.1896715611219406,0.1272288784384727,52,results/stage5_lstm/predictions/ilinet_lstm_seed_99_injected_10pct.csv,3,5,42,2,5,8,0.375,0.6,0.46153846153846156,0.8936170212765957,0.10638297872340426,0.7468085106382978,applicable
ilinet,LSTM,True,110,proxy_robust_z,2.0,0.5669306314676998,0.1896715611219406,0.1272288784384727,52,results/stage5_lstm/predictions/ilinet_lstm_seed_110_proxy_robust_z.csv,8,1,40,3,11,9,0.8888888888888888,0.7272727272727273,0.8,0.975609756097561,0.024390243902439025,0.8514412416851441,applicable
ilinet,LSTM,True,110,proxy_robust_z,2.5,0.6612453990541396,0.1896715611219406,0.1272288784384727,52,results/stage5_lstm/predictions/ilinet_lstm_seed_110_proxy_robust_z.csv,7,0,41,4,11,7,1.0,0.6363636363636364,0.7777777777777778,1.0,0.0,0.8181818181818181,applicable
ilinet,LSTM,True,110,proxy_robust_z,3.0,0.7555601666405795,0.1896715611219406,0.1272288784384727,52,results/stage5_lstm/predictions/ilinet_lstm_seed_110_proxy_robust_z.csv,7,0,41,4,11,7,1.0,0.6363636363636364,0.7777777777777778,1.0,0.0,0.8181818181818181,applicable
ilinet,LSTM,True,110,proxy_robust_z,3.5,0.8498749342270192,0.1896715611219406,0.1272288784384727,52,results/stage5_lstm/predictions/ilinet_lstm_seed_110_proxy_robust_z.csv,7,0,41,4,11,7,1.0,0.6363636363636364,0.7777777777777778,1.0,0.0,0.8181818181818181,applicable
ilinet,LSTM,True,110,proxy_robust_z,4.0,0.9441897018134591,0.1896715611219406,0.1272288784384727,52,results/stage5_lstm/predictions/ilinet_lstm_seed_110_proxy_robust_z.csv,6,0,41,5,11,6,1.0,0.5454545454545454,0.7058823529411765,1.0,0.0,0.7727272727272727,applicable
ilinet,LSTM,True,110,proxy_robust_z,4.5,1.0385044693998988,0.1896715611219406,0.1272288784384727,52,results/stage5_lstm/predictions/ilinet_lstm_seed_110_proxy_robust_z.csv,6,0,41,5,11,6,1.0,0.5454545454545454,0.7058823529411765,1.0,0.0,0.7727272727272727,applicable
ilinet,LSTM,True,110,proxy_robust_z,5.0,1.1328192369863386,0.1896715611219406,0.1272288784384727,52,results/stage5_lstm/predictions/ilinet_lstm_seed_110_proxy_robust_z.csv,6,0,41,5,11,6,1.0,0.5454545454545454,0.7058823529411765,1.0,0.0,0.7727272727272727,applicable
ilinet,LSTM,True,11,proxy_robust_z,2.0,0.5669306314676998,0.1896715611219406,0.1272288784384727,52,results/stage5_lstm/predictions/ilinet_lstm_seed_11_proxy_robust_z.csv,9,5,36,2,11,14,0.6428571428571429,0.8181818181818182,0.72,0.8780487804878049,0.12195121951219512,0.8481152993348116,applicable
ilinet,LSTM,True,11,proxy_robust_z,2.5,0.6612453990541396,0.1896715611219406,0.1272288784384727,52,results/stage5_lstm/predictions/ilinet_lstm_seed_11_proxy_robust_z.csv,8,5,36,3,11,13,0.6153846153846154,0.7272727272727273,0.6666666666666666,0.8780487804878049,0.12195121951219512,0.8026607538802661,applicable
ilinet,LSTM,True,11,proxy_robust_z,3.0,0.7555601666405795,0.1896715611219406,0.1272288784384727,52,results/stage5_lstm/predictions/ilinet_lstm_seed_11_proxy_robust_z.csv,7,4,37,4,11,11,0.6363636363636364,0.6363636363636364,0.6363636363636364,0.9024390243902439,0.0975609756097561,0.7694013303769401,applicable
ilinet,LSTM,True,11,proxy_robust_z,3.5,0.8498749342270192,0.1896715611219406,0.1272288784384727,52,results/stage5_lstm/predictions/ilinet_lstm_seed_11_proxy_robust_z.csv,7,2,39,4,11,9,0.7777777777777778,0.6363636363636364,0.7,0.9512195121951219,0.04878048780487805,0.7937915742793791,applicable
ilinet,LSTM,True,11,proxy_robust_z,4.0,0.9441897018134591,0.1896715611219406,0.1272288784384727,52,results/stage5_lstm/predictions/ilinet_lstm_seed_11_proxy_robust_z.csv,7,1,40,4,11,8,0.875,0.6363636363636364,0.7368421052631579,0.975609756097561,0.024390243902439025,0.8059866962305986,applicable
ilinet,LSTM,True,11,proxy_robust_z,4.5,1.0385044693998988,0.1896715611219406,0.1272288784384727,52,results/stage5_lstm/predictions/ilinet_lstm_seed_11_proxy_robust_z.csv,7,0,41,4,11,7,1.0,0.6363636363636364,0.7777777777777778,1.0,0.0,0.8181818181818181,applicable
ilinet,LSTM,True,11,proxy_robust_z,5.0,1.1328192369863386,0.1896715611219406,0.1272288784384727,52,results/stage5_lstm/predictions/ilinet_lstm_seed_11_proxy_robust_z.csv,7,0,41,4,11,7,1.0,0.6363636363636364,0.7777777777777778,1.0,0.0,0.8181818181818181,applicable
ilinet,LSTM,True,22,proxy_robust_z,2.0,0.5669306314676998,0.1896715611219406,0.1272288784384727,52,results/stage5_lstm/predictions/ilinet_lstm_seed_22_proxy_robust_z.csv,8,0,41,3,11,8,1.0,0.7272727272727273,0.8421052631578947,1.0,0.0,0.8636363636363636,applicable
ilinet,LSTM,True,22,proxy_robust_z,2.5,0.6612453990541396,0.1896715611219406,0.1272288784384727,52,results/stage5_lstm/predictions/ilinet_lstm_seed_22_proxy_robust_z.csv,8,0,41,3,11,8,1.0,0.7272727272727273,0.8421052631578947,1.0,0.0,0.8636363636363636,applicable
ilinet,LSTM,True,22,proxy_robust_z,3.0,0.7555601666405795,0.1896715611219406,0.1272288784384727,52,results/stage5_lstm/predictions/ilinet_lstm_seed_22_proxy_robust_z.csv,8,0,41,3,11,8,1.0,0.7272727272727273,0.8421052631578947,1.0,0.0,0.8636363636363636,applicable
ilinet,LSTM,True,22,proxy_robust_z,3.5,0.8498749342270192,0.1896715611219406,0.1272288784384727,52,results/stage5_lstm/predictions/ilinet_lstm_seed_22_proxy_robust_z.csv,7,0,41,4,11,7,1.0,0.6363636363636364,0.7777777777777778,1.0,0.0,0.8181818181818181,applicable
ilinet,LSTM,True,22,proxy_robust_z,4.0,0.9441897018134591,0.1896715611219406,0.1272288784384727,52,results/stage5_lstm/predictions/ilinet_lstm_seed_22_proxy_robust_z.csv,5,0,41,6,11,5,1.0,0.45454545454545453,0.625,1.0,0.0,0.7272727272727273,applicable
ilinet,LSTM,True,22,proxy_robust_z,4.5,1.0385044693998988,0.1896715611219406,0.1272288784384727,52,results/stage5_lstm/predictions/ilinet_lstm_seed_22_proxy_robust_z.csv,5,0,41,6,11,5,1.0,0.45454545454545453,0.625,1.0,0.0,0.7272727272727273,applicable
ilinet,LSTM,True,22,proxy_robust_z,5.0,1.1328192369863386,0.1896715611219406,0.1272288784384727,52,results/stage5_lstm/predictions/ilinet_lstm_seed_22_proxy_robust_z.csv,5,0,41,6,11,5,1.0,0.45454545454545453,0.625,1.0,0.0,0.7272727272727273,applicable
ilinet,LSTM,True,33,proxy_robust_z,2.0,0.5669306314676998,0.1896715611219406,0.1272288784384727,52,results/stage5_lstm/predictions/ilinet_lstm_seed_33_proxy_robust_z.csv,8,1,40,3,11,9,0.8888888888888888,0.7272727272727273,0.8,0.975609756097561,0.024390243902439025,0.8514412416851441,applicable
ilinet,LSTM,True,33,proxy_robust_z,2.5,0.6612453990541396,0.1896715611219406,0.1272288784384727,52,results/stage5_lstm/predictions/ilinet_lstm_seed_33_proxy_robust_z.csv,7,0,41,4,11,7,1.0,0.6363636363636364,0.7777777777777778,1.0,0.0,0.8181818181818181,applicable
ilinet,LSTM,True,33,proxy_robust_z,3.0,0.7555601666405795,0.1896715611219406,0.1272288784384727,52,results/stage5_lstm/predictions/ilinet_lstm_seed_33_proxy_robust_z.csv,7,0,41,4,11,7,1.0,0.6363636363636364,0.7777777777777778,1.0,0.0,0.8181818181818181,applicable
ilinet,LSTM,True,33,proxy_robust_z,3.5,0.8498749342270192,0.1896715611219406,0.1272288784384727,52,results/stage5_lstm/predictions/ilinet_lstm_seed_33_proxy_robust_z.csv,7,0,41,4,11,7,1.0,0.6363636363636364,0.7777777777777778,1.0,0.0,0.8181818181818181,applicable
ilinet,LSTM,True,33,proxy_robust_z,4.0,0.9441897018134591,0.1896715611219406,0.1272288784384727,52,results/stage5_lstm/predictions/ilinet_lstm_seed_33_proxy_robust_z.csv,7,0,41,4,11,7,1.0,0.6363636363636364,0.7777777777777778,1.0,0.0,0.8181818181818181,applicable
ilinet,LSTM,True,33,proxy_robust_z,4.5,1.0385044693998988,0.1896715611219406,0.1272288784384727,52,results/stage5_lstm/predictions/ilinet_lstm_seed_33_proxy_robust_z.csv,6,0,41,5,11,6,1.0,0.5454545454545454,0.7058823529411765,1.0,0.0,0.7727272727272727,applicable
ilinet,LSTM,True,33,proxy_robust_z,5.0,1.1328192369863386,0.1896715611219406,0.1272288784384727,52,results/stage5_lstm/predictions/ilinet_lstm_seed_33_proxy_robust_z.csv,6,0,41,5,11,6,1.0,0.5454545454545454,0.7058823529411765,1.0,0.0,0.7727272727272727,applicable
ilinet,LSTM,True,44,proxy_robust_z,2.0,0.5669306314676998,0.1896715611219406,0.1272288784384727,52,results/stage5_lstm/predictions/ilinet_lstm_seed_44_proxy_robust_z.csv,7,1,40,4,11,8,0.875,0.6363636363636364,0.7368421052631579,0.975609756097561,0.024390243902439025,0.8059866962305986,applicable
ilinet,LSTM,True,44,proxy_robust_z,2.5,0.6612453990541396,0.1896715611219406,0.1272288784384727,52,results/stage5_lstm/predictions/ilinet_lstm_seed_44_proxy_robust_z.csv,7,0,41,4,11,7,1.0,0.6363636363636364,0.7777777777777778,1.0,0.0,0.8181818181818181,applicable
ilinet,LSTM,True,44,proxy_robust_z,3.0,0.7555601666405795,0.1896715611219406,0.1272288784384727,52,results/stage5_lstm/predictions/ilinet_lstm_seed_44_proxy_robust_z.csv,6,0,41,5,11,6,1.0,0.5454545454545454,0.7058823529411765,1.0,0.0,0.7727272727272727,applicable
ilinet,LSTM,True,44,proxy_robust_z,3.5,0.8498749342270192,0.1896715611219406,0.1272288784384727,52,results/stage5_lstm/predictions/ilinet_lstm_seed_44_proxy_robust_z.csv,6,0,41,5,11,6,1.0,0.5454545454545454,0.7058823529411765,1.0,0.0,0.7727272727272727,applicable
ilinet,LSTM,True,44,proxy_robust_z,4.0,0.9441897018134591,0.1896715611219406,0.1272288784384727,52,results/stage5_lstm/predictions/ilinet_lstm_seed_44_proxy_robust_z.csv,6,0,41,5,11,6,1.0,0.5454545454545454,0.7058823529411765,1.0,0.0,0.7727272727272727,applicable
ilinet,LSTM,True,44,proxy_robust_z,4.5,1.0385044693998988,0.1896715611219406,0.1272288784384727,52,results/stage5_lstm/predictions/ilinet_lstm_seed_44_proxy_robust_z.csv,5,0,41,6,11,5,1.0,0.45454545454545453,0.625,1.0,0.0,0.7272727272727273,applicable
ilinet,LSTM,True,44,proxy_robust_z,5.0,1.1328192369863386,0.1896715611219406,0.1272288784384727,52,results/stage5_lstm/predictions/ilinet_lstm_seed_44_proxy_robust_z.csv,5,0,41,6,11,5,1.0,0.45454545454545453,0.625,1.0,0.0,0.7272727272727273,applicable
ilinet,LSTM,True,55,proxy_robust_z,2.0,0.5669306314676998,0.1896715611219406,0.1272288784384727,52,results/stage5_lstm/predictions/ilinet_lstm_seed_55_proxy_robust_z.csv,8,6,35,3,11,14,0.5714285714285714,0.7272727272727273,0.64,0.8536585365853658,0.14634146341463414,0.7904656319290466,applicable
ilinet,LSTM,True,55,proxy_robust_z,2.5,0.6612453990541396,0.1896715611219406,0.1272288784384727,52,results/stage5_lstm/predictions/ilinet_lstm_seed_55_proxy_robust_z.csv,7,4,37,4,11,11,0.6363636363636364,0.6363636363636364,0.6363636363636364,0.9024390243902439,0.0975609756097561,0.7694013303769401,applicable
ilinet,LSTM,True,55,proxy_robust_z,3.0,0.7555601666405795,0.1896715611219406,0.1272288784384727,52,results/stage5_lstm/predictions/ilinet_lstm_seed_55_proxy_robust_z.csv,7,1,40,4,11,8,0.875,0.6363636363636364,0.7368421052631579,0.975609756097561,0.024390243902439025,0.8059866962305986,applicable
ilinet,LSTM,True,55,proxy_robust_z,3.5,0.8498749342270192,0.1896715611219406,0.1272288784384727,52,results/stage5_lstm/predictions/ilinet_lstm_seed_55_proxy_robust_z.csv,7,0,41,4,11,7,1.0,0.6363636363636364,0.7777777777777778,1.0,0.0,0.8181818181818181,applicable
ilinet,LSTM,True,55,proxy_robust_z,4.0,0.9441897018134591,0.1896715611219406,0.1272288784384727,52,results/stage5_lstm/predictions/ilinet_lstm_seed_55_proxy_robust_z.csv,7,0,41,4,11,7,1.0,0.6363636363636364,0.7777777777777778,1.0,0.0,0.8181818181818181,applicable
ilinet,LSTM,True,55,proxy_robust_z,4.5,1.0385044693998988,0.1896715611219406,0.1272288784384727,52,results/stage5_lstm/predictions/ilinet_lstm_seed_55_proxy_robust_z.csv,7,0,41,4,11,7,1.0,0.6363636363636364,0.7777777777777778,1.0,0.0,0.8181818181818181,applicable
ilinet,LSTM,True,55,proxy_robust_z,5.0,1.1328192369863386,0.1896715611219406,0.1272288784384727,52,results/stage5_lstm/predictions/ilinet_lstm_seed_55_proxy_robust_z.csv,6,0,41,5,11,6,1.0,0.5454545454545454,0.7058823529411765,1.0,0.0,0.7727272727272727,applicable
ilinet,LSTM,True,66,proxy_robust_z,2.0,0.5669306314676998,0.1896715611219406,0.1272288784384727,52,results/stage5_lstm/predictions/ilinet_lstm_seed_66_proxy_robust_z.csv,7,3,38,4,11,10,0.7,0.6363636363636364,0.6666666666666666,0.926829268292683,0.07317073170731707,0.7815964523281597,applicable
ilinet,LSTM,True,66,proxy_robust_z,2.5,0.6612453990541396,0.1896715611219406,0.1272288784384727,52,results/stage5_lstm/predictions/ilinet_lstm_seed_66_proxy_robust_z.csv,7,0,41,4,11,7,1.0,0.6363636363636364,0.7777777777777778,1.0,0.0,0.8181818181818181,applicable
ilinet,LSTM,True,66,proxy_robust_z,3.0,0.7555601666405795,0.1896715611219406,0.1272288784384727,52,results/stage5_lstm/predictions/ilinet_lstm_seed_66_proxy_robust_z.csv,7,0,41,4,11,7,1.0,0.6363636363636364,0.7777777777777778,1.0,0.0,0.8181818181818181,applicable
ilinet,LSTM,True,66,proxy_robust_z,3.5,0.8498749342270192,0.1896715611219406,0.1272288784384727,52,results/stage5_lstm/predictions/ilinet_lstm_seed_66_proxy_robust_z.csv,7,0,41,4,11,7,1.0,0.6363636363636364,0.7777777777777778,1.0,0.0,0.8181818181818181,applicable
ilinet,LSTM,True,66,proxy_robust_z,4.0,0.9441897018134591,0.1896715611219406,0.1272288784384727,52,results/stage5_lstm/predictions/ilinet_lstm_seed_66_proxy_robust_z.csv,7,0,41,4,11,7,1.0,0.6363636363636364,0.7777777777777778,1.0,0.0,0.8181818181818181,applicable
ilinet,LSTM,True,66,proxy_robust_z,4.5,1.0385044693998988,0.1896715611219406,0.1272288784384727,52,results/stage5_lstm/predictions/ilinet_lstm_seed_66_proxy_robust_z.csv,6,0,41,5,11,6,1.0,0.5454545454545454,0.7058823529411765,1.0,0.0,0.7727272727272727,applicable
ilinet,LSTM,True,66,proxy_robust_z,5.0,1.1328192369863386,0.1896715611219406,0.1272288784384727,52,results/stage5_lstm/predictions/ilinet_lstm_seed_66_proxy_robust_z.csv,5,0,41,6,11,5,1.0,0.45454545454545453,0.625,1.0,0.0,0.7272727272727273,applicable
ilinet,LSTM,True,77,proxy_robust_z,2.0,0.5669306314676998,0.1896715611219406,0.1272288784384727,52,results/stage5_lstm/predictions/ilinet_lstm_seed_77_proxy_robust_z.csv,8,0,41,3,11,8,1.0,0.7272727272727273,0.8421052631578947,1.0,0.0,0.8636363636363636,applicable
ilinet,LSTM,True,77,proxy_robust_z,2.5,0.6612453990541396,0.1896715611219406,0.1272288784384727,52,results/stage5_lstm/predictions/ilinet_lstm_seed_77_proxy_robust_z.csv,7,0,41,4,11,7,1.0,0.6363636363636364,0.7777777777777778,1.0,0.0,0.8181818181818181,applicable
ilinet,LSTM,True,77,proxy_robust_z,3.0,0.7555601666405795,0.1896715611219406,0.1272288784384727,52,results/stage5_lstm/predictions/ilinet_lstm_seed_77_proxy_robust_z.csv,7,0,41,4,11,7,1.0,0.6363636363636364,0.7777777777777778,1.0,0.0,0.8181818181818181,applicable
ilinet,LSTM,True,77,proxy_robust_z,3.5,0.8498749342270192,0.1896715611219406,0.1272288784384727,52,results/stage5_lstm/predictions/ilinet_lstm_seed_77_proxy_robust_z.csv,7,0,41,4,11,7,1.0,0.6363636363636364,0.7777777777777778,1.0,0.0,0.8181818181818181,applicable
ilinet,LSTM,True,77,proxy_robust_z,4.0,0.9441897018134591,0.1896715611219406,0.1272288784384727,52,results/stage5_lstm/predictions/ilinet_lstm_seed_77_proxy_robust_z.csv,6,0,41,5,11,6,1.0,0.5454545454545454,0.7058823529411765,1.0,0.0,0.7727272727272727,applicable
ilinet,LSTM,True,77,proxy_robust_z,4.5,1.0385044693998988,0.1896715611219406,0.1272288784384727,52,results/stage5_lstm/predictions/ilinet_lstm_seed_77_proxy_robust_z.csv,5,0,41,6,11,5,1.0,0.45454545454545453,0.625,1.0,0.0,0.7272727272727273,applicable
ilinet,LSTM,True,77,proxy_robust_z,5.0,1.1328192369863386,0.1896715611219406,0.1272288784384727,52,results/stage5_lstm/predictions/ilinet_lstm_seed_77_proxy_robust_z.csv,5,0,41,6,11,5,1.0,0.45454545454545453,0.625,1.0,0.0,0.7272727272727273,applicable
ilinet,LSTM,True,88,proxy_robust_z,2.0,0.5669306314676998,0.1896715611219406,0.1272288784384727,52,results/stage5_lstm/predictions/ilinet_lstm_seed_88_proxy_robust_z.csv,10,5,36,1,11,15,0.6666666666666666,0.9090909090909091,0.7692307692307693,0.8780487804878049,0.12195121951219512,0.893569844789357,applicable
ilinet,LSTM,True,88,proxy_robust_z,2.5,0.6612453990541396,0.1896715611219406,0.1272288784384727,52,results/stage5_lstm/predictions/ilinet_lstm_seed_88_proxy_robust_z.csv,8,5,36,3,11,13,0.6153846153846154,0.7272727272727273,0.6666666666666666,0.8780487804878049,0.12195121951219512,0.8026607538802661,applicable
ilinet,LSTM,True,88,proxy_robust_z,3.0,0.7555601666405795,0.1896715611219406,0.1272288784384727,52,results/stage5_lstm/predictions/ilinet_lstm_seed_88_proxy_robust_z.csv,8,4,37,3,11,12,0.6666666666666666,0.7272727272727273,0.6956521739130435,0.9024390243902439,0.0975609756097561,0.8148558758314857,applicable
ilinet,LSTM,True,88,proxy_robust_z,3.5,0.8498749342270192,0.1896715611219406,0.1272288784384727,52,results/stage5_lstm/predictions/ilinet_lstm_seed_88_proxy_robust_z.csv,8,3,38,3,11,11,0.7272727272727273,0.7272727272727273,0.7272727272727273,0.926829268292683,0.07317073170731707,0.8270509977827052,applicable
ilinet,LSTM,True,88,proxy_robust_z,4.0,0.9441897018134591,0.1896715611219406,0.1272288784384727,52,results/stage5_lstm/predictions/ilinet_lstm_seed_88_proxy_robust_z.csv,7,1,40,4,11,8,0.875,0.6363636363636364,0.7368421052631579,0.975609756097561,0.024390243902439025,0.8059866962305986,applicable
ilinet,LSTM,True,88,proxy_robust_z,4.5,1.0385044693998988,0.1896715611219406,0.1272288784384727,52,results/stage5_lstm/predictions/ilinet_lstm_seed_88_proxy_robust_z.csv,7,0,41,4,11,7,1.0,0.6363636363636364,0.7777777777777778,1.0,0.0,0.8181818181818181,applicable
ilinet,LSTM,True,88,proxy_robust_z,5.0,1.1328192369863386,0.1896715611219406,0.1272288784384727,52,results/stage5_lstm/predictions/ilinet_lstm_seed_88_proxy_robust_z.csv,7,0,41,4,11,7,1.0,0.6363636363636364,0.7777777777777778,1.0,0.0,0.8181818181818181,applicable
ilinet,LSTM,True,99,proxy_robust_z,2.0,0.5669306314676998,0.1896715611219406,0.1272288784384727,52,results/stage5_lstm/predictions/ilinet_lstm_seed_99_proxy_robust_z.csv,7,1,40,4,11,8,0.875,0.6363636363636364,0.7368421052631579,0.975609756097561,0.024390243902439025,0.8059866962305986,applicable
ilinet,LSTM,True,99,proxy_robust_z,2.5,0.6612453990541396,0.1896715611219406,0.1272288784384727,52,results/stage5_lstm/predictions/ilinet_lstm_seed_99_proxy_robust_z.csv,7,0,41,4,11,7,1.0,0.6363636363636364,0.7777777777777778,1.0,0.0,0.8181818181818181,applicable
ilinet,LSTM,True,99,proxy_robust_z,3.0,0.7555601666405795,0.1896715611219406,0.1272288784384727,52,results/stage5_lstm/predictions/ilinet_lstm_seed_99_proxy_robust_z.csv,7,0,41,4,11,7,1.0,0.6363636363636364,0.7777777777777778,1.0,0.0,0.8181818181818181,applicable
ilinet,LSTM,True,99,proxy_robust_z,3.5,0.8498749342270192,0.1896715611219406,0.1272288784384727,52,results/stage5_lstm/predictions/ilinet_lstm_seed_99_proxy_robust_z.csv,7,0,41,4,11,7,1.0,0.6363636363636364,0.7777777777777778,1.0,0.0,0.8181818181818181,applicable
ilinet,LSTM,True,99,proxy_robust_z,4.0,0.9441897018134591,0.1896715611219406,0.1272288784384727,52,results/stage5_lstm/predictions/ilinet_lstm_seed_99_proxy_robust_z.csv,7,0,41,4,11,7,1.0,0.6363636363636364,0.7777777777777778,1.0,0.0,0.8181818181818181,applicable
ilinet,LSTM,True,99,proxy_robust_z,4.5,1.0385044693998988,0.1896715611219406,0.1272288784384727,52,results/stage5_lstm/predictions/ilinet_lstm_seed_99_proxy_robust_z.csv,6,0,41,5,11,6,1.0,0.5454545454545454,0.7058823529411765,1.0,0.0,0.7727272727272727,applicable
ilinet,LSTM,True,99,proxy_robust_z,5.0,1.1328192369863386,0.1896715611219406,0.1272288784384727,52,results/stage5_lstm/predictions/ilinet_lstm_seed_99_proxy_robust_z.csv,6,0,41,5,11,6,1.0,0.5454545454545454,0.7058823529411765,1.0,0.0,0.7727272727272727,applicable
ilinet,NFGA-Core,True,110,injected_5pct,2.0,1.3614003883508752,0.4667924848147591,0.3017023821449198,52,results/stage6_nfga/predictions/ilinet_nfga-core_seed_110_injected_5pct.csv,3,4,45,0,3,7,0.42857142857142855,1.0,0.6,0.9183673469387755,0.08163265306122448,0.9591836734693877,applicable
ilinet,NFGA-Core,True,110,injected_5pct,2.5,1.5850523642349041,0.4667924848147591,0.3017023821449198,52,results/stage6_nfga/predictions/ilinet_nfga-core_seed_110_injected_5pct.csv,3,4,45,0,3,7,0.42857142857142855,1.0,0.6,0.9183673469387755,0.08163265306122448,0.9591836734693877,applicable
ilinet,NFGA-Core,True,110,injected_5pct,3.0,1.8087043401189333,0.4667924848147591,0.3017023821449198,52,results/stage6_nfga/predictions/ilinet_nfga-core_seed_110_injected_5pct.csv,3,3,46,0,3,6,0.5,1.0,0.6666666666666666,0.9387755102040817,0.061224489795918366,0.9693877551020409,applicable
ilinet,NFGA-Core,True,110,injected_5pct,3.5,2.0323563160029625,0.4667924848147591,0.3017023821449198,52,results/stage6_nfga/predictions/ilinet_nfga-core_seed_110_injected_5pct.csv,1,1,48,2,3,2,0.5,0.3333333333333333,0.4,0.9795918367346939,0.02040816326530612,0.6564625850340136,applicable
ilinet,NFGA-Core,True,110,injected_5pct,4.0,2.2560082918869915,0.4667924848147591,0.3017023821449198,52,results/stage6_nfga/predictions/ilinet_nfga-core_seed_110_injected_5pct.csv,0,1,48,3,3,1,0.0,0.0,0.0,0.9795918367346939,0.02040816326530612,0.4897959183673469,applicable
ilinet,NFGA-Core,True,110,injected_5pct,4.5,2.4796602677710204,0.4667924848147591,0.3017023821449198,52,results/stage6_nfga/predictions/ilinet_nfga-core_seed_110_injected_5pct.csv,0,1,48,3,3,1,0.0,0.0,0.0,0.9795918367346939,0.02040816326530612,0.4897959183673469,applicable
ilinet,NFGA-Core,True,110,injected_5pct,5.0,2.7033122436550494,0.4667924848147591,0.3017023821449198,52,results/stage6_nfga/predictions/ilinet_nfga-core_seed_110_injected_5pct.csv,0,1,48,3,3,1,0.0,0.0,0.0,0.9795918367346939,0.02040816326530612,0.4897959183673469,applicable
ilinet,NFGA-Core,True,11,injected_5pct,2.0,1.3614003883508752,0.4667924848147591,0.3017023821449198,52,results/stage6_nfga/predictions/ilinet_nfga-core_seed_11_injected_5pct.csv,3,6,43,0,3,9,0.3333333333333333,1.0,0.5,0.8775510204081632,0.12244897959183673,0.9387755102040816,applicable
ilinet,NFGA-Core,True,11,injected_5pct,2.5,1.5850523642349041,0.4667924848147591,0.3017023821449198,52,results/stage6_nfga/predictions/ilinet_nfga-core_seed_11_injected_5pct.csv,3,4,45,0,3,7,0.42857142857142855,1.0,0.6,0.9183673469387755,0.08163265306122448,0.9591836734693877,applicable
ilinet,NFGA-Core,True,11,injected_5pct,3.0,1.8087043401189333,0.4667924848147591,0.3017023821449198,52,results/stage6_nfga/predictions/ilinet_nfga-core_seed_11_injected_5pct.csv,3,3,46,0,3,6,0.5,1.0,0.6666666666666666,0.9387755102040817,0.061224489795918366,0.9693877551020409,applicable
ilinet,NFGA-Core,True,11,injected_5pct,3.5,2.0323563160029625,0.4667924848147591,0.3017023821449198,52,results/stage6_nfga/predictions/ilinet_nfga-core_seed_11_injected_5pct.csv,2,2,47,1,3,4,0.5,0.6666666666666666,0.5714285714285714,0.9591836734693877,0.04081632653061224,0.8129251700680271,applicable
ilinet,NFGA-Core,True,11,injected_5pct,4.0,2.2560082918869915,0.4667924848147591,0.3017023821449198,52,results/stage6_nfga/predictions/ilinet_nfga-core_seed_11_injected_5pct.csv,2,1,48,1,3,3,0.6666666666666666,0.6666666666666666,0.6666666666666666,0.9795918367346939,0.02040816326530612,0.8231292517006803,applicable
ilinet,NFGA-Core,True,11,injected_5pct,4.5,2.4796602677710204,0.4667924848147591,0.3017023821449198,52,results/stage6_nfga/predictions/ilinet_nfga-core_seed_11_injected_5pct.csv,2,0,49,1,3,2,1.0,0.6666666666666666,0.8,1.0,0.0,0.8333333333333333,applicable
ilinet,NFGA-Core,True,11,injected_5pct,5.0,2.7033122436550494,0.4667924848147591,0.3017023821449198,52,results/stage6_nfga/predictions/ilinet_nfga-core_seed_11_injected_5pct.csv,1,0,49,2,3,1,1.0,0.3333333333333333,0.5,1.0,0.0,0.6666666666666666,applicable
ilinet,NFGA-Core,True,22,injected_5pct,2.0,1.3614003883508752,0.4667924848147591,0.3017023821449198,52,results/stage6_nfga/predictions/ilinet_nfga-core_seed_22_injected_5pct.csv,3,6,43,0,3,9,0.3333333333333333,1.0,0.5,0.8775510204081632,0.12244897959183673,0.9387755102040816,applicable
ilinet,NFGA-Core,True,22,injected_5pct,2.5,1.5850523642349041,0.4667924848147591,0.3017023821449198,52,results/stage6_nfga/predictions/ilinet_nfga-core_seed_22_injected_5pct.csv,2,5,44,1,3,7,0.2857142857142857,0.6666666666666666,0.4,0.8979591836734694,0.10204081632653061,0.782312925170068,applicable
ilinet,NFGA-Core,True,22,injected_5pct,3.0,1.8087043401189333,0.4667924848147591,0.3017023821449198,52,results/stage6_nfga/predictions/ilinet_nfga-core_seed_22_injected_5pct.csv,2,3,46,1,3,5,0.4,0.6666666666666666,0.5,0.9387755102040817,0.061224489795918366,0.8027210884353742,applicable
ilinet,NFGA-Core,True,22,injected_5pct,3.5,2.0323563160029625,0.4667924848147591,0.3017023821449198,52,results/stage6_nfga/predictions/ilinet_nfga-core_seed_22_injected_5pct.csv,1,3,46,2,3,4,0.25,0.3333333333333333,0.2857142857142857,0.9387755102040817,0.061224489795918366,0.6360544217687075,applicable
ilinet,NFGA-Core,True,22,injected_5pct,4.0,2.2560082918869915,0.4667924848147591,0.3017023821449198,52,results/stage6_nfga/predictions/ilinet_nfga-core_seed_22_injected_5pct.csv,0,1,48,3,3,1,0.0,0.0,0.0,0.9795918367346939,0.02040816326530612,0.4897959183673469,applicable
ilinet,NFGA-Core,True,22,injected_5pct,4.5,2.4796602677710204,0.4667924848147591,0.3017023821449198,52,results/stage6_nfga/predictions/ilinet_nfga-core_seed_22_injected_5pct.csv,0,1,48,3,3,1,0.0,0.0,0.0,0.9795918367346939,0.02040816326530612,0.4897959183673469,applicable
ilinet,NFGA-Core,True,22,injected_5pct,5.0,2.7033122436550494,0.4667924848147591,0.3017023821449198,52,results/stage6_nfga/predictions/ilinet_nfga-core_seed_22_injected_5pct.csv,0,1,48,3,3,1,0.0,0.0,0.0,0.9795918367346939,0.02040816326530612,0.4897959183673469,applicable
ilinet,NFGA-Core,True,33,injected_5pct,2.0,1.3614003883508752,0.4667924848147591,0.3017023821449198,52,results/stage6_nfga/predictions/ilinet_nfga-core_seed_33_injected_5pct.csv,3,5,44,0,3,8,0.375,1.0,0.5454545454545454,0.8979591836734694,0.10204081632653061,0.9489795918367347,applicable
ilinet,NFGA-Core,True,33,injected_5pct,2.5,1.5850523642349041,0.4667924848147591,0.3017023821449198,52,results/stage6_nfga/predictions/ilinet_nfga-core_seed_33_injected_5pct.csv,2,4,45,1,3,6,0.3333333333333333,0.6666666666666666,0.4444444444444444,0.9183673469387755,0.08163265306122448,0.7925170068027211,applicable
ilinet,NFGA-Core,True,33,injected_5pct,3.0,1.8087043401189333,0.4667924848147591,0.3017023821449198,52,results/stage6_nfga/predictions/ilinet_nfga-core_seed_33_injected_5pct.csv,2,3,46,1,3,5,0.4,0.6666666666666666,0.5,0.9387755102040817,0.061224489795918366,0.8027210884353742,applicable
ilinet,NFGA-Core,True,33,injected_5pct,3.5,2.0323563160029625,0.4667924848147591,0.3017023821449198,52,results/stage6_nfga/predictions/ilinet_nfga-core_seed_33_injected_5pct.csv,1,3,46,2,3,4,0.25,0.3333333333333333,0.2857142857142857,0.9387755102040817,0.061224489795918366,0.6360544217687075,applicable
ilinet,NFGA-Core,True,33,injected_5pct,4.0,2.2560082918869915,0.4667924848147591,0.3017023821449198,52,results/stage6_nfga/predictions/ilinet_nfga-core_seed_33_injected_5pct.csv,0,2,47,3,3,2,0.0,0.0,0.0,0.9591836734693877,0.04081632653061224,0.47959183673469385,applicable
ilinet,NFGA-Core,True,33,injected_5pct,4.5,2.4796602677710204,0.4667924848147591,0.3017023821449198,52,results/stage6_nfga/predictions/ilinet_nfga-core_seed_33_injected_5pct.csv,0,0,49,3,3,0,0.0,0.0,0.0,1.0,0.0,0.5,applicable
ilinet,NFGA-Core,True,33,injected_5pct,5.0,2.7033122436550494,0.4667924848147591,0.3017023821449198,52,results/stage6_nfga/predictions/ilinet_nfga-core_seed_33_injected_5pct.csv,0,0,49,3,3,0,0.0,0.0,0.0,1.0,0.0,0.5,applicable
ilinet,NFGA-Core,True,44,injected_5pct,2.0,1.3614003883508752,0.4667924848147591,0.3017023821449198,52,results/stage6_nfga/predictions/ilinet_nfga-core_seed_44_injected_5pct.csv,3,5,44,0,3,8,0.375,1.0,0.5454545454545454,0.8979591836734694,0.10204081632653061,0.9489795918367347,applicable
ilinet,NFGA-Core,True,44,injected_5pct,2.5,1.5850523642349041,0.4667924848147591,0.3017023821449198,52,results/stage6_nfga/predictions/ilinet_nfga-core_seed_44_injected_5pct.csv,3,5,44,0,3,8,0.375,1.0,0.5454545454545454,0.8979591836734694,0.10204081632653061,0.9489795918367347,applicable
ilinet,NFGA-Core,True,44,injected_5pct,3.0,1.8087043401189333,0.4667924848147591,0.3017023821449198,52,results/stage6_nfga/predictions/ilinet_nfga-core_seed_44_injected_5pct.csv,2,4,45,1,3,6,0.3333333333333333,0.6666666666666666,0.4444444444444444,0.9183673469387755,0.08163265306122448,0.7925170068027211,applicable
ilinet,NFGA-Core,True,44,injected_5pct,3.5,2.0323563160029625,0.4667924848147591,0.3017023821449198,52,results/stage6_nfga/predictions/ilinet_nfga-core_seed_44_injected_5pct.csv,2,3,46,1,3,5,0.4,0.6666666666666666,0.5,0.9387755102040817,0.061224489795918366,0.8027210884353742,applicable
ilinet,NFGA-Core,True,44,injected_5pct,4.0,2.2560082918869915,0.4667924848147591,0.3017023821449198,52,results/stage6_nfga/predictions/ilinet_nfga-core_seed_44_injected_5pct.csv,1,3,46,2,3,4,0.25,0.3333333333333333,0.2857142857142857,0.9387755102040817,0.061224489795918366,0.6360544217687075,applicable
ilinet,NFGA-Core,True,44,injected_5pct,4.5,2.4796602677710204,0.4667924848147591,0.3017023821449198,52,results/stage6_nfga/predictions/ilinet_nfga-core_seed_44_injected_5pct.csv,1,2,47,2,3,3,0.3333333333333333,0.3333333333333333,0.3333333333333333,0.9591836734693877,0.04081632653061224,0.6462585034013605,applicable
ilinet,NFGA-Core,True,44,injected_5pct,5.0,2.7033122436550494,0.4667924848147591,0.3017023821449198,52,results/stage6_nfga/predictions/ilinet_nfga-core_seed_44_injected_5pct.csv,1,0,49,2,3,1,1.0,0.3333333333333333,0.5,1.0,0.0,0.6666666666666666,applicable
ilinet,NFGA-Core,True,55,injected_5pct,2.0,1.3614003883508752,0.4667924848147591,0.3017023821449198,52,results/stage6_nfga/predictions/ilinet_nfga-core_seed_55_injected_5pct.csv,3,4,45,0,3,7,0.42857142857142855,1.0,0.6,0.9183673469387755,0.08163265306122448,0.9591836734693877,applicable
ilinet,NFGA-Core,True,55,injected_5pct,2.5,1.5850523642349041,0.4667924848147591,0.3017023821449198,52,results/stage6_nfga/predictions/ilinet_nfga-core_seed_55_injected_5pct.csv,3,4,45,0,3,7,0.42857142857142855,1.0,0.6,0.9183673469387755,0.08163265306122448,0.9591836734693877,applicable
ilinet,NFGA-Core,True,55,injected_5pct,3.0,1.8087043401189333,0.4667924848147591,0.3017023821449198,52,results/stage6_nfga/predictions/ilinet_nfga-core_seed_55_injected_5pct.csv,3,3,46,0,3,6,0.5,1.0,0.6666666666666666,0.9387755102040817,0.061224489795918366,0.9693877551020409,applicable
ilinet,NFGA-Core,True,55,injected_5pct,3.5,2.0323563160029625,0.4667924848147591,0.3017023821449198,52,results/stage6_nfga/predictions/ilinet_nfga-core_seed_55_injected_5pct.csv,2,3,46,1,3,5,0.4,0.6666666666666666,0.5,0.9387755102040817,0.061224489795918366,0.8027210884353742,applicable
ilinet,NFGA-Core,True,55,injected_5pct,4.0,2.2560082918869915,0.4667924848147591,0.3017023821449198,52,results/stage6_nfga/predictions/ilinet_nfga-core_seed_55_injected_5pct.csv,1,1,48,2,3,2,0.5,0.3333333333333333,0.4,0.9795918367346939,0.02040816326530612,0.6564625850340136,applicable
ilinet,NFGA-Core,True,55,injected_5pct,4.5,2.4796602677710204,0.4667924848147591,0.3017023821449198,52,results/stage6_nfga/predictions/ilinet_nfga-core_seed_55_injected_5pct.csv,1,0,49,2,3,1,1.0,0.3333333333333333,0.5,1.0,0.0,0.6666666666666666,applicable
ilinet,NFGA-Core,True,55,injected_5pct,5.0,2.7033122436550494,0.4667924848147591,0.3017023821449198,52,results/stage6_nfga/predictions/ilinet_nfga-core_seed_55_injected_5pct.csv,0,0,49,3,3,0,0.0,0.0,0.0,1.0,0.0,0.5,applicable
ilinet,NFGA-Core,True,66,injected_5pct,2.0,1.3614003883508752,0.4667924848147591,0.3017023821449198,52,results/stage6_nfga/predictions/ilinet_nfga-core_seed_66_injected_5pct.csv,3,5,44,0,3,8,0.375,1.0,0.5454545454545454,0.8979591836734694,0.10204081632653061,0.9489795918367347,applicable
ilinet,NFGA-Core,True,66,injected_5pct,2.5,1.5850523642349041,0.4667924848147591,0.3017023821449198,52,results/stage6_nfga/predictions/ilinet_nfga-core_seed_66_injected_5pct.csv,3,5,44,0,3,8,0.375,1.0,0.5454545454545454,0.8979591836734694,0.10204081632653061,0.9489795918367347,applicable
ilinet,NFGA-Core,True,66,injected_5pct,3.0,1.8087043401189333,0.4667924848147591,0.3017023821449198,52,results/stage6_nfga/predictions/ilinet_nfga-core_seed_66_injected_5pct.csv,2,4,45,1,3,6,0.3333333333333333,0.6666666666666666,0.4444444444444444,0.9183673469387755,0.08163265306122448,0.7925170068027211,applicable
ilinet,NFGA-Core,True,66,injected_5pct,3.5,2.0323563160029625,0.4667924848147591,0.3017023821449198,52,results/stage6_nfga/predictions/ilinet_nfga-core_seed_66_injected_5pct.csv,1,3,46,2,3,4,0.25,0.3333333333333333,0.2857142857142857,0.9387755102040817,0.061224489795918366,0.6360544217687075,applicable
ilinet,NFGA-Core,True,66,injected_5pct,4.0,2.2560082918869915,0.4667924848147591,0.3017023821449198,52,results/stage6_nfga/predictions/ilinet_nfga-core_seed_66_injected_5pct.csv,0,3,46,3,3,3,0.0,0.0,0.0,0.9387755102040817,0.061224489795918366,0.46938775510204084,applicable
ilinet,NFGA-Core,True,66,injected_5pct,4.5,2.4796602677710204,0.4667924848147591,0.3017023821449198,52,results/stage6_nfga/predictions/ilinet_nfga-core_seed_66_injected_5pct.csv,0,2,47,3,3,2,0.0,0.0,0.0,0.9591836734693877,0.04081632653061224,0.47959183673469385,applicable
ilinet,NFGA-Core,True,66,injected_5pct,5.0,2.7033122436550494,0.4667924848147591,0.3017023821449198,52,results/stage6_nfga/predictions/ilinet_nfga-core_seed_66_injected_5pct.csv,0,0,49,3,3,0,0.0,0.0,0.0,1.0,0.0,0.5,applicable
ilinet,NFGA-Core,True,77,injected_5pct,2.0,1.3614003883508752,0.4667924848147591,0.3017023821449198,52,results/stage6_nfga/predictions/ilinet_nfga-core_seed_77_injected_5pct.csv,3,6,43,0,3,9,0.3333333333333333,1.0,0.5,0.8775510204081632,0.12244897959183673,0.9387755102040816,applicable
ilinet,NFGA-Core,True,77,injected_5pct,2.5,1.5850523642349041,0.4667924848147591,0.3017023821449198,52,results/stage6_nfga/predictions/ilinet_nfga-core_seed_77_injected_5pct.csv,3,4,45,0,3,7,0.42857142857142855,1.0,0.6,0.9183673469387755,0.08163265306122448,0.9591836734693877,applicable
ilinet,NFGA-Core,True,77,injected_5pct,3.0,1.8087043401189333,0.4667924848147591,0.3017023821449198,52,results/stage6_nfga/predictions/ilinet_nfga-core_seed_77_injected_5pct.csv,3,3,46,0,3,6,0.5,1.0,0.6666666666666666,0.9387755102040817,0.061224489795918366,0.9693877551020409,applicable
ilinet,NFGA-Core,True,77,injected_5pct,3.5,2.0323563160029625,0.4667924848147591,0.3017023821449198,52,results/stage6_nfga/predictions/ilinet_nfga-core_seed_77_injected_5pct.csv,2,2,47,1,3,4,0.5,0.6666666666666666,0.5714285714285714,0.9591836734693877,0.04081632653061224,0.8129251700680271,applicable
ilinet,NFGA-Core,True,77,injected_5pct,4.0,2.2560082918869915,0.4667924848147591,0.3017023821449198,52,results/stage6_nfga/predictions/ilinet_nfga-core_seed_77_injected_5pct.csv,2,2,47,1,3,4,0.5,0.6666666666666666,0.5714285714285714,0.9591836734693877,0.04081632653061224,0.8129251700680271,applicable
ilinet,NFGA-Core,True,77,injected_5pct,4.5,2.4796602677710204,0.4667924848147591,0.3017023821449198,52,results/stage6_nfga/predictions/ilinet_nfga-core_seed_77_injected_5pct.csv,2,1,48,1,3,3,0.6666666666666666,0.6666666666666666,0.6666666666666666,0.9795918367346939,0.02040816326530612,0.8231292517006803,applicable
ilinet,NFGA-Core,True,77,injected_5pct,5.0,2.7033122436550494,0.4667924848147591,0.3017023821449198,52,results/stage6_nfga/predictions/ilinet_nfga-core_seed_77_injected_5pct.csv,0,0,49,3,3,0,0.0,0.0,0.0,1.0,0.0,0.5,applicable
ilinet,NFGA-Core,True,88,injected_5pct,2.0,1.3614003883508752,0.4667924848147591,0.3017023821449198,52,results/stage6_nfga/predictions/ilinet_nfga-core_seed_88_injected_5pct.csv,3,6,43,0,3,9,0.3333333333333333,1.0,0.5,0.8775510204081632,0.12244897959183673,0.9387755102040816,applicable
ilinet,NFGA-Core,True,88,injected_5pct,2.5,1.5850523642349041,0.4667924848147591,0.3017023821449198,52,results/stage6_nfga/predictions/ilinet_nfga-core_seed_88_injected_5pct.csv,3,4,45,0,3,7,0.42857142857142855,1.0,0.6,0.9183673469387755,0.08163265306122448,0.9591836734693877,applicable
ilinet,NFGA-Core,True,88,injected_5pct,3.0,1.8087043401189333,0.4667924848147591,0.3017023821449198,52,results/stage6_nfga/predictions/ilinet_nfga-core_seed_88_injected_5pct.csv,3,3,46,0,3,6,0.5,1.0,0.6666666666666666,0.9387755102040817,0.061224489795918366,0.9693877551020409,applicable
ilinet,NFGA-Core,True,88,injected_5pct,3.5,2.0323563160029625,0.4667924848147591,0.3017023821449198,52,results/stage6_nfga/predictions/ilinet_nfga-core_seed_88_injected_5pct.csv,2,3,46,1,3,5,0.4,0.6666666666666666,0.5,0.9387755102040817,0.061224489795918366,0.8027210884353742,applicable
ilinet,NFGA-Core,True,88,injected_5pct,4.0,2.2560082918869915,0.4667924848147591,0.3017023821449198,52,results/stage6_nfga/predictions/ilinet_nfga-core_seed_88_injected_5pct.csv,1,1,48,2,3,2,0.5,0.3333333333333333,0.4,0.9795918367346939,0.02040816326530612,0.6564625850340136,applicable
ilinet,NFGA-Core,True,88,injected_5pct,4.5,2.4796602677710204,0.4667924848147591,0.3017023821449198,52,results/stage6_nfga/predictions/ilinet_nfga-core_seed_88_injected_5pct.csv,1,1,48,2,3,2,0.5,0.3333333333333333,0.4,0.9795918367346939,0.02040816326530612,0.6564625850340136,applicable
ilinet,NFGA-Core,True,88,injected_5pct,5.0,2.7033122436550494,0.4667924848147591,0.3017023821449198,52,results/stage6_nfga/predictions/ilinet_nfga-core_seed_88_injected_5pct.csv,0,1,48,3,3,1,0.0,0.0,0.0,0.9795918367346939,0.02040816326530612,0.4897959183673469,applicable
ilinet,NFGA-Core,True,99,injected_5pct,2.0,1.3614003883508752,0.4667924848147591,0.3017023821449198,52,results/stage6_nfga/predictions/ilinet_nfga-core_seed_99_injected_5pct.csv,3,5,44,0,3,8,0.375,1.0,0.5454545454545454,0.8979591836734694,0.10204081632653061,0.9489795918367347,applicable
ilinet,NFGA-Core,True,99,injected_5pct,2.5,1.5850523642349041,0.4667924848147591,0.3017023821449198,52,results/stage6_nfga/predictions/ilinet_nfga-core_seed_99_injected_5pct.csv,3,3,46,0,3,6,0.5,1.0,0.6666666666666666,0.9387755102040817,0.061224489795918366,0.9693877551020409,applicable
ilinet,NFGA-Core,True,99,injected_5pct,3.0,1.8087043401189333,0.4667924848147591,0.3017023821449198,52,results/stage6_nfga/predictions/ilinet_nfga-core_seed_99_injected_5pct.csv,2,3,46,1,3,5,0.4,0.6666666666666666,0.5,0.9387755102040817,0.061224489795918366,0.8027210884353742,applicable
ilinet,NFGA-Core,True,99,injected_5pct,3.5,2.0323563160029625,0.4667924848147591,0.3017023821449198,52,results/stage6_nfga/predictions/ilinet_nfga-core_seed_99_injected_5pct.csv,1,2,47,2,3,3,0.3333333333333333,0.3333333333333333,0.3333333333333333,0.9591836734693877,0.04081632653061224,0.6462585034013605,applicable
ilinet,NFGA-Core,True,99,injected_5pct,4.0,2.2560082918869915,0.4667924848147591,0.3017023821449198,52,results/stage6_nfga/predictions/ilinet_nfga-core_seed_99_injected_5pct.csv,1,1,48,2,3,2,0.5,0.3333333333333333,0.4,0.9795918367346939,0.02040816326530612,0.6564625850340136,applicable
ilinet,NFGA-Core,True,99,injected_5pct,4.5,2.4796602677710204,0.4667924848147591,0.3017023821449198,52,results/stage6_nfga/predictions/ilinet_nfga-core_seed_99_injected_5pct.csv,1,1,48,2,3,2,0.5,0.3333333333333333,0.4,0.9795918367346939,0.02040816326530612,0.6564625850340136,applicable
ilinet,NFGA-Core,True,99,injected_5pct,5.0,2.7033122436550494,0.4667924848147591,0.3017023821449198,52,results/stage6_nfga/predictions/ilinet_nfga-core_seed_99_injected_5pct.csv,0,0,49,3,3,0,0.0,0.0,0.0,1.0,0.0,0.5,applicable
ilinet,NFGA-Core,True,110,injected_10pct,2.0,1.3614003883508752,0.4667924848147591,0.3017023821449198,52,results/stage6_nfga/predictions/ilinet_nfga-core_seed_110_injected_10pct.csv,3,5,42,2,5,8,0.375,0.6,0.46153846153846156,0.8936170212765957,0.10638297872340426,0.7468085106382978,applicable
ilinet,NFGA-Core,True,110,injected_10pct,2.5,1.5850523642349041,0.4667924848147591,0.3017023821449198,52,results/stage6_nfga/predictions/ilinet_nfga-core_seed_110_injected_10pct.csv,3,4,43,2,5,7,0.42857142857142855,0.6,0.5,0.9148936170212766,0.0851063829787234,0.7574468085106383,applicable
ilinet,NFGA-Core,True,110,injected_10pct,3.0,1.8087043401189333,0.4667924848147591,0.3017023821449198,52,results/stage6_nfga/predictions/ilinet_nfga-core_seed_110_injected_10pct.csv,1,4,43,4,5,5,0.2,0.2,0.2,0.9148936170212766,0.0851063829787234,0.5574468085106383,applicable
ilinet,NFGA-Core,True,110,injected_10pct,3.5,2.0323563160029625,0.4667924848147591,0.3017023821449198,52,results/stage6_nfga/predictions/ilinet_nfga-core_seed_110_injected_10pct.csv,0,3,44,5,5,3,0.0,0.0,0.0,0.9361702127659575,0.06382978723404255,0.46808510638297873,applicable
ilinet,NFGA-Core,True,110,injected_10pct,4.0,2.2560082918869915,0.4667924848147591,0.3017023821449198,52,results/stage6_nfga/predictions/ilinet_nfga-core_seed_110_injected_10pct.csv,0,2,45,5,5,2,0.0,0.0,0.0,0.9574468085106383,0.0425531914893617,0.4787234042553192,applicable
ilinet,NFGA-Core,True,110,injected_10pct,4.5,2.4796602677710204,0.4667924848147591,0.3017023821449198,52,results/stage6_nfga/predictions/ilinet_nfga-core_seed_110_injected_10pct.csv,0,1,46,5,5,1,0.0,0.0,0.0,0.9787234042553191,0.02127659574468085,0.48936170212765956,applicable
ilinet,NFGA-Core,True,110,injected_10pct,5.0,2.7033122436550494,0.4667924848147591,0.3017023821449198,52,results/stage6_nfga/predictions/ilinet_nfga-core_seed_110_injected_10pct.csv,0,0,47,5,5,0,0.0,0.0,0.0,1.0,0.0,0.5,applicable
ilinet,NFGA-Core,True,11,injected_10pct,2.0,1.3614003883508752,0.4667924848147591,0.3017023821449198,52,results/stage6_nfga/predictions/ilinet_nfga-core_seed_11_injected_10pct.csv,4,5,42,1,5,9,0.4444444444444444,0.8,0.5714285714285714,0.8936170212765957,0.10638297872340426,0.8468085106382979,applicable
ilinet,NFGA-Core,True,11,injected_10pct,2.5,1.5850523642349041,0.4667924848147591,0.3017023821449198,52,results/stage6_nfga/predictions/ilinet_nfga-core_seed_11_injected_10pct.csv,3,5,42,2,5,8,0.375,0.6,0.46153846153846156,0.8936170212765957,0.10638297872340426,0.7468085106382978,applicable
ilinet,NFGA-Core,True,11,injected_10pct,3.0,1.8087043401189333,0.4667924848147591,0.3017023821449198,52,results/stage6_nfga/predictions/ilinet_nfga-core_seed_11_injected_10pct.csv,2,4,43,3,5,6,0.3333333333333333,0.4,0.36363636363636365,0.9148936170212766,0.0851063829787234,0.6574468085106383,applicable
ilinet,NFGA-Core,True,11,injected_10pct,3.5,2.0323563160029625,0.4667924848147591,0.3017023821449198,52,results/stage6_nfga/predictions/ilinet_nfga-core_seed_11_injected_10pct.csv,2,4,43,3,5,6,0.3333333333333333,0.4,0.36363636363636365,0.9148936170212766,0.0851063829787234,0.6574468085106383,applicable
ilinet,NFGA-Core,True,11,injected_10pct,4.0,2.2560082918869915,0.4667924848147591,0.3017023821449198,52,results/stage6_nfga/predictions/ilinet_nfga-core_seed_11_injected_10pct.csv,2,2,45,3,5,4,0.5,0.4,0.4444444444444444,0.9574468085106383,0.0425531914893617,0.6787234042553192,applicable
ilinet,NFGA-Core,True,11,injected_10pct,4.5,2.4796602677710204,0.4667924848147591,0.3017023821449198,52,results/stage6_nfga/predictions/ilinet_nfga-core_seed_11_injected_10pct.csv,0,2,45,5,5,2,0.0,0.0,0.0,0.9574468085106383,0.0425531914893617,0.4787234042553192,applicable
ilinet,NFGA-Core,True,11,injected_10pct,5.0,2.7033122436550494,0.4667924848147591,0.3017023821449198,52,results/stage6_nfga/predictions/ilinet_nfga-core_seed_11_injected_10pct.csv,0,1,46,5,5,1,0.0,0.0,0.0,0.9787234042553191,0.02127659574468085,0.48936170212765956,applicable
ilinet,NFGA-Core,True,22,injected_10pct,2.0,1.3614003883508752,0.4667924848147591,0.3017023821449198,52,results/stage6_nfga/predictions/ilinet_nfga-core_seed_22_injected_10pct.csv,3,6,41,2,5,9,0.3333333333333333,0.6,0.42857142857142855,0.8723404255319149,0.1276595744680851,0.7361702127659575,applicable
ilinet,NFGA-Core,True,22,injected_10pct,2.5,1.5850523642349041,0.4667924848147591,0.3017023821449198,52,results/stage6_nfga/predictions/ilinet_nfga-core_seed_22_injected_10pct.csv,2,4,43,3,5,6,0.3333333333333333,0.4,0.36363636363636365,0.9148936170212766,0.0851063829787234,0.6574468085106383,applicable
ilinet,NFGA-Core,True,22,injected_10pct,3.0,1.8087043401189333,0.4667924848147591,0.3017023821449198,52,results/stage6_nfga/predictions/ilinet_nfga-core_seed_22_injected_10pct.csv,0,4,43,5,5,4,0.0,0.0,0.0,0.9148936170212766,0.0851063829787234,0.4574468085106383,applicable
ilinet,NFGA-Core,True,22,injected_10pct,3.5,2.0323563160029625,0.4667924848147591,0.3017023821449198,52,results/stage6_nfga/predictions/ilinet_nfga-core_seed_22_injected_10pct.csv,0,4,43,5,5,4,0.0,0.0,0.0,0.9148936170212766,0.0851063829787234,0.4574468085106383,applicable
ilinet,NFGA-Core,True,22,injected_10pct,4.0,2.2560082918869915,0.4667924848147591,0.3017023821449198,52,results/stage6_nfga/predictions/ilinet_nfga-core_seed_22_injected_10pct.csv,0,3,44,5,5,3,0.0,0.0,0.0,0.9361702127659575,0.06382978723404255,0.46808510638297873,applicable
ilinet,NFGA-Core,True,22,injected_10pct,4.5,2.4796602677710204,0.4667924848147591,0.3017023821449198,52,results/stage6_nfga/predictions/ilinet_nfga-core_seed_22_injected_10pct.csv,0,3,44,5,5,3,0.0,0.0,0.0,0.9361702127659575,0.06382978723404255,0.46808510638297873,applicable
ilinet,NFGA-Core,True,22,injected_10pct,5.0,2.7033122436550494,0.4667924848147591,0.3017023821449198,52,results/stage6_nfga/predictions/ilinet_nfga-core_seed_22_injected_10pct.csv,0,2,45,5,5,2,0.0,0.0,0.0,0.9574468085106383,0.0425531914893617,0.4787234042553192,applicable
ilinet,NFGA-Core,True,33,injected_10pct,2.0,1.3614003883508752,0.4667924848147591,0.3017023821449198,52,results/stage6_nfga/predictions/ilinet_nfga-core_seed_33_injected_10pct.csv,3,4,43,2,5,7,0.42857142857142855,0.6,0.5,0.9148936170212766,0.0851063829787234,0.7574468085106383,applicable
ilinet,NFGA-Core,True,33,injected_10pct,2.5,1.5850523642349041,0.4667924848147591,0.3017023821449198,52,results/stage6_nfga/predictions/ilinet_nfga-core_seed_33_injected_10pct.csv,3,4,43,2,5,7,0.42857142857142855,0.6,0.5,0.9148936170212766,0.0851063829787234,0.7574468085106383,applicable
ilinet,NFGA-Core,True,33,injected_10pct,3.0,1.8087043401189333,0.4667924848147591,0.3017023821449198,52,results/stage6_nfga/predictions/ilinet_nfga-core_seed_33_injected_10pct.csv,2,4,43,3,5,6,0.3333333333333333,0.4,0.36363636363636365,0.9148936170212766,0.0851063829787234,0.6574468085106383,applicable
ilinet,NFGA-Core,True,33,injected_10pct,3.5,2.0323563160029625,0.4667924848147591,0.3017023821449198,52,results/stage6_nfga/predictions/ilinet_nfga-core_seed_33_injected_10pct.csv,0,4,43,5,5,4,0.0,0.0,0.0,0.9148936170212766,0.0851063829787234,0.4574468085106383,applicable
ilinet,NFGA-Core,True,33,injected_10pct,4.0,2.2560082918869915,0.4667924848147591,0.3017023821449198,52,results/stage6_nfga/predictions/ilinet_nfga-core_seed_33_injected_10pct.csv,0,3,44,5,5,3,0.0,0.0,0.0,0.9361702127659575,0.06382978723404255,0.46808510638297873,applicable
ilinet,NFGA-Core,True,33,injected_10pct,4.5,2.4796602677710204,0.4667924848147591,0.3017023821449198,52,results/stage6_nfga/predictions/ilinet_nfga-core_seed_33_injected_10pct.csv,0,1,46,5,5,1,0.0,0.0,0.0,0.9787234042553191,0.02127659574468085,0.48936170212765956,applicable
ilinet,NFGA-Core,True,33,injected_10pct,5.0,2.7033122436550494,0.4667924848147591,0.3017023821449198,52,results/stage6_nfga/predictions/ilinet_nfga-core_seed_33_injected_10pct.csv,0,1,46,5,5,1,0.0,0.0,0.0,0.9787234042553191,0.02127659574468085,0.48936170212765956,applicable
ilinet,NFGA-Core,True,44,injected_10pct,2.0,1.3614003883508752,0.4667924848147591,0.3017023821449198,52,results/stage6_nfga/predictions/ilinet_nfga-core_seed_44_injected_10pct.csv,3,5,42,2,5,8,0.375,0.6,0.46153846153846156,0.8936170212765957,0.10638297872340426,0.7468085106382978,applicable
ilinet,NFGA-Core,True,44,injected_10pct,2.5,1.5850523642349041,0.4667924848147591,0.3017023821449198,52,results/stage6_nfga/predictions/ilinet_nfga-core_seed_44_injected_10pct.csv,2,5,42,3,5,7,0.2857142857142857,0.4,0.3333333333333333,0.8936170212765957,0.10638297872340426,0.6468085106382979,applicable
ilinet,NFGA-Core,True,44,injected_10pct,3.0,1.8087043401189333,0.4667924848147591,0.3017023821449198,52,results/stage6_nfga/predictions/ilinet_nfga-core_seed_44_injected_10pct.csv,1,4,43,4,5,5,0.2,0.2,0.2,0.9148936170212766,0.0851063829787234,0.5574468085106383,applicable
ilinet,NFGA-Core,True,44,injected_10pct,3.5,2.0323563160029625,0.4667924848147591,0.3017023821449198,52,results/stage6_nfga/predictions/ilinet_nfga-core_seed_44_injected_10pct.csv,1,4,43,4,5,5,0.2,0.2,0.2,0.9148936170212766,0.0851063829787234,0.5574468085106383,applicable
ilinet,NFGA-Core,True,44,injected_10pct,4.0,2.2560082918869915,0.4667924848147591,0.3017023821449198,52,results/stage6_nfga/predictions/ilinet_nfga-core_seed_44_injected_10pct.csv,1,3,44,4,5,4,0.25,0.2,0.2222222222222222,0.9361702127659575,0.06382978723404255,0.5680851063829787,applicable
ilinet,NFGA-Core,True,44,injected_10pct,4.5,2.4796602677710204,0.4667924848147591,0.3017023821449198,52,results/stage6_nfga/predictions/ilinet_nfga-core_seed_44_injected_10pct.csv,1,3,44,4,5,4,0.25,0.2,0.2222222222222222,0.9361702127659575,0.06382978723404255,0.5680851063829787,applicable
ilinet,NFGA-Core,True,44,injected_10pct,5.0,2.7033122436550494,0.4667924848147591,0.3017023821449198,52,results/stage6_nfga/predictions/ilinet_nfga-core_seed_44_injected_10pct.csv,0,1,46,5,5,1,0.0,0.0,0.0,0.9787234042553191,0.02127659574468085,0.48936170212765956,applicable
ilinet,NFGA-Core,True,55,injected_10pct,2.0,1.3614003883508752,0.4667924848147591,0.3017023821449198,52,results/stage6_nfga/predictions/ilinet_nfga-core_seed_55_injected_10pct.csv,4,5,42,1,5,9,0.4444444444444444,0.8,0.5714285714285714,0.8936170212765957,0.10638297872340426,0.8468085106382979,applicable
ilinet,NFGA-Core,True,55,injected_10pct,2.5,1.5850523642349041,0.4667924848147591,0.3017023821449198,52,results/stage6_nfga/predictions/ilinet_nfga-core_seed_55_injected_10pct.csv,3,5,42,2,5,8,0.375,0.6,0.46153846153846156,0.8936170212765957,0.10638297872340426,0.7468085106382978,applicable
ilinet,NFGA-Core,True,55,injected_10pct,3.0,1.8087043401189333,0.4667924848147591,0.3017023821449198,52,results/stage6_nfga/predictions/ilinet_nfga-core_seed_55_injected_10pct.csv,2,4,43,3,5,6,0.3333333333333333,0.4,0.36363636363636365,0.9148936170212766,0.0851063829787234,0.6574468085106383,applicable
ilinet,NFGA-Core,True,55,injected_10pct,3.5,2.0323563160029625,0.4667924848147591,0.3017023821449198,52,results/stage6_nfga/predictions/ilinet_nfga-core_seed_55_injected_10pct.csv,1,2,45,4,5,3,0.3333333333333333,0.2,0.25,0.9574468085106383,0.0425531914893617,0.5787234042553192,applicable
ilinet,NFGA-Core,True,55,injected_10pct,4.0,2.2560082918869915,0.4667924848147591,0.3017023821449198,52,results/stage6_nfga/predictions/ilinet_nfga-core_seed_55_injected_10pct.csv,1,2,45,4,5,3,0.3333333333333333,0.2,0.25,0.9574468085106383,0.0425531914893617,0.5787234042553192,applicable
ilinet,NFGA-Core,True,55,injected_10pct,4.5,2.4796602677710204,0.4667924848147591,0.3017023821449198,52,results/stage6_nfga/predictions/ilinet_nfga-core_seed_55_injected_10pct.csv,0,2,45,5,5,2,0.0,0.0,0.0,0.9574468085106383,0.0425531914893617,0.4787234042553192,applicable
ilinet,NFGA-Core,True,55,injected_10pct,5.0,2.7033122436550494,0.4667924848147591,0.3017023821449198,52,results/stage6_nfga/predictions/ilinet_nfga-core_seed_55_injected_10pct.csv,0,0,47,5,5,0,0.0,0.0,0.0,1.0,0.0,0.5,applicable
ilinet,NFGA-Core,True,66,injected_10pct,2.0,1.3614003883508752,0.4667924848147591,0.3017023821449198,52,results/stage6_nfga/predictions/ilinet_nfga-core_seed_66_injected_10pct.csv,3,5,42,2,5,8,0.375,0.6,0.46153846153846156,0.8936170212765957,0.10638297872340426,0.7468085106382978,applicable
ilinet,NFGA-Core,True,66,injected_10pct,2.5,1.5850523642349041,0.4667924848147591,0.3017023821449198,52,results/stage6_nfga/predictions/ilinet_nfga-core_seed_66_injected_10pct.csv,2,5,42,3,5,7,0.2857142857142857,0.4,0.3333333333333333,0.8936170212765957,0.10638297872340426,0.6468085106382979,applicable
ilinet,NFGA-Core,True,66,injected_10pct,3.0,1.8087043401189333,0.4667924848147591,0.3017023821449198,52,results/stage6_nfga/predictions/ilinet_nfga-core_seed_66_injected_10pct.csv,0,5,42,5,5,5,0.0,0.0,0.0,0.8936170212765957,0.10638297872340426,0.44680851063829785,applicable
ilinet,NFGA-Core,True,66,injected_10pct,3.5,2.0323563160029625,0.4667924848147591,0.3017023821449198,52,results/stage6_nfga/predictions/ilinet_nfga-core_seed_66_injected_10pct.csv,0,2,45,5,5,2,0.0,0.0,0.0,0.9574468085106383,0.0425531914893617,0.4787234042553192,applicable
ilinet,NFGA-Core,True,66,injected_10pct,4.0,2.2560082918869915,0.4667924848147591,0.3017023821449198,52,results/stage6_nfga/predictions/ilinet_nfga-core_seed_66_injected_10pct.csv,0,2,45,5,5,2,0.0,0.0,0.0,0.9574468085106383,0.0425531914893617,0.4787234042553192,applicable
ilinet,NFGA-Core,True,66,injected_10pct,4.5,2.4796602677710204,0.4667924848147591,0.3017023821449198,52,results/stage6_nfga/predictions/ilinet_nfga-core_seed_66_injected_10pct.csv,0,2,45,5,5,2,0.0,0.0,0.0,0.9574468085106383,0.0425531914893617,0.4787234042553192,applicable
ilinet,NFGA-Core,True,66,injected_10pct,5.0,2.7033122436550494,0.4667924848147591,0.3017023821449198,52,results/stage6_nfga/predictions/ilinet_nfga-core_seed_66_injected_10pct.csv,0,1,46,5,5,1,0.0,0.0,0.0,0.9787234042553191,0.02127659574468085,0.48936170212765956,applicable
ilinet,NFGA-Core,True,77,injected_10pct,2.0,1.3614003883508752,0.4667924848147591,0.3017023821449198,52,results/stage6_nfga/predictions/ilinet_nfga-core_seed_77_injected_10pct.csv,4,5,42,1,5,9,0.4444444444444444,0.8,0.5714285714285714,0.8936170212765957,0.10638297872340426,0.8468085106382979,applicable
ilinet,NFGA-Core,True,77,injected_10pct,2.5,1.5850523642349041,0.4667924848147591,0.3017023821449198,52,results/stage6_nfga/predictions/ilinet_nfga-core_seed_77_injected_10pct.csv,3,5,42,2,5,8,0.375,0.6,0.46153846153846156,0.8936170212765957,0.10638297872340426,0.7468085106382978,applicable
ilinet,NFGA-Core,True,77,injected_10pct,3.0,1.8087043401189333,0.4667924848147591,0.3017023821449198,52,results/stage6_nfga/predictions/ilinet_nfga-core_seed_77_injected_10pct.csv,2,4,43,3,5,6,0.3333333333333333,0.4,0.36363636363636365,0.9148936170212766,0.0851063829787234,0.6574468085106383,applicable
ilinet,NFGA-Core,True,77,injected_10pct,3.5,2.0323563160029625,0.4667924848147591,0.3017023821449198,52,results/stage6_nfga/predictions/ilinet_nfga-core_seed_77_injected_10pct.csv,2,3,44,3,5,5,0.4,0.4,0.4,0.9361702127659575,0.06382978723404255,0.6680851063829787,applicable
ilinet,NFGA-Core,True,77,injected_10pct,4.0,2.2560082918869915,0.4667924848147591,0.3017023821449198,52,results/stage6_nfga/predictions/ilinet_nfga-core_seed_77_injected_10pct.csv,0,2,45,5,5,2,0.0,0.0,0.0,0.9574468085106383,0.0425531914893617,0.4787234042553192,applicable
ilinet,NFGA-Core,True,77,injected_10pct,4.5,2.4796602677710204,0.4667924848147591,0.3017023821449198,52,results/stage6_nfga/predictions/ilinet_nfga-core_seed_77_injected_10pct.csv,0,1,46,5,5,1,0.0,0.0,0.0,0.9787234042553191,0.02127659574468085,0.48936170212765956,applicable
ilinet,NFGA-Core,True,77,injected_10pct,5.0,2.7033122436550494,0.4667924848147591,0.3017023821449198,52,results/stage6_nfga/predictions/ilinet_nfga-core_seed_77_injected_10pct.csv,0,0,47,5,5,0,0.0,0.0,0.0,1.0,0.0,0.5,applicable
ilinet,NFGA-Core,True,88,injected_10pct,2.0,1.3614003883508752,0.4667924848147591,0.3017023821449198,52,results/stage6_nfga/predictions/ilinet_nfga-core_seed_88_injected_10pct.csv,3,5,42,2,5,8,0.375,0.6,0.46153846153846156,0.8936170212765957,0.10638297872340426,0.7468085106382978,applicable
ilinet,NFGA-Core,True,88,injected_10pct,2.5,1.5850523642349041,0.4667924848147591,0.3017023821449198,52,results/stage6_nfga/predictions/ilinet_nfga-core_seed_88_injected_10pct.csv,3,4,43,2,5,7,0.42857142857142855,0.6,0.5,0.9148936170212766,0.0851063829787234,0.7574468085106383,applicable
ilinet,NFGA-Core,True,88,injected_10pct,3.0,1.8087043401189333,0.4667924848147591,0.3017023821449198,52,results/stage6_nfga/predictions/ilinet_nfga-core_seed_88_injected_10pct.csv,1,4,43,4,5,5,0.2,0.2,0.2,0.9148936170212766,0.0851063829787234,0.5574468085106383,applicable
ilinet,NFGA-Core,True,88,injected_10pct,3.5,2.0323563160029625,0.4667924848147591,0.3017023821449198,52,results/stage6_nfga/predictions/ilinet_nfga-core_seed_88_injected_10pct.csv,0,3,44,5,5,3,0.0,0.0,0.0,0.9361702127659575,0.06382978723404255,0.46808510638297873,applicable
ilinet,NFGA-Core,True,88,injected_10pct,4.0,2.2560082918869915,0.4667924848147591,0.3017023821449198,52,results/stage6_nfga/predictions/ilinet_nfga-core_seed_88_injected_10pct.csv,0,3,44,5,5,3,0.0,0.0,0.0,0.9361702127659575,0.06382978723404255,0.46808510638297873,applicable
ilinet,NFGA-Core,True,88,injected_10pct,4.5,2.4796602677710204,0.4667924848147591,0.3017023821449198,52,results/stage6_nfga/predictions/ilinet_nfga-core_seed_88_injected_10pct.csv,0,2,45,5,5,2,0.0,0.0,0.0,0.9574468085106383,0.0425531914893617,0.4787234042553192,applicable
ilinet,NFGA-Core,True,88,injected_10pct,5.0,2.7033122436550494,0.4667924848147591,0.3017023821449198,52,results/stage6_nfga/predictions/ilinet_nfga-core_seed_88_injected_10pct.csv,0,0,47,5,5,0,0.0,0.0,0.0,1.0,0.0,0.5,applicable
ilinet,NFGA-Core,True,99,injected_10pct,2.0,1.3614003883508752,0.4667924848147591,0.3017023821449198,52,results/stage6_nfga/predictions/ilinet_nfga-core_seed_99_injected_10pct.csv,3,5,42,2,5,8,0.375,0.6,0.46153846153846156,0.8936170212765957,0.10638297872340426,0.7468085106382978,applicable
ilinet,NFGA-Core,True,99,injected_10pct,2.5,1.5850523642349041,0.4667924848147591,0.3017023821449198,52,results/stage6_nfga/predictions/ilinet_nfga-core_seed_99_injected_10pct.csv,3,4,43,2,5,7,0.42857142857142855,0.6,0.5,0.9148936170212766,0.0851063829787234,0.7574468085106383,applicable
ilinet,NFGA-Core,True,99,injected_10pct,3.0,1.8087043401189333,0.4667924848147591,0.3017023821449198,52,results/stage6_nfga/predictions/ilinet_nfga-core_seed_99_injected_10pct.csv,0,4,43,5,5,4,0.0,0.0,0.0,0.9148936170212766,0.0851063829787234,0.4574468085106383,applicable
ilinet,NFGA-Core,True,99,injected_10pct,3.5,2.0323563160029625,0.4667924848147591,0.3017023821449198,52,results/stage6_nfga/predictions/ilinet_nfga-core_seed_99_injected_10pct.csv,0,3,44,5,5,3,0.0,0.0,0.0,0.9361702127659575,0.06382978723404255,0.46808510638297873,applicable
ilinet,NFGA-Core,True,99,injected_10pct,4.0,2.2560082918869915,0.4667924848147591,0.3017023821449198,52,results/stage6_nfga/predictions/ilinet_nfga-core_seed_99_injected_10pct.csv,0,3,44,5,5,3,0.0,0.0,0.0,0.9361702127659575,0.06382978723404255,0.46808510638297873,applicable
ilinet,NFGA-Core,True,99,injected_10pct,4.5,2.4796602677710204,0.4667924848147591,0.3017023821449198,52,results/stage6_nfga/predictions/ilinet_nfga-core_seed_99_injected_10pct.csv,0,1,46,5,5,1,0.0,0.0,0.0,0.9787234042553191,0.02127659574468085,0.48936170212765956,applicable
ilinet,NFGA-Core,True,99,injected_10pct,5.0,2.7033122436550494,0.4667924848147591,0.3017023821449198,52,results/stage6_nfga/predictions/ilinet_nfga-core_seed_99_injected_10pct.csv,0,0,47,5,5,0,0.0,0.0,0.0,1.0,0.0,0.5,applicable
ilinet,NFGA-Core,True,110,proxy_robust_z,2.0,1.3614003883508752,0.4667924848147591,0.3017023821449198,52,results/stage6_nfga/predictions/ilinet_nfga-core_seed_110_proxy_robust_z.csv,4,0,41,7,11,4,1.0,0.36363636363636365,0.5333333333333333,1.0,0.0,0.6818181818181819,applicable
ilinet,NFGA-Core,True,110,proxy_robust_z,2.5,1.5850523642349041,0.4667924848147591,0.3017023821449198,52,results/stage6_nfga/predictions/ilinet_nfga-core_seed_110_proxy_robust_z.csv,3,0,41,8,11,3,1.0,0.2727272727272727,0.42857142857142855,1.0,0.0,0.6363636363636364,applicable
ilinet,NFGA-Core,True,110,proxy_robust_z,3.0,1.8087043401189333,0.4667924848147591,0.3017023821449198,52,results/stage6_nfga/predictions/ilinet_nfga-core_seed_110_proxy_robust_z.csv,3,0,41,8,11,3,1.0,0.2727272727272727,0.42857142857142855,1.0,0.0,0.6363636363636364,applicable
ilinet,NFGA-Core,True,110,proxy_robust_z,3.5,2.0323563160029625,0.4667924848147591,0.3017023821449198,52,results/stage6_nfga/predictions/ilinet_nfga-core_seed_110_proxy_robust_z.csv,1,0,41,10,11,1,1.0,0.09090909090909091,0.16666666666666666,1.0,0.0,0.5454545454545454,applicable
ilinet,NFGA-Core,True,110,proxy_robust_z,4.0,2.2560082918869915,0.4667924848147591,0.3017023821449198,52,results/stage6_nfga/predictions/ilinet_nfga-core_seed_110_proxy_robust_z.csv,1,0,41,10,11,1,1.0,0.09090909090909091,0.16666666666666666,1.0,0.0,0.5454545454545454,applicable
ilinet,NFGA-Core,True,110,proxy_robust_z,4.5,2.4796602677710204,0.4667924848147591,0.3017023821449198,52,results/stage6_nfga/predictions/ilinet_nfga-core_seed_110_proxy_robust_z.csv,1,0,41,10,11,1,1.0,0.09090909090909091,0.16666666666666666,1.0,0.0,0.5454545454545454,applicable
ilinet,NFGA-Core,True,110,proxy_robust_z,5.0,2.7033122436550494,0.4667924848147591,0.3017023821449198,52,results/stage6_nfga/predictions/ilinet_nfga-core_seed_110_proxy_robust_z.csv,0,0,41,11,11,0,0.0,0.0,0.0,1.0,0.0,0.5,applicable
ilinet,NFGA-Core,True,11,proxy_robust_z,2.0,1.3614003883508752,0.4667924848147591,0.3017023821449198,52,results/stage6_nfga/predictions/ilinet_nfga-core_seed_11_proxy_robust_z.csv,5,0,41,6,11,5,1.0,0.45454545454545453,0.625,1.0,0.0,0.7272727272727273,applicable
ilinet,NFGA-Core,True,11,proxy_robust_z,2.5,1.5850523642349041,0.4667924848147591,0.3017023821449198,52,results/stage6_nfga/predictions/ilinet_nfga-core_seed_11_proxy_robust_z.csv,4,0,41,7,11,4,1.0,0.36363636363636365,0.5333333333333333,1.0,0.0,0.6818181818181819,applicable
ilinet,NFGA-Core,True,11,proxy_robust_z,3.0,1.8087043401189333,0.4667924848147591,0.3017023821449198,52,results/stage6_nfga/predictions/ilinet_nfga-core_seed_11_proxy_robust_z.csv,4,0,41,7,11,4,1.0,0.36363636363636365,0.5333333333333333,1.0,0.0,0.6818181818181819,applicable
ilinet,NFGA-Core,True,11,proxy_robust_z,3.5,2.0323563160029625,0.4667924848147591,0.3017023821449198,52,results/stage6_nfga/predictions/ilinet_nfga-core_seed_11_proxy_robust_z.csv,2,0,41,9,11,2,1.0,0.18181818181818182,0.3076923076923077,1.0,0.0,0.5909090909090909,applicable
ilinet,NFGA-Core,True,11,proxy_robust_z,4.0,2.2560082918869915,0.4667924848147591,0.3017023821449198,52,results/stage6_nfga/predictions/ilinet_nfga-core_seed_11_proxy_robust_z.csv,1,0,41,10,11,1,1.0,0.09090909090909091,0.16666666666666666,1.0,0.0,0.5454545454545454,applicable
ilinet,NFGA-Core,True,11,proxy_robust_z,4.5,2.4796602677710204,0.4667924848147591,0.3017023821449198,52,results/stage6_nfga/predictions/ilinet_nfga-core_seed_11_proxy_robust_z.csv,0,0,41,11,11,0,0.0,0.0,0.0,1.0,0.0,0.5,applicable
ilinet,NFGA-Core,True,11,proxy_robust_z,5.0,2.7033122436550494,0.4667924848147591,0.3017023821449198,52,results/stage6_nfga/predictions/ilinet_nfga-core_seed_11_proxy_robust_z.csv,0,0,41,11,11,0,0.0,0.0,0.0,1.0,0.0,0.5,applicable
ilinet,NFGA-Core,True,22,proxy_robust_z,2.0,1.3614003883508752,0.4667924848147591,0.3017023821449198,52,results/stage6_nfga/predictions/ilinet_nfga-core_seed_22_proxy_robust_z.csv,6,0,41,5,11,6,1.0,0.5454545454545454,0.7058823529411765,1.0,0.0,0.7727272727272727,applicable
ilinet,NFGA-Core,True,22,proxy_robust_z,2.5,1.5850523642349041,0.4667924848147591,0.3017023821449198,52,results/stage6_nfga/predictions/ilinet_nfga-core_seed_22_proxy_robust_z.csv,4,0,41,7,11,4,1.0,0.36363636363636365,0.5333333333333333,1.0,0.0,0.6818181818181819,applicable
ilinet,NFGA-Core,True,22,proxy_robust_z,3.0,1.8087043401189333,0.4667924848147591,0.3017023821449198,52,results/stage6_nfga/predictions/ilinet_nfga-core_seed_22_proxy_robust_z.csv,3,0,41,8,11,3,1.0,0.2727272727272727,0.42857142857142855,1.0,0.0,0.6363636363636364,applicable
ilinet,NFGA-Core,True,22,proxy_robust_z,3.5,2.0323563160029625,0.4667924848147591,0.3017023821449198,52,results/stage6_nfga/predictions/ilinet_nfga-core_seed_22_proxy_robust_z.csv,3,0,41,8,11,3,1.0,0.2727272727272727,0.42857142857142855,1.0,0.0,0.6363636363636364,applicable
ilinet,NFGA-Core,True,22,proxy_robust_z,4.0,2.2560082918869915,0.4667924848147591,0.3017023821449198,52,results/stage6_nfga/predictions/ilinet_nfga-core_seed_22_proxy_robust_z.csv,1,0,41,10,11,1,1.0,0.09090909090909091,0.16666666666666666,1.0,0.0,0.5454545454545454,applicable
ilinet,NFGA-Core,True,22,proxy_robust_z,4.5,2.4796602677710204,0.4667924848147591,0.3017023821449198,52,results/stage6_nfga/predictions/ilinet_nfga-core_seed_22_proxy_robust_z.csv,1,0,41,10,11,1,1.0,0.09090909090909091,0.16666666666666666,1.0,0.0,0.5454545454545454,applicable
ilinet,NFGA-Core,True,22,proxy_robust_z,5.0,2.7033122436550494,0.4667924848147591,0.3017023821449198,52,results/stage6_nfga/predictions/ilinet_nfga-core_seed_22_proxy_robust_z.csv,1,0,41,10,11,1,1.0,0.09090909090909091,0.16666666666666666,1.0,0.0,0.5454545454545454,applicable
ilinet,NFGA-Core,True,33,proxy_robust_z,2.0,1.3614003883508752,0.4667924848147591,0.3017023821449198,52,results/stage6_nfga/predictions/ilinet_nfga-core_seed_33_proxy_robust_z.csv,4,0,41,7,11,4,1.0,0.36363636363636365,0.5333333333333333,1.0,0.0,0.6818181818181819,applicable
ilinet,NFGA-Core,True,33,proxy_robust_z,2.5,1.5850523642349041,0.4667924848147591,0.3017023821449198,52,results/stage6_nfga/predictions/ilinet_nfga-core_seed_33_proxy_robust_z.csv,3,0,41,8,11,3,1.0,0.2727272727272727,0.42857142857142855,1.0,0.0,0.6363636363636364,applicable
ilinet,NFGA-Core,True,33,proxy_robust_z,3.0,1.8087043401189333,0.4667924848147591,0.3017023821449198,52,results/stage6_nfga/predictions/ilinet_nfga-core_seed_33_proxy_robust_z.csv,3,0,41,8,11,3,1.0,0.2727272727272727,0.42857142857142855,1.0,0.0,0.6363636363636364,applicable
ilinet,NFGA-Core,True,33,proxy_robust_z,3.5,2.0323563160029625,0.4667924848147591,0.3017023821449198,52,results/stage6_nfga/predictions/ilinet_nfga-core_seed_33_proxy_robust_z.csv,3,0,41,8,11,3,1.0,0.2727272727272727,0.42857142857142855,1.0,0.0,0.6363636363636364,applicable
ilinet,NFGA-Core,True,33,proxy_robust_z,4.0,2.2560082918869915,0.4667924848147591,0.3017023821449198,52,results/stage6_nfga/predictions/ilinet_nfga-core_seed_33_proxy_robust_z.csv,1,0,41,10,11,1,1.0,0.09090909090909091,0.16666666666666666,1.0,0.0,0.5454545454545454,applicable
ilinet,NFGA-Core,True,33,proxy_robust_z,4.5,2.4796602677710204,0.4667924848147591,0.3017023821449198,52,results/stage6_nfga/predictions/ilinet_nfga-core_seed_33_proxy_robust_z.csv,0,0,41,11,11,0,0.0,0.0,0.0,1.0,0.0,0.5,applicable
ilinet,NFGA-Core,True,33,proxy_robust_z,5.0,2.7033122436550494,0.4667924848147591,0.3017023821449198,52,results/stage6_nfga/predictions/ilinet_nfga-core_seed_33_proxy_robust_z.csv,0,0,41,11,11,0,0.0,0.0,0.0,1.0,0.0,0.5,applicable
ilinet,NFGA-Core,True,44,proxy_robust_z,2.0,1.3614003883508752,0.4667924848147591,0.3017023821449198,52,results/stage6_nfga/predictions/ilinet_nfga-core_seed_44_proxy_robust_z.csv,5,0,41,6,11,5,1.0,0.45454545454545453,0.625,1.0,0.0,0.7272727272727273,applicable
ilinet,NFGA-Core,True,44,proxy_robust_z,2.5,1.5850523642349041,0.4667924848147591,0.3017023821449198,52,results/stage6_nfga/predictions/ilinet_nfga-core_seed_44_proxy_robust_z.csv,4,0,41,7,11,4,1.0,0.36363636363636365,0.5333333333333333,1.0,0.0,0.6818181818181819,applicable
ilinet,NFGA-Core,True,44,proxy_robust_z,3.0,1.8087043401189333,0.4667924848147591,0.3017023821449198,52,results/stage6_nfga/predictions/ilinet_nfga-core_seed_44_proxy_robust_z.csv,4,0,41,7,11,4,1.0,0.36363636363636365,0.5333333333333333,1.0,0.0,0.6818181818181819,applicable
ilinet,NFGA-Core,True,44,proxy_robust_z,3.5,2.0323563160029625,0.4667924848147591,0.3017023821449198,52,results/stage6_nfga/predictions/ilinet_nfga-core_seed_44_proxy_robust_z.csv,3,0,41,8,11,3,1.0,0.2727272727272727,0.42857142857142855,1.0,0.0,0.6363636363636364,applicable
ilinet,NFGA-Core,True,44,proxy_robust_z,4.0,2.2560082918869915,0.4667924848147591,0.3017023821449198,52,results/stage6_nfga/predictions/ilinet_nfga-core_seed_44_proxy_robust_z.csv,2,0,41,9,11,2,1.0,0.18181818181818182,0.3076923076923077,1.0,0.0,0.5909090909090909,applicable
ilinet,NFGA-Core,True,44,proxy_robust_z,4.5,2.4796602677710204,0.4667924848147591,0.3017023821449198,52,results/stage6_nfga/predictions/ilinet_nfga-core_seed_44_proxy_robust_z.csv,2,0,41,9,11,2,1.0,0.18181818181818182,0.3076923076923077,1.0,0.0,0.5909090909090909,applicable
ilinet,NFGA-Core,True,44,proxy_robust_z,5.0,2.7033122436550494,0.4667924848147591,0.3017023821449198,52,results/stage6_nfga/predictions/ilinet_nfga-core_seed_44_proxy_robust_z.csv,0,0,41,11,11,0,0.0,0.0,0.0,1.0,0.0,0.5,applicable
ilinet,NFGA-Core,True,55,proxy_robust_z,2.0,1.3614003883508752,0.4667924848147591,0.3017023821449198,52,results/stage6_nfga/predictions/ilinet_nfga-core_seed_55_proxy_robust_z.csv,4,0,41,7,11,4,1.0,0.36363636363636365,0.5333333333333333,1.0,0.0,0.6818181818181819,applicable
ilinet,NFGA-Core,True,55,proxy_robust_z,2.5,1.5850523642349041,0.4667924848147591,0.3017023821449198,52,results/stage6_nfga/predictions/ilinet_nfga-core_seed_55_proxy_robust_z.csv,4,0,41,7,11,4,1.0,0.36363636363636365,0.5333333333333333,1.0,0.0,0.6818181818181819,applicable
ilinet,NFGA-Core,True,55,proxy_robust_z,3.0,1.8087043401189333,0.4667924848147591,0.3017023821449198,52,results/stage6_nfga/predictions/ilinet_nfga-core_seed_55_proxy_robust_z.csv,3,0,41,8,11,3,1.0,0.2727272727272727,0.42857142857142855,1.0,0.0,0.6363636363636364,applicable
ilinet,NFGA-Core,True,55,proxy_robust_z,3.5,2.0323563160029625,0.4667924848147591,0.3017023821449198,52,results/stage6_nfga/predictions/ilinet_nfga-core_seed_55_proxy_robust_z.csv,2,0,41,9,11,2,1.0,0.18181818181818182,0.3076923076923077,1.0,0.0,0.5909090909090909,applicable
ilinet,NFGA-Core,True,55,proxy_robust_z,4.0,2.2560082918869915,0.4667924848147591,0.3017023821449198,52,results/stage6_nfga/predictions/ilinet_nfga-core_seed_55_proxy_robust_z.csv,1,0,41,10,11,1,1.0,0.09090909090909091,0.16666666666666666,1.0,0.0,0.5454545454545454,applicable
ilinet,NFGA-Core,True,55,proxy_robust_z,4.5,2.4796602677710204,0.4667924848147591,0.3017023821449198,52,results/stage6_nfga/predictions/ilinet_nfga-core_seed_55_proxy_robust_z.csv,0,0,41,11,11,0,0.0,0.0,0.0,1.0,0.0,0.5,applicable
ilinet,NFGA-Core,True,55,proxy_robust_z,5.0,2.7033122436550494,0.4667924848147591,0.3017023821449198,52,results/stage6_nfga/predictions/ilinet_nfga-core_seed_55_proxy_robust_z.csv,0,0,41,11,11,0,0.0,0.0,0.0,1.0,0.0,0.5,applicable
ilinet,NFGA-Core,True,66,proxy_robust_z,2.0,1.3614003883508752,0.4667924848147591,0.3017023821449198,52,results/stage6_nfga/predictions/ilinet_nfga-core_seed_66_proxy_robust_z.csv,5,0,41,6,11,5,1.0,0.45454545454545453,0.625,1.0,0.0,0.7272727272727273,applicable
ilinet,NFGA-Core,True,66,proxy_robust_z,2.5,1.5850523642349041,0.4667924848147591,0.3017023821449198,52,results/stage6_nfga/predictions/ilinet_nfga-core_seed_66_proxy_robust_z.csv,4,0,41,7,11,4,1.0,0.36363636363636365,0.5333333333333333,1.0,0.0,0.6818181818181819,applicable
ilinet,NFGA-Core,True,66,proxy_robust_z,3.0,1.8087043401189333,0.4667924848147591,0.3017023821449198,52,results/stage6_nfga/predictions/ilinet_nfga-core_seed_66_proxy_robust_z.csv,4,0,41,7,11,4,1.0,0.36363636363636365,0.5333333333333333,1.0,0.0,0.6818181818181819,applicable
ilinet,NFGA-Core,True,66,proxy_robust_z,3.5,2.0323563160029625,0.4667924848147591,0.3017023821449198,52,results/stage6_nfga/predictions/ilinet_nfga-core_seed_66_proxy_robust_z.csv,2,0,41,9,11,2,1.0,0.18181818181818182,0.3076923076923077,1.0,0.0,0.5909090909090909,applicable
ilinet,NFGA-Core,True,66,proxy_robust_z,4.0,2.2560082918869915,0.4667924848147591,0.3017023821449198,52,results/stage6_nfga/predictions/ilinet_nfga-core_seed_66_proxy_robust_z.csv,2,0,41,9,11,2,1.0,0.18181818181818182,0.3076923076923077,1.0,0.0,0.5909090909090909,applicable
ilinet,NFGA-Core,True,66,proxy_robust_z,4.5,2.4796602677710204,0.4667924848147591,0.3017023821449198,52,results/stage6_nfga/predictions/ilinet_nfga-core_seed_66_proxy_robust_z.csv,1,0,41,10,11,1,1.0,0.09090909090909091,0.16666666666666666,1.0,0.0,0.5454545454545454,applicable
ilinet,NFGA-Core,True,66,proxy_robust_z,5.0,2.7033122436550494,0.4667924848147591,0.3017023821449198,52,results/stage6_nfga/predictions/ilinet_nfga-core_seed_66_proxy_robust_z.csv,0,0,41,11,11,0,0.0,0.0,0.0,1.0,0.0,0.5,applicable
ilinet,NFGA-Core,True,77,proxy_robust_z,2.0,1.3614003883508752,0.4667924848147591,0.3017023821449198,52,results/stage6_nfga/predictions/ilinet_nfga-core_seed_77_proxy_robust_z.csv,5,0,41,6,11,5,1.0,0.45454545454545453,0.625,1.0,0.0,0.7272727272727273,applicable
ilinet,NFGA-Core,True,77,proxy_robust_z,2.5,1.5850523642349041,0.4667924848147591,0.3017023821449198,52,results/stage6_nfga/predictions/ilinet_nfga-core_seed_77_proxy_robust_z.csv,4,0,41,7,11,4,1.0,0.36363636363636365,0.5333333333333333,1.0,0.0,0.6818181818181819,applicable
ilinet,NFGA-Core,True,77,proxy_robust_z,3.0,1.8087043401189333,0.4667924848147591,0.3017023821449198,52,results/stage6_nfga/predictions/ilinet_nfga-core_seed_77_proxy_robust_z.csv,2,0,41,9,11,2,1.0,0.18181818181818182,0.3076923076923077,1.0,0.0,0.5909090909090909,applicable
ilinet,NFGA-Core,True,77,proxy_robust_z,3.5,2.0323563160029625,0.4667924848147591,0.3017023821449198,52,results/stage6_nfga/predictions/ilinet_nfga-core_seed_77_proxy_robust_z.csv,2,0,41,9,11,2,1.0,0.18181818181818182,0.3076923076923077,1.0,0.0,0.5909090909090909,applicable
ilinet,NFGA-Core,True,77,proxy_robust_z,4.0,2.2560082918869915,0.4667924848147591,0.3017023821449198,52,results/stage6_nfga/predictions/ilinet_nfga-core_seed_77_proxy_robust_z.csv,0,0,41,11,11,0,0.0,0.0,0.0,1.0,0.0,0.5,applicable
ilinet,NFGA-Core,True,77,proxy_robust_z,4.5,2.4796602677710204,0.4667924848147591,0.3017023821449198,52,results/stage6_nfga/predictions/ilinet_nfga-core_seed_77_proxy_robust_z.csv,0,0,41,11,11,0,0.0,0.0,0.0,1.0,0.0,0.5,applicable
ilinet,NFGA-Core,True,77,proxy_robust_z,5.0,2.7033122436550494,0.4667924848147591,0.3017023821449198,52,results/stage6_nfga/predictions/ilinet_nfga-core_seed_77_proxy_robust_z.csv,0,0,41,11,11,0,0.0,0.0,0.0,1.0,0.0,0.5,applicable
ilinet,NFGA-Core,True,88,proxy_robust_z,2.0,1.3614003883508752,0.4667924848147591,0.3017023821449198,52,results/stage6_nfga/predictions/ilinet_nfga-core_seed_88_proxy_robust_z.csv,5,0,41,6,11,5,1.0,0.45454545454545453,0.625,1.0,0.0,0.7272727272727273,applicable
ilinet,NFGA-Core,True,88,proxy_robust_z,2.5,1.5850523642349041,0.4667924848147591,0.3017023821449198,52,results/stage6_nfga/predictions/ilinet_nfga-core_seed_88_proxy_robust_z.csv,3,0,41,8,11,3,1.0,0.2727272727272727,0.42857142857142855,1.0,0.0,0.6363636363636364,applicable
ilinet,NFGA-Core,True,88,proxy_robust_z,3.0,1.8087043401189333,0.4667924848147591,0.3017023821449198,52,results/stage6_nfga/predictions/ilinet_nfga-core_seed_88_proxy_robust_z.csv,3,0,41,8,11,3,1.0,0.2727272727272727,0.42857142857142855,1.0,0.0,0.6363636363636364,applicable
ilinet,NFGA-Core,True,88,proxy_robust_z,3.5,2.0323563160029625,0.4667924848147591,0.3017023821449198,52,results/stage6_nfga/predictions/ilinet_nfga-core_seed_88_proxy_robust_z.csv,3,0,41,8,11,3,1.0,0.2727272727272727,0.42857142857142855,1.0,0.0,0.6363636363636364,applicable
ilinet,NFGA-Core,True,88,proxy_robust_z,4.0,2.2560082918869915,0.4667924848147591,0.3017023821449198,52,results/stage6_nfga/predictions/ilinet_nfga-core_seed_88_proxy_robust_z.csv,1,0,41,10,11,1,1.0,0.09090909090909091,0.16666666666666666,1.0,0.0,0.5454545454545454,applicable
ilinet,NFGA-Core,True,88,proxy_robust_z,4.5,2.4796602677710204,0.4667924848147591,0.3017023821449198,52,results/stage6_nfga/predictions/ilinet_nfga-core_seed_88_proxy_robust_z.csv,1,0,41,10,11,1,1.0,0.09090909090909091,0.16666666666666666,1.0,0.0,0.5454545454545454,applicable
ilinet,NFGA-Core,True,88,proxy_robust_z,5.0,2.7033122436550494,0.4667924848147591,0.3017023821449198,52,results/stage6_nfga/predictions/ilinet_nfga-core_seed_88_proxy_robust_z.csv,0,0,41,11,11,0,0.0,0.0,0.0,1.0,0.0,0.5,applicable
ilinet,NFGA-Core,True,99,proxy_robust_z,2.0,1.3614003883508752,0.4667924848147591,0.3017023821449198,52,results/stage6_nfga/predictions/ilinet_nfga-core_seed_99_proxy_robust_z.csv,4,0,41,7,11,4,1.0,0.36363636363636365,0.5333333333333333,1.0,0.0,0.6818181818181819,applicable
ilinet,NFGA-Core,True,99,proxy_robust_z,2.5,1.5850523642349041,0.4667924848147591,0.3017023821449198,52,results/stage6_nfga/predictions/ilinet_nfga-core_seed_99_proxy_robust_z.csv,3,0,41,8,11,3,1.0,0.2727272727272727,0.42857142857142855,1.0,0.0,0.6363636363636364,applicable
ilinet,NFGA-Core,True,99,proxy_robust_z,3.0,1.8087043401189333,0.4667924848147591,0.3017023821449198,52,results/stage6_nfga/predictions/ilinet_nfga-core_seed_99_proxy_robust_z.csv,3,0,41,8,11,3,1.0,0.2727272727272727,0.42857142857142855,1.0,0.0,0.6363636363636364,applicable
ilinet,NFGA-Core,True,99,proxy_robust_z,3.5,2.0323563160029625,0.4667924848147591,0.3017023821449198,52,results/stage6_nfga/predictions/ilinet_nfga-core_seed_99_proxy_robust_z.csv,2,0,41,9,11,2,1.0,0.18181818181818182,0.3076923076923077,1.0,0.0,0.5909090909090909,applicable
ilinet,NFGA-Core,True,99,proxy_robust_z,4.0,2.2560082918869915,0.4667924848147591,0.3017023821449198,52,results/stage6_nfga/predictions/ilinet_nfga-core_seed_99_proxy_robust_z.csv,1,0,41,10,11,1,1.0,0.09090909090909091,0.16666666666666666,1.0,0.0,0.5454545454545454,applicable
ilinet,NFGA-Core,True,99,proxy_robust_z,4.5,2.4796602677710204,0.4667924848147591,0.3017023821449198,52,results/stage6_nfga/predictions/ilinet_nfga-core_seed_99_proxy_robust_z.csv,0,0,41,11,11,0,0.0,0.0,0.0,1.0,0.0,0.5,applicable
ilinet,NFGA-Core,True,99,proxy_robust_z,5.0,2.7033122436550494,0.4667924848147591,0.3017023821449198,52,results/stage6_nfga/predictions/ilinet_nfga-core_seed_99_proxy_robust_z.csv,0,0,41,11,11,0,0.0,0.0,0.0,1.0,0.0,0.5,applicable
ilinet,NFGA-LINEAR,True,110,injected_5pct,2.0,0.306138204218648,0.0898884252142647,0.0729292388386562,52,results/stage6_nfga/predictions/ilinet_nfga-linear_seed_110_injected_5pct.csv,3,15,34,0,3,18,0.16666666666666666,1.0,0.2857142857142857,0.6938775510204082,0.30612244897959184,0.846938775510204,applicable
ilinet,NFGA-LINEAR,True,110,injected_5pct,2.5,0.36020064896974385,0.0898884252142647,0.0729292388386562,52,results/stage6_nfga/predictions/ilinet_nfga-linear_seed_110_injected_5pct.csv,3,12,37,0,3,15,0.2,1.0,0.3333333333333333,0.7551020408163265,0.24489795918367346,0.8775510204081632,applicable
ilinet,NFGA-LINEAR,True,110,injected_5pct,3.0,0.41426309372083975,0.0898884252142647,0.0729292388386562,52,results/stage6_nfga/predictions/ilinet_nfga-linear_seed_110_injected_5pct.csv,3,12,37,0,3,15,0.2,1.0,0.3333333333333333,0.7551020408163265,0.24489795918367346,0.8775510204081632,applicable
ilinet,NFGA-LINEAR,True,110,injected_5pct,3.5,0.46832553847193553,0.0898884252142647,0.0729292388386562,52,results/stage6_nfga/predictions/ilinet_nfga-linear_seed_110_injected_5pct.csv,3,10,39,0,3,13,0.23076923076923078,1.0,0.375,0.7959183673469388,0.20408163265306123,0.8979591836734694,applicable
ilinet,NFGA-LINEAR,True,110,injected_5pct,4.0,0.5223879832230314,0.0898884252142647,0.0729292388386562,52,results/stage6_nfga/predictions/ilinet_nfga-linear_seed_110_injected_5pct.csv,3,10,39,0,3,13,0.23076923076923078,1.0,0.375,0.7959183673469388,0.20408163265306123,0.8979591836734694,applicable
ilinet,NFGA-LINEAR,True,110,injected_5pct,4.5,0.5764504279741272,0.0898884252142647,0.0729292388386562,52,results/stage6_nfga/predictions/ilinet_nfga-linear_seed_110_injected_5pct.csv,3,9,40,0,3,12,0.25,1.0,0.4,0.8163265306122449,0.1836734693877551,0.9081632653061225,applicable
ilinet,NFGA-LINEAR,True,110,injected_5pct,5.0,0.6305128727252229,0.0898884252142647,0.0729292388386562,52,results/stage6_nfga/predictions/ilinet_nfga-linear_seed_110_injected_5pct.csv,3,9,40,0,3,12,0.25,1.0,0.4,0.8163265306122449,0.1836734693877551,0.9081632653061225,applicable
ilinet,NFGA-LINEAR,True,11,injected_5pct,2.0,0.306138204218648,0.0898884252142647,0.0729292388386562,52,results/stage6_nfga/predictions/ilinet_nfga-linear_seed_11_injected_5pct.csv,3,13,36,0,3,16,0.1875,1.0,0.3157894736842105,0.7346938775510204,0.2653061224489796,0.8673469387755102,applicable
ilinet,NFGA-LINEAR,True,11,injected_5pct,2.5,0.36020064896974385,0.0898884252142647,0.0729292388386562,52,results/stage6_nfga/predictions/ilinet_nfga-linear_seed_11_injected_5pct.csv,3,11,38,0,3,14,0.21428571428571427,1.0,0.35294117647058826,0.7755102040816326,0.22448979591836735,0.8877551020408163,applicable
ilinet,NFGA-LINEAR,True,11,injected_5pct,3.0,0.41426309372083975,0.0898884252142647,0.0729292388386562,52,results/stage6_nfga/predictions/ilinet_nfga-linear_seed_11_injected_5pct.csv,3,11,38,0,3,14,0.21428571428571427,1.0,0.35294117647058826,0.7755102040816326,0.22448979591836735,0.8877551020408163,applicable
ilinet,NFGA-LINEAR,True,11,injected_5pct,3.5,0.46832553847193553,0.0898884252142647,0.0729292388386562,52,results/stage6_nfga/predictions/ilinet_nfga-linear_seed_11_injected_5pct.csv,3,11,38,0,3,14,0.21428571428571427,1.0,0.35294117647058826,0.7755102040816326,0.22448979591836735,0.8877551020408163,applicable
ilinet,NFGA-LINEAR,True,11,injected_5pct,4.0,0.5223879832230314,0.0898884252142647,0.0729292388386562,52,results/stage6_nfga/predictions/ilinet_nfga-linear_seed_11_injected_5pct.csv,3,10,39,0,3,13,0.23076923076923078,1.0,0.375,0.7959183673469388,0.20408163265306123,0.8979591836734694,applicable
ilinet,NFGA-LINEAR,True,11,injected_5pct,4.5,0.5764504279741272,0.0898884252142647,0.0729292388386562,52,results/stage6_nfga/predictions/ilinet_nfga-linear_seed_11_injected_5pct.csv,3,9,40,0,3,12,0.25,1.0,0.4,0.8163265306122449,0.1836734693877551,0.9081632653061225,applicable
ilinet,NFGA-LINEAR,True,11,injected_5pct,5.0,0.6305128727252229,0.0898884252142647,0.0729292388386562,52,results/stage6_nfga/predictions/ilinet_nfga-linear_seed_11_injected_5pct.csv,3,9,40,0,3,12,0.25,1.0,0.4,0.8163265306122449,0.1836734693877551,0.9081632653061225,applicable
ilinet,NFGA-LINEAR,True,22,injected_5pct,2.0,0.306138204218648,0.0898884252142647,0.0729292388386562,52,results/stage6_nfga/predictions/ilinet_nfga-linear_seed_22_injected_5pct.csv,3,14,35,0,3,17,0.17647058823529413,1.0,0.3,0.7142857142857143,0.2857142857142857,0.8571428571428572,applicable
ilinet,NFGA-LINEAR,True,22,injected_5pct,2.5,0.36020064896974385,0.0898884252142647,0.0729292388386562,52,results/stage6_nfga/predictions/ilinet_nfga-linear_seed_22_injected_5pct.csv,3,12,37,0,3,15,0.2,1.0,0.3333333333333333,0.7551020408163265,0.24489795918367346,0.8775510204081632,applicable
ilinet,NFGA-LINEAR,True,22,injected_5pct,3.0,0.41426309372083975,0.0898884252142647,0.0729292388386562,52,results/stage6_nfga/predictions/ilinet_nfga-linear_seed_22_injected_5pct.csv,3,11,38,0,3,14,0.21428571428571427,1.0,0.35294117647058826,0.7755102040816326,0.22448979591836735,0.8877551020408163,applicable
ilinet,NFGA-LINEAR,True,22,injected_5pct,3.5,0.46832553847193553,0.0898884252142647,0.0729292388386562,52,results/stage6_nfga/predictions/ilinet_nfga-linear_seed_22_injected_5pct.csv,3,11,38,0,3,14,0.21428571428571427,1.0,0.35294117647058826,0.7755102040816326,0.22448979591836735,0.8877551020408163,applicable
ilinet,NFGA-LINEAR,True,22,injected_5pct,4.0,0.5223879832230314,0.0898884252142647,0.0729292388386562,52,results/stage6_nfga/predictions/ilinet_nfga-linear_seed_22_injected_5pct.csv,3,11,38,0,3,14,0.21428571428571427,1.0,0.35294117647058826,0.7755102040816326,0.22448979591836735,0.8877551020408163,applicable
ilinet,NFGA-LINEAR,True,22,injected_5pct,4.5,0.5764504279741272,0.0898884252142647,0.0729292388386562,52,results/stage6_nfga/predictions/ilinet_nfga-linear_seed_22_injected_5pct.csv,3,9,40,0,3,12,0.25,1.0,0.4,0.8163265306122449,0.1836734693877551,0.9081632653061225,applicable
ilinet,NFGA-LINEAR,True,22,injected_5pct,5.0,0.6305128727252229,0.0898884252142647,0.0729292388386562,52,results/stage6_nfga/predictions/ilinet_nfga-linear_seed_22_injected_5pct.csv,3,9,40,0,3,12,0.25,1.0,0.4,0.8163265306122449,0.1836734693877551,0.9081632653061225,applicable
ilinet,NFGA-LINEAR,True,33,injected_5pct,2.0,0.306138204218648,0.0898884252142647,0.0729292388386562,52,results/stage6_nfga/predictions/ilinet_nfga-linear_seed_33_injected_5pct.csv,3,18,31,0,3,21,0.14285714285714285,1.0,0.25,0.6326530612244898,0.3673469387755102,0.8163265306122449,applicable
ilinet,NFGA-LINEAR,True,33,injected_5pct,2.5,0.36020064896974385,0.0898884252142647,0.0729292388386562,52,results/stage6_nfga/predictions/ilinet_nfga-linear_seed_33_injected_5pct.csv,3,14,35,0,3,17,0.17647058823529413,1.0,0.3,0.7142857142857143,0.2857142857142857,0.8571428571428572,applicable
ilinet,NFGA-LINEAR,True,33,injected_5pct,3.0,0.41426309372083975,0.0898884252142647,0.0729292388386562,52,results/stage6_nfga/predictions/ilinet_nfga-linear_seed_33_injected_5pct.csv,3,10,39,0,3,13,0.23076923076923078,1.0,0.375,0.7959183673469388,0.20408163265306123,0.8979591836734694,applicable
ilinet,NFGA-LINEAR,True,33,injected_5pct,3.5,0.46832553847193553,0.0898884252142647,0.0729292388386562,52,results/stage6_nfga/predictions/ilinet_nfga-linear_seed_33_injected_5pct.csv,3,10,39,0,3,13,0.23076923076923078,1.0,0.375,0.7959183673469388,0.20408163265306123,0.8979591836734694,applicable
ilinet,NFGA-LINEAR,True,33,injected_5pct,4.0,0.5223879832230314,0.0898884252142647,0.0729292388386562,52,results/stage6_nfga/predictions/ilinet_nfga-linear_seed_33_injected_5pct.csv,3,10,39,0,3,13,0.23076923076923078,1.0,0.375,0.7959183673469388,0.20408163265306123,0.8979591836734694,applicable
ilinet,NFGA-LINEAR,True,33,injected_5pct,4.5,0.5764504279741272,0.0898884252142647,0.0729292388386562,52,results/stage6_nfga/predictions/ilinet_nfga-linear_seed_33_injected_5pct.csv,3,10,39,0,3,13,0.23076923076923078,1.0,0.375,0.7959183673469388,0.20408163265306123,0.8979591836734694,applicable
ilinet,NFGA-LINEAR,True,33,injected_5pct,5.0,0.6305128727252229,0.0898884252142647,0.0729292388386562,52,results/stage6_nfga/predictions/ilinet_nfga-linear_seed_33_injected_5pct.csv,3,10,39,0,3,13,0.23076923076923078,1.0,0.375,0.7959183673469388,0.20408163265306123,0.8979591836734694,applicable
ilinet,NFGA-LINEAR,True,44,injected_5pct,2.0,0.306138204218648,0.0898884252142647,0.0729292388386562,52,results/stage6_nfga/predictions/ilinet_nfga-linear_seed_44_injected_5pct.csv,3,15,34,0,3,18,0.16666666666666666,1.0,0.2857142857142857,0.6938775510204082,0.30612244897959184,0.846938775510204,applicable
ilinet,NFGA-LINEAR,True,44,injected_5pct,2.5,0.36020064896974385,0.0898884252142647,0.0729292388386562,52,results/stage6_nfga/predictions/ilinet_nfga-linear_seed_44_injected_5pct.csv,3,14,35,0,3,17,0.17647058823529413,1.0,0.3,0.7142857142857143,0.2857142857142857,0.8571428571428572,applicable
ilinet,NFGA-LINEAR,True,44,injected_5pct,3.0,0.41426309372083975,0.0898884252142647,0.0729292388386562,52,results/stage6_nfga/predictions/ilinet_nfga-linear_seed_44_injected_5pct.csv,3,11,38,0,3,14,0.21428571428571427,1.0,0.35294117647058826,0.7755102040816326,0.22448979591836735,0.8877551020408163,applicable
ilinet,NFGA-LINEAR,True,44,injected_5pct,3.5,0.46832553847193553,0.0898884252142647,0.0729292388386562,52,results/stage6_nfga/predictions/ilinet_nfga-linear_seed_44_injected_5pct.csv,3,11,38,0,3,14,0.21428571428571427,1.0,0.35294117647058826,0.7755102040816326,0.22448979591836735,0.8877551020408163,applicable
ilinet,NFGA-LINEAR,True,44,injected_5pct,4.0,0.5223879832230314,0.0898884252142647,0.0729292388386562,52,results/stage6_nfga/predictions/ilinet_nfga-linear_seed_44_injected_5pct.csv,3,10,39,0,3,13,0.23076923076923078,1.0,0.375,0.7959183673469388,0.20408163265306123,0.8979591836734694,applicable
ilinet,NFGA-LINEAR,True,44,injected_5pct,4.5,0.5764504279741272,0.0898884252142647,0.0729292388386562,52,results/stage6_nfga/predictions/ilinet_nfga-linear_seed_44_injected_5pct.csv,3,9,40,0,3,12,0.25,1.0,0.4,0.8163265306122449,0.1836734693877551,0.9081632653061225,applicable
ilinet,NFGA-LINEAR,True,44,injected_5pct,5.0,0.6305128727252229,0.0898884252142647,0.0729292388386562,52,results/stage6_nfga/predictions/ilinet_nfga-linear_seed_44_injected_5pct.csv,3,9,40,0,3,12,0.25,1.0,0.4,0.8163265306122449,0.1836734693877551,0.9081632653061225,applicable
ilinet,NFGA-LINEAR,True,55,injected_5pct,2.0,0.306138204218648,0.0898884252142647,0.0729292388386562,52,results/stage6_nfga/predictions/ilinet_nfga-linear_seed_55_injected_5pct.csv,3,16,33,0,3,19,0.15789473684210525,1.0,0.2727272727272727,0.673469387755102,0.32653061224489793,0.8367346938775511,applicable
ilinet,NFGA-LINEAR,True,55,injected_5pct,2.5,0.36020064896974385,0.0898884252142647,0.0729292388386562,52,results/stage6_nfga/predictions/ilinet_nfga-linear_seed_55_injected_5pct.csv,3,14,35,0,3,17,0.17647058823529413,1.0,0.3,0.7142857142857143,0.2857142857142857,0.8571428571428572,applicable
ilinet,NFGA-LINEAR,True,55,injected_5pct,3.0,0.41426309372083975,0.0898884252142647,0.0729292388386562,52,results/stage6_nfga/predictions/ilinet_nfga-linear_seed_55_injected_5pct.csv,3,11,38,0,3,14,0.21428571428571427,1.0,0.35294117647058826,0.7755102040816326,0.22448979591836735,0.8877551020408163,applicable
ilinet,NFGA-LINEAR,True,55,injected_5pct,3.5,0.46832553847193553,0.0898884252142647,0.0729292388386562,52,results/stage6_nfga/predictions/ilinet_nfga-linear_seed_55_injected_5pct.csv,3,11,38,0,3,14,0.21428571428571427,1.0,0.35294117647058826,0.7755102040816326,0.22448979591836735,0.8877551020408163,applicable
ilinet,NFGA-LINEAR,True,55,injected_5pct,4.0,0.5223879832230314,0.0898884252142647,0.0729292388386562,52,results/stage6_nfga/predictions/ilinet_nfga-linear_seed_55_injected_5pct.csv,3,10,39,0,3,13,0.23076923076923078,1.0,0.375,0.7959183673469388,0.20408163265306123,0.8979591836734694,applicable
ilinet,NFGA-LINEAR,True,55,injected_5pct,4.5,0.5764504279741272,0.0898884252142647,0.0729292388386562,52,results/stage6_nfga/predictions/ilinet_nfga-linear_seed_55_injected_5pct.csv,3,9,40,0,3,12,0.25,1.0,0.4,0.8163265306122449,0.1836734693877551,0.9081632653061225,applicable
ilinet,NFGA-LINEAR,True,55,injected_5pct,5.0,0.6305128727252229,0.0898884252142647,0.0729292388386562,52,results/stage6_nfga/predictions/ilinet_nfga-linear_seed_55_injected_5pct.csv,3,9,40,0,3,12,0.25,1.0,0.4,0.8163265306122449,0.1836734693877551,0.9081632653061225,applicable
ilinet,NFGA-LINEAR,True,66,injected_5pct,2.0,0.306138204218648,0.0898884252142647,0.0729292388386562,52,results/stage6_nfga/predictions/ilinet_nfga-linear_seed_66_injected_5pct.csv,3,15,34,0,3,18,0.16666666666666666,1.0,0.2857142857142857,0.6938775510204082,0.30612244897959184,0.846938775510204,applicable
ilinet,NFGA-LINEAR,True,66,injected_5pct,2.5,0.36020064896974385,0.0898884252142647,0.0729292388386562,52,results/stage6_nfga/predictions/ilinet_nfga-linear_seed_66_injected_5pct.csv,3,13,36,0,3,16,0.1875,1.0,0.3157894736842105,0.7346938775510204,0.2653061224489796,0.8673469387755102,applicable
ilinet,NFGA-LINEAR,True,66,injected_5pct,3.0,0.41426309372083975,0.0898884252142647,0.0729292388386562,52,results/stage6_nfga/predictions/ilinet_nfga-linear_seed_66_injected_5pct.csv,3,11,38,0,3,14,0.21428571428571427,1.0,0.35294117647058826,0.7755102040816326,0.22448979591836735,0.8877551020408163,applicable
ilinet,NFGA-LINEAR,True,66,injected_5pct,3.5,0.46832553847193553,0.0898884252142647,0.0729292388386562,52,results/stage6_nfga/predictions/ilinet_nfga-linear_seed_66_injected_5pct.csv,3,10,39,0,3,13,0.23076923076923078,1.0,0.375,0.7959183673469388,0.20408163265306123,0.8979591836734694,applicable
ilinet,NFGA-LINEAR,True,66,injected_5pct,4.0,0.5223879832230314,0.0898884252142647,0.0729292388386562,52,results/stage6_nfga/predictions/ilinet_nfga-linear_seed_66_injected_5pct.csv,3,10,39,0,3,13,0.23076923076923078,1.0,0.375,0.7959183673469388,0.20408163265306123,0.8979591836734694,applicable
ilinet,NFGA-LINEAR,True,66,injected_5pct,4.5,0.5764504279741272,0.0898884252142647,0.0729292388386562,52,results/stage6_nfga/predictions/ilinet_nfga-linear_seed_66_injected_5pct.csv,3,9,40,0,3,12,0.25,1.0,0.4,0.8163265306122449,0.1836734693877551,0.9081632653061225,applicable
ilinet,NFGA-LINEAR,True,66,injected_5pct,5.0,0.6305128727252229,0.0898884252142647,0.0729292388386562,52,results/stage6_nfga/predictions/ilinet_nfga-linear_seed_66_injected_5pct.csv,3,9,40,0,3,12,0.25,1.0,0.4,0.8163265306122449,0.1836734693877551,0.9081632653061225,applicable
ilinet,NFGA-LINEAR,True,77,injected_5pct,2.0,0.306138204218648,0.0898884252142647,0.0729292388386562,52,results/stage6_nfga/predictions/ilinet_nfga-linear_seed_77_injected_5pct.csv,3,17,32,0,3,20,0.15,1.0,0.2608695652173913,0.6530612244897959,0.3469387755102041,0.8265306122448979,applicable
ilinet,NFGA-LINEAR,True,77,injected_5pct,2.5,0.36020064896974385,0.0898884252142647,0.0729292388386562,52,results/stage6_nfga/predictions/ilinet_nfga-linear_seed_77_injected_5pct.csv,3,15,34,0,3,18,0.16666666666666666,1.0,0.2857142857142857,0.6938775510204082,0.30612244897959184,0.846938775510204,applicable
ilinet,NFGA-LINEAR,True,77,injected_5pct,3.0,0.41426309372083975,0.0898884252142647,0.0729292388386562,52,results/stage6_nfga/predictions/ilinet_nfga-linear_seed_77_injected_5pct.csv,3,12,37,0,3,15,0.2,1.0,0.3333333333333333,0.7551020408163265,0.24489795918367346,0.8775510204081632,applicable
ilinet,NFGA-LINEAR,True,77,injected_5pct,3.5,0.46832553847193553,0.0898884252142647,0.0729292388386562,52,results/stage6_nfga/predictions/ilinet_nfga-linear_seed_77_injected_5pct.csv,3,12,37,0,3,15,0.2,1.0,0.3333333333333333,0.7551020408163265,0.24489795918367346,0.8775510204081632,applicable
ilinet,NFGA-LINEAR,True,77,injected_5pct,4.0,0.5223879832230314,0.0898884252142647,0.0729292388386562,52,results/stage6_nfga/predictions/ilinet_nfga-linear_seed_77_injected_5pct.csv,3,11,38,0,3,14,0.21428571428571427,1.0,0.35294117647058826,0.7755102040816326,0.22448979591836735,0.8877551020408163,applicable
ilinet,NFGA-LINEAR,True,77,injected_5pct,4.5,0.5764504279741272,0.0898884252142647,0.0729292388386562,52,results/stage6_nfga/predictions/ilinet_nfga-linear_seed_77_injected_5pct.csv,3,10,39,0,3,13,0.23076923076923078,1.0,0.375,0.7959183673469388,0.20408163265306123,0.8979591836734694,applicable
ilinet,NFGA-LINEAR,True,77,injected_5pct,5.0,0.6305128727252229,0.0898884252142647,0.0729292388386562,52,results/stage6_nfga/predictions/ilinet_nfga-linear_seed_77_injected_5pct.csv,3,10,39,0,3,13,0.23076923076923078,1.0,0.375,0.7959183673469388,0.20408163265306123,0.8979591836734694,applicable
ilinet,NFGA-LINEAR,True,88,injected_5pct,2.0,0.306138204218648,0.0898884252142647,0.0729292388386562,52,results/stage6_nfga/predictions/ilinet_nfga-linear_seed_88_injected_5pct.csv,3,12,37,0,3,15,0.2,1.0,0.3333333333333333,0.7551020408163265,0.24489795918367346,0.8775510204081632,applicable
ilinet,NFGA-LINEAR,True,88,injected_5pct,2.5,0.36020064896974385,0.0898884252142647,0.0729292388386562,52,results/stage6_nfga/predictions/ilinet_nfga-linear_seed_88_injected_5pct.csv,3,12,37,0,3,15,0.2,1.0,0.3333333333333333,0.7551020408163265,0.24489795918367346,0.8775510204081632,applicable
ilinet,NFGA-LINEAR,True,88,injected_5pct,3.0,0.41426309372083975,0.0898884252142647,0.0729292388386562,52,results/stage6_nfga/predictions/ilinet_nfga-linear_seed_88_injected_5pct.csv,3,11,38,0,3,14,0.21428571428571427,1.0,0.35294117647058826,0.7755102040816326,0.22448979591836735,0.8877551020408163,applicable
ilinet,NFGA-LINEAR,True,88,injected_5pct,3.5,0.46832553847193553,0.0898884252142647,0.0729292388386562,52,results/stage6_nfga/predictions/ilinet_nfga-linear_seed_88_injected_5pct.csv,3,11,38,0,3,14,0.21428571428571427,1.0,0.35294117647058826,0.7755102040816326,0.22448979591836735,0.8877551020408163,applicable
ilinet,NFGA-LINEAR,True,88,injected_5pct,4.0,0.5223879832230314,0.0898884252142647,0.0729292388386562,52,results/stage6_nfga/predictions/ilinet_nfga-linear_seed_88_injected_5pct.csv,3,10,39,0,3,13,0.23076923076923078,1.0,0.375,0.7959183673469388,0.20408163265306123,0.8979591836734694,applicable
ilinet,NFGA-LINEAR,True,88,injected_5pct,4.5,0.5764504279741272,0.0898884252142647,0.0729292388386562,52,results/stage6_nfga/predictions/ilinet_nfga-linear_seed_88_injected_5pct.csv,3,10,39,0,3,13,0.23076923076923078,1.0,0.375,0.7959183673469388,0.20408163265306123,0.8979591836734694,applicable
ilinet,NFGA-LINEAR,True,88,injected_5pct,5.0,0.6305128727252229,0.0898884252142647,0.0729292388386562,52,results/stage6_nfga/predictions/ilinet_nfga-linear_seed_88_injected_5pct.csv,3,10,39,0,3,13,0.23076923076923078,1.0,0.375,0.7959183673469388,0.20408163265306123,0.8979591836734694,applicable
ilinet,NFGA-LINEAR,True,99,injected_5pct,2.0,0.306138204218648,0.0898884252142647,0.0729292388386562,52,results/stage6_nfga/predictions/ilinet_nfga-linear_seed_99_injected_5pct.csv,3,19,30,0,3,22,0.13636363636363635,1.0,0.24,0.6122448979591837,0.3877551020408163,0.8061224489795918,applicable
ilinet,NFGA-LINEAR,True,99,injected_5pct,2.5,0.36020064896974385,0.0898884252142647,0.0729292388386562,52,results/stage6_nfga/predictions/ilinet_nfga-linear_seed_99_injected_5pct.csv,3,15,34,0,3,18,0.16666666666666666,1.0,0.2857142857142857,0.6938775510204082,0.30612244897959184,0.846938775510204,applicable
ilinet,NFGA-LINEAR,True,99,injected_5pct,3.0,0.41426309372083975,0.0898884252142647,0.0729292388386562,52,results/stage6_nfga/predictions/ilinet_nfga-linear_seed_99_injected_5pct.csv,3,11,38,0,3,14,0.21428571428571427,1.0,0.35294117647058826,0.7755102040816326,0.22448979591836735,0.8877551020408163,applicable
ilinet,NFGA-LINEAR,True,99,injected_5pct,3.5,0.46832553847193553,0.0898884252142647,0.0729292388386562,52,results/stage6_nfga/predictions/ilinet_nfga-linear_seed_99_injected_5pct.csv,3,10,39,0,3,13,0.23076923076923078,1.0,0.375,0.7959183673469388,0.20408163265306123,0.8979591836734694,applicable
ilinet,NFGA-LINEAR,True,99,injected_5pct,4.0,0.5223879832230314,0.0898884252142647,0.0729292388386562,52,results/stage6_nfga/predictions/ilinet_nfga-linear_seed_99_injected_5pct.csv,3,9,40,0,3,12,0.25,1.0,0.4,0.8163265306122449,0.1836734693877551,0.9081632653061225,applicable
ilinet,NFGA-LINEAR,True,99,injected_5pct,4.5,0.5764504279741272,0.0898884252142647,0.0729292388386562,52,results/stage6_nfga/predictions/ilinet_nfga-linear_seed_99_injected_5pct.csv,3,9,40,0,3,12,0.25,1.0,0.4,0.8163265306122449,0.1836734693877551,0.9081632653061225,applicable
ilinet,NFGA-LINEAR,True,99,injected_5pct,5.0,0.6305128727252229,0.0898884252142647,0.0729292388386562,52,results/stage6_nfga/predictions/ilinet_nfga-linear_seed_99_injected_5pct.csv,3,9,40,0,3,12,0.25,1.0,0.4,0.8163265306122449,0.1836734693877551,0.9081632653061225,applicable
ilinet,NFGA-LINEAR,True,110,injected_10pct,2.0,0.306138204218648,0.0898884252142647,0.0729292388386562,52,results/stage6_nfga/predictions/ilinet_nfga-linear_seed_110_injected_10pct.csv,5,11,36,0,5,16,0.3125,1.0,0.47619047619047616,0.7659574468085106,0.23404255319148937,0.8829787234042553,applicable
ilinet,NFGA-LINEAR,True,110,injected_10pct,2.5,0.36020064896974385,0.0898884252142647,0.0729292388386562,52,results/stage6_nfga/predictions/ilinet_nfga-linear_seed_110_injected_10pct.csv,5,11,36,0,5,16,0.3125,1.0,0.47619047619047616,0.7659574468085106,0.23404255319148937,0.8829787234042553,applicable
ilinet,NFGA-LINEAR,True,110,injected_10pct,3.0,0.41426309372083975,0.0898884252142647,0.0729292388386562,52,results/stage6_nfga/predictions/ilinet_nfga-linear_seed_110_injected_10pct.csv,5,11,36,0,5,16,0.3125,1.0,0.47619047619047616,0.7659574468085106,0.23404255319148937,0.8829787234042553,applicable
ilinet,NFGA-LINEAR,True,110,injected_10pct,3.5,0.46832553847193553,0.0898884252142647,0.0729292388386562,52,results/stage6_nfga/predictions/ilinet_nfga-linear_seed_110_injected_10pct.csv,5,8,39,0,5,13,0.38461538461538464,1.0,0.5555555555555556,0.8297872340425532,0.1702127659574468,0.9148936170212766,applicable
ilinet,NFGA-LINEAR,True,110,injected_10pct,4.0,0.5223879832230314,0.0898884252142647,0.0729292388386562,52,results/stage6_nfga/predictions/ilinet_nfga-linear_seed_110_injected_10pct.csv,4,8,39,1,5,12,0.3333333333333333,0.8,0.47058823529411764,0.8297872340425532,0.1702127659574468,0.8148936170212766,applicable
ilinet,NFGA-LINEAR,True,110,injected_10pct,4.5,0.5764504279741272,0.0898884252142647,0.0729292388386562,52,results/stage6_nfga/predictions/ilinet_nfga-linear_seed_110_injected_10pct.csv,4,8,39,1,5,12,0.3333333333333333,0.8,0.47058823529411764,0.8297872340425532,0.1702127659574468,0.8148936170212766,applicable
ilinet,NFGA-LINEAR,True,110,injected_10pct,5.0,0.6305128727252229,0.0898884252142647,0.0729292388386562,52,results/stage6_nfga/predictions/ilinet_nfga-linear_seed_110_injected_10pct.csv,4,7,40,1,5,11,0.36363636363636365,0.8,0.5,0.851063829787234,0.14893617021276595,0.8255319148936171,applicable
ilinet,NFGA-LINEAR,True,11,injected_10pct,2.0,0.306138204218648,0.0898884252142647,0.0729292388386562,52,results/stage6_nfga/predictions/ilinet_nfga-linear_seed_11_injected_10pct.csv,5,10,37,0,5,15,0.3333333333333333,1.0,0.5,0.7872340425531915,0.2127659574468085,0.8936170212765957,applicable
ilinet,NFGA-LINEAR,True,11,injected_10pct,2.5,0.36020064896974385,0.0898884252142647,0.0729292388386562,52,results/stage6_nfga/predictions/ilinet_nfga-linear_seed_11_injected_10pct.csv,5,8,39,0,5,13,0.38461538461538464,1.0,0.5555555555555556,0.8297872340425532,0.1702127659574468,0.9148936170212766,applicable
ilinet,NFGA-LINEAR,True,11,injected_10pct,3.0,0.41426309372083975,0.0898884252142647,0.0729292388386562,52,results/stage6_nfga/predictions/ilinet_nfga-linear_seed_11_injected_10pct.csv,5,8,39,0,5,13,0.38461538461538464,1.0,0.5555555555555556,0.8297872340425532,0.1702127659574468,0.9148936170212766,applicable
ilinet,NFGA-LINEAR,True,11,injected_10pct,3.5,0.46832553847193553,0.0898884252142647,0.0729292388386562,52,results/stage6_nfga/predictions/ilinet_nfga-linear_seed_11_injected_10pct.csv,5,7,40,0,5,12,0.4166666666666667,1.0,0.5882352941176471,0.851063829787234,0.14893617021276595,0.925531914893617,applicable
ilinet,NFGA-LINEAR,True,11,injected_10pct,4.0,0.5223879832230314,0.0898884252142647,0.0729292388386562,52,results/stage6_nfga/predictions/ilinet_nfga-linear_seed_11_injected_10pct.csv,5,7,40,0,5,12,0.4166666666666667,1.0,0.5882352941176471,0.851063829787234,0.14893617021276595,0.925531914893617,applicable
ilinet,NFGA-LINEAR,True,11,injected_10pct,4.5,0.5764504279741272,0.0898884252142647,0.0729292388386562,52,results/stage6_nfga/predictions/ilinet_nfga-linear_seed_11_injected_10pct.csv,4,6,41,1,5,10,0.4,0.8,0.5333333333333333,0.8723404255319149,0.1276595744680851,0.8361702127659575,applicable
ilinet,NFGA-LINEAR,True,11,injected_10pct,5.0,0.6305128727252229,0.0898884252142647,0.0729292388386562,52,results/stage6_nfga/predictions/ilinet_nfga-linear_seed_11_injected_10pct.csv,4,6,41,1,5,10,0.4,0.8,0.5333333333333333,0.8723404255319149,0.1276595744680851,0.8361702127659575,applicable
ilinet,NFGA-LINEAR,True,22,injected_10pct,2.0,0.306138204218648,0.0898884252142647,0.0729292388386562,52,results/stage6_nfga/predictions/ilinet_nfga-linear_seed_22_injected_10pct.csv,5,11,36,0,5,16,0.3125,1.0,0.47619047619047616,0.7659574468085106,0.23404255319148937,0.8829787234042553,applicable
ilinet,NFGA-LINEAR,True,22,injected_10pct,2.5,0.36020064896974385,0.0898884252142647,0.0729292388386562,52,results/stage6_nfga/predictions/ilinet_nfga-linear_seed_22_injected_10pct.csv,5,8,39,0,5,13,0.38461538461538464,1.0,0.5555555555555556,0.8297872340425532,0.1702127659574468,0.9148936170212766,applicable
ilinet,NFGA-LINEAR,True,22,injected_10pct,3.0,0.41426309372083975,0.0898884252142647,0.0729292388386562,52,results/stage6_nfga/predictions/ilinet_nfga-linear_seed_22_injected_10pct.csv,5,7,40,0,5,12,0.4166666666666667,1.0,0.5882352941176471,0.851063829787234,0.14893617021276595,0.925531914893617,applicable
ilinet,NFGA-LINEAR,True,22,injected_10pct,3.5,0.46832553847193553,0.0898884252142647,0.0729292388386562,52,results/stage6_nfga/predictions/ilinet_nfga-linear_seed_22_injected_10pct.csv,5,7,40,0,5,12,0.4166666666666667,1.0,0.5882352941176471,0.851063829787234,0.14893617021276595,0.925531914893617,applicable
ilinet,NFGA-LINEAR,True,22,injected_10pct,4.0,0.5223879832230314,0.0898884252142647,0.0729292388386562,52,results/stage6_nfga/predictions/ilinet_nfga-linear_seed_22_injected_10pct.csv,5,6,41,0,5,11,0.45454545454545453,1.0,0.625,0.8723404255319149,0.1276595744680851,0.9361702127659575,applicable
ilinet,NFGA-LINEAR,True,22,injected_10pct,4.5,0.5764504279741272,0.0898884252142647,0.0729292388386562,52,results/stage6_nfga/predictions/ilinet_nfga-linear_seed_22_injected_10pct.csv,4,6,41,1,5,10,0.4,0.8,0.5333333333333333,0.8723404255319149,0.1276595744680851,0.8361702127659575,applicable
ilinet,NFGA-LINEAR,True,22,injected_10pct,5.0,0.6305128727252229,0.0898884252142647,0.0729292388386562,52,results/stage6_nfga/predictions/ilinet_nfga-linear_seed_22_injected_10pct.csv,4,6,41,1,5,10,0.4,0.8,0.5333333333333333,0.8723404255319149,0.1276595744680851,0.8361702127659575,applicable
ilinet,NFGA-LINEAR,True,33,injected_10pct,2.0,0.306138204218648,0.0898884252142647,0.0729292388386562,52,results/stage6_nfga/predictions/ilinet_nfga-linear_seed_33_injected_10pct.csv,5,12,35,0,5,17,0.29411764705882354,1.0,0.45454545454545453,0.7446808510638298,0.2553191489361702,0.8723404255319149,applicable
ilinet,NFGA-LINEAR,True,33,injected_10pct,2.5,0.36020064896974385,0.0898884252142647,0.0729292388386562,52,results/stage6_nfga/predictions/ilinet_nfga-linear_seed_33_injected_10pct.csv,5,10,37,0,5,15,0.3333333333333333,1.0,0.5,0.7872340425531915,0.2127659574468085,0.8936170212765957,applicable
ilinet,NFGA-LINEAR,True,33,injected_10pct,3.0,0.41426309372083975,0.0898884252142647,0.0729292388386562,52,results/stage6_nfga/predictions/ilinet_nfga-linear_seed_33_injected_10pct.csv,5,9,38,0,5,14,0.35714285714285715,1.0,0.5263157894736842,0.8085106382978723,0.19148936170212766,0.9042553191489362,applicable
ilinet,NFGA-LINEAR,True,33,injected_10pct,3.5,0.46832553847193553,0.0898884252142647,0.0729292388386562,52,results/stage6_nfga/predictions/ilinet_nfga-linear_seed_33_injected_10pct.csv,5,7,40,0,5,12,0.4166666666666667,1.0,0.5882352941176471,0.851063829787234,0.14893617021276595,0.925531914893617,applicable
ilinet,NFGA-LINEAR,True,33,injected_10pct,4.0,0.5223879832230314,0.0898884252142647,0.0729292388386562,52,results/stage6_nfga/predictions/ilinet_nfga-linear_seed_33_injected_10pct.csv,5,7,40,0,5,12,0.4166666666666667,1.0,0.5882352941176471,0.851063829787234,0.14893617021276595,0.925531914893617,applicable
ilinet,NFGA-LINEAR,True,33,injected_10pct,4.5,0.5764504279741272,0.0898884252142647,0.0729292388386562,52,results/stage6_nfga/predictions/ilinet_nfga-linear_seed_33_injected_10pct.csv,5,5,42,0,5,10,0.5,1.0,0.6666666666666666,0.8936170212765957,0.10638297872340426,0.9468085106382979,applicable
ilinet,NFGA-LINEAR,True,33,injected_10pct,5.0,0.6305128727252229,0.0898884252142647,0.0729292388386562,52,results/stage6_nfga/predictions/ilinet_nfga-linear_seed_33_injected_10pct.csv,5,5,42,0,5,10,0.5,1.0,0.6666666666666666,0.8936170212765957,0.10638297872340426,0.9468085106382979,applicable
ilinet,NFGA-LINEAR,True,44,injected_10pct,2.0,0.306138204218648,0.0898884252142647,0.0729292388386562,52,results/stage6_nfga/predictions/ilinet_nfga-linear_seed_44_injected_10pct.csv,5,9,38,0,5,14,0.35714285714285715,1.0,0.5263157894736842,0.8085106382978723,0.19148936170212766,0.9042553191489362,applicable
ilinet,NFGA-LINEAR,True,44,injected_10pct,2.5,0.36020064896974385,0.0898884252142647,0.0729292388386562,52,results/stage6_nfga/predictions/ilinet_nfga-linear_seed_44_injected_10pct.csv,5,8,39,0,5,13,0.38461538461538464,1.0,0.5555555555555556,0.8297872340425532,0.1702127659574468,0.9148936170212766,applicable
ilinet,NFGA-LINEAR,True,44,injected_10pct,3.0,0.41426309372083975,0.0898884252142647,0.0729292388386562,52,results/stage6_nfga/predictions/ilinet_nfga-linear_seed_44_injected_10pct.csv,5,8,39,0,5,13,0.38461538461538464,1.0,0.5555555555555556,0.8297872340425532,0.1702127659574468,0.9148936170212766,applicable
ilinet,NFGA-LINEAR,True,44,injected_10pct,3.5,0.46832553847193553,0.0898884252142647,0.0729292388386562,52,results/stage6_nfga/predictions/ilinet_nfga-linear_seed_44_injected_10pct.csv,5,8,39,0,5,13,0.38461538461538464,1.0,0.5555555555555556,0.8297872340425532,0.1702127659574468,0.9148936170212766,applicable
ilinet,NFGA-LINEAR,True,44,injected_10pct,4.0,0.5223879832230314,0.0898884252142647,0.0729292388386562,52,results/stage6_nfga/predictions/ilinet_nfga-linear_seed_44_injected_10pct.csv,4,8,39,1,5,12,0.3333333333333333,0.8,0.47058823529411764,0.8297872340425532,0.1702127659574468,0.8148936170212766,applicable
ilinet,NFGA-LINEAR,True,44,injected_10pct,4.5,0.5764504279741272,0.0898884252142647,0.0729292388386562,52,results/stage6_nfga/predictions/ilinet_nfga-linear_seed_44_injected_10pct.csv,4,8,39,1,5,12,0.3333333333333333,0.8,0.47058823529411764,0.8297872340425532,0.1702127659574468,0.8148936170212766,applicable
ilinet,NFGA-LINEAR,True,44,injected_10pct,5.0,0.6305128727252229,0.0898884252142647,0.0729292388386562,52,results/stage6_nfga/predictions/ilinet_nfga-linear_seed_44_injected_10pct.csv,4,7,40,1,5,11,0.36363636363636365,0.8,0.5,0.851063829787234,0.14893617021276595,0.8255319148936171,applicable
ilinet,NFGA-LINEAR,True,55,injected_10pct,2.0,0.306138204218648,0.0898884252142647,0.0729292388386562,52,results/stage6_nfga/predictions/ilinet_nfga-linear_seed_55_injected_10pct.csv,5,13,34,0,5,18,0.2777777777777778,1.0,0.43478260869565216,0.723404255319149,0.2765957446808511,0.8617021276595744,applicable
ilinet,NFGA-LINEAR,True,55,injected_10pct,2.5,0.36020064896974385,0.0898884252142647,0.0729292388386562,52,results/stage6_nfga/predictions/ilinet_nfga-linear_seed_55_injected_10pct.csv,5,11,36,0,5,16,0.3125,1.0,0.47619047619047616,0.7659574468085106,0.23404255319148937,0.8829787234042553,applicable
ilinet,NFGA-LINEAR,True,55,injected_10pct,3.0,0.41426309372083975,0.0898884252142647,0.0729292388386562,52,results/stage6_nfga/predictions/ilinet_nfga-linear_seed_55_injected_10pct.csv,5,8,39,0,5,13,0.38461538461538464,1.0,0.5555555555555556,0.8297872340425532,0.1702127659574468,0.9148936170212766,applicable
ilinet,NFGA-LINEAR,True,55,injected_10pct,3.5,0.46832553847193553,0.0898884252142647,0.0729292388386562,52,results/stage6_nfga/predictions/ilinet_nfga-linear_seed_55_injected_10pct.csv,5,7,40,0,5,12,0.4166666666666667,1.0,0.5882352941176471,0.851063829787234,0.14893617021276595,0.925531914893617,applicable
ilinet,NFGA-LINEAR,True,55,injected_10pct,4.0,0.5223879832230314,0.0898884252142647,0.0729292388386562,52,results/stage6_nfga/predictions/ilinet_nfga-linear_seed_55_injected_10pct.csv,5,7,40,0,5,12,0.4166666666666667,1.0,0.5882352941176471,0.851063829787234,0.14893617021276595,0.925531914893617,applicable
ilinet,NFGA-LINEAR,True,55,injected_10pct,4.5,0.5764504279741272,0.0898884252142647,0.0729292388386562,52,results/stage6_nfga/predictions/ilinet_nfga-linear_seed_55_injected_10pct.csv,4,6,41,1,5,10,0.4,0.8,0.5333333333333333,0.8723404255319149,0.1276595744680851,0.8361702127659575,applicable
ilinet,NFGA-LINEAR,True,55,injected_10pct,5.0,0.6305128727252229,0.0898884252142647,0.0729292388386562,52,results/stage6_nfga/predictions/ilinet_nfga-linear_seed_55_injected_10pct.csv,4,6,41,1,5,10,0.4,0.8,0.5333333333333333,0.8723404255319149,0.1276595744680851,0.8361702127659575,applicable
ilinet,NFGA-LINEAR,True,66,injected_10pct,2.0,0.306138204218648,0.0898884252142647,0.0729292388386562,52,results/stage6_nfga/predictions/ilinet_nfga-linear_seed_66_injected_10pct.csv,5,15,32,0,5,20,0.25,1.0,0.4,0.6808510638297872,0.3191489361702128,0.8404255319148937,applicable
ilinet,NFGA-LINEAR,True,66,injected_10pct,2.5,0.36020064896974385,0.0898884252142647,0.0729292388386562,52,results/stage6_nfga/predictions/ilinet_nfga-linear_seed_66_injected_10pct.csv,5,10,37,0,5,15,0.3333333333333333,1.0,0.5,0.7872340425531915,0.2127659574468085,0.8936170212765957,applicable
ilinet,NFGA-LINEAR,True,66,injected_10pct,3.0,0.41426309372083975,0.0898884252142647,0.0729292388386562,52,results/stage6_nfga/predictions/ilinet_nfga-linear_seed_66_injected_10pct.csv,5,8,39,0,5,13,0.38461538461538464,1.0,0.5555555555555556,0.8297872340425532,0.1702127659574468,0.9148936170212766,applicable
ilinet,NFGA-LINEAR,True,66,injected_10pct,3.5,0.46832553847193553,0.0898884252142647,0.0729292388386562,52,results/stage6_nfga/predictions/ilinet_nfga-linear_seed_66_injected_10pct.csv,5,6,41,0,5,11,0.45454545454545453,1.0,0.625,0.8723404255319149,0.1276595744680851,0.9361702127659575,applicable
ilinet,NFGA-LINEAR,True,66,injected_10pct,4.0,0.5223879832230314,0.0898884252142647,0.0729292388386562,52,results/stage6_nfga/predictions/ilinet_nfga-linear_seed_66_injected_10pct.csv,5,6,41,0,5,11,0.45454545454545453,1.0,0.625,0.8723404255319149,0.1276595744680851,0.9361702127659575,applicable
ilinet,NFGA-LINEAR,True,66,injected_10pct,4.5,0.5764504279741272,0.0898884252142647,0.0729292388386562,52,results/stage6_nfga/predictions/ilinet_nfga-linear_seed_66_injected_10pct.csv,5,6,41,0,5,11,0.45454545454545453,1.0,0.625,0.8723404255319149,0.1276595744680851,0.9361702127659575,applicable
ilinet,NFGA-LINEAR,True,66,injected_10pct,5.0,0.6305128727252229,0.0898884252142647,0.0729292388386562,52,results/stage6_nfga/predictions/ilinet_nfga-linear_seed_66_injected_10pct.csv,4,6,41,1,5,10,0.4,0.8,0.5333333333333333,0.8723404255319149,0.1276595744680851,0.8361702127659575,applicable
ilinet,NFGA-LINEAR,True,77,injected_10pct,2.0,0.306138204218648,0.0898884252142647,0.0729292388386562,52,results/stage6_nfga/predictions/ilinet_nfga-linear_seed_77_injected_10pct.csv,5,15,32,0,5,20,0.25,1.0,0.4,0.6808510638297872,0.3191489361702128,0.8404255319148937,applicable
ilinet,NFGA-LINEAR,True,77,injected_10pct,2.5,0.36020064896974385,0.0898884252142647,0.0729292388386562,52,results/stage6_nfga/predictions/ilinet_nfga-linear_seed_77_injected_10pct.csv,4,12,35,1,5,16,0.25,0.8,0.38095238095238093,0.7446808510638298,0.2553191489361702,0.7723404255319148,applicable
ilinet,NFGA-LINEAR,True,77,injected_10pct,3.0,0.41426309372083975,0.0898884252142647,0.0729292388386562,52,results/stage6_nfga/predictions/ilinet_nfga-linear_seed_77_injected_10pct.csv,4,10,37,1,5,14,0.2857142857142857,0.8,0.42105263157894735,0.7872340425531915,0.2127659574468085,0.7936170212765958,applicable
ilinet,NFGA-LINEAR,True,77,injected_10pct,3.5,0.46832553847193553,0.0898884252142647,0.0729292388386562,52,results/stage6_nfga/predictions/ilinet_nfga-linear_seed_77_injected_10pct.csv,4,7,40,1,5,11,0.36363636363636365,0.8,0.5,0.851063829787234,0.14893617021276595,0.8255319148936171,applicable
ilinet,NFGA-LINEAR,True,77,injected_10pct,4.0,0.5223879832230314,0.0898884252142647,0.0729292388386562,52,results/stage6_nfga/predictions/ilinet_nfga-linear_seed_77_injected_10pct.csv,4,6,41,1,5,10,0.4,0.8,0.5333333333333333,0.8723404255319149,0.1276595744680851,0.8361702127659575,applicable
ilinet,NFGA-LINEAR,True,77,injected_10pct,4.5,0.5764504279741272,0.0898884252142647,0.0729292388386562,52,results/stage6_nfga/predictions/ilinet_nfga-linear_seed_77_injected_10pct.csv,4,6,41,1,5,10,0.4,0.8,0.5333333333333333,0.8723404255319149,0.1276595744680851,0.8361702127659575,applicable
ilinet,NFGA-LINEAR,True,77,injected_10pct,5.0,0.6305128727252229,0.0898884252142647,0.0729292388386562,52,results/stage6_nfga/predictions/ilinet_nfga-linear_seed_77_injected_10pct.csv,4,6,41,1,5,10,0.4,0.8,0.5333333333333333,0.8723404255319149,0.1276595744680851,0.8361702127659575,applicable
ilinet,NFGA-LINEAR,True,88,injected_10pct,2.0,0.306138204218648,0.0898884252142647,0.0729292388386562,52,results/stage6_nfga/predictions/ilinet_nfga-linear_seed_88_injected_10pct.csv,5,9,38,0,5,14,0.35714285714285715,1.0,0.5263157894736842,0.8085106382978723,0.19148936170212766,0.9042553191489362,applicable
ilinet,NFGA-LINEAR,True,88,injected_10pct,2.5,0.36020064896974385,0.0898884252142647,0.0729292388386562,52,results/stage6_nfga/predictions/ilinet_nfga-linear_seed_88_injected_10pct.csv,5,8,39,0,5,13,0.38461538461538464,1.0,0.5555555555555556,0.8297872340425532,0.1702127659574468,0.9148936170212766,applicable
ilinet,NFGA-LINEAR,True,88,injected_10pct,3.0,0.41426309372083975,0.0898884252142647,0.0729292388386562,52,results/stage6_nfga/predictions/ilinet_nfga-linear_seed_88_injected_10pct.csv,5,7,40,0,5,12,0.4166666666666667,1.0,0.5882352941176471,0.851063829787234,0.14893617021276595,0.925531914893617,applicable
ilinet,NFGA-LINEAR,True,88,injected_10pct,3.5,0.46832553847193553,0.0898884252142647,0.0729292388386562,52,results/stage6_nfga/predictions/ilinet_nfga-linear_seed_88_injected_10pct.csv,5,6,41,0,5,11,0.45454545454545453,1.0,0.625,0.8723404255319149,0.1276595744680851,0.9361702127659575,applicable
ilinet,NFGA-LINEAR,True,88,injected_10pct,4.0,0.5223879832230314,0.0898884252142647,0.0729292388386562,52,results/stage6_nfga/predictions/ilinet_nfga-linear_seed_88_injected_10pct.csv,5,6,41,0,5,11,0.45454545454545453,1.0,0.625,0.8723404255319149,0.1276595744680851,0.9361702127659575,applicable
ilinet,NFGA-LINEAR,True,88,injected_10pct,4.5,0.5764504279741272,0.0898884252142647,0.0729292388386562,52,results/stage6_nfga/predictions/ilinet_nfga-linear_seed_88_injected_10pct.csv,5,6,41,0,5,11,0.45454545454545453,1.0,0.625,0.8723404255319149,0.1276595744680851,0.9361702127659575,applicable
ilinet,NFGA-LINEAR,True,88,injected_10pct,5.0,0.6305128727252229,0.0898884252142647,0.0729292388386562,52,results/stage6_nfga/predictions/ilinet_nfga-linear_seed_88_injected_10pct.csv,4,6,41,1,5,10,0.4,0.8,0.5333333333333333,0.8723404255319149,0.1276595744680851,0.8361702127659575,applicable
ilinet,NFGA-LINEAR,True,99,injected_10pct,2.0,0.306138204218648,0.0898884252142647,0.0729292388386562,52,results/stage6_nfga/predictions/ilinet_nfga-linear_seed_99_injected_10pct.csv,5,13,34,0,5,18,0.2777777777777778,1.0,0.43478260869565216,0.723404255319149,0.2765957446808511,0.8617021276595744,applicable
ilinet,NFGA-LINEAR,True,99,injected_10pct,2.5,0.36020064896974385,0.0898884252142647,0.0729292388386562,52,results/stage6_nfga/predictions/ilinet_nfga-linear_seed_99_injected_10pct.csv,5,11,36,0,5,16,0.3125,1.0,0.47619047619047616,0.7659574468085106,0.23404255319148937,0.8829787234042553,applicable
ilinet,NFGA-LINEAR,True,99,injected_10pct,3.0,0.41426309372083975,0.0898884252142647,0.0729292388386562,52,results/stage6_nfga/predictions/ilinet_nfga-linear_seed_99_injected_10pct.csv,5,10,37,0,5,15,0.3333333333333333,1.0,0.5,0.7872340425531915,0.2127659574468085,0.8936170212765957,applicable
ilinet,NFGA-LINEAR,True,99,injected_10pct,3.5,0.46832553847193553,0.0898884252142647,0.0729292388386562,52,results/stage6_nfga/predictions/ilinet_nfga-linear_seed_99_injected_10pct.csv,5,9,38,0,5,14,0.35714285714285715,1.0,0.5263157894736842,0.8085106382978723,0.19148936170212766,0.9042553191489362,applicable
ilinet,NFGA-LINEAR,True,99,injected_10pct,4.0,0.5223879832230314,0.0898884252142647,0.0729292388386562,52,results/stage6_nfga/predictions/ilinet_nfga-linear_seed_99_injected_10pct.csv,5,9,38,0,5,14,0.35714285714285715,1.0,0.5263157894736842,0.8085106382978723,0.19148936170212766,0.9042553191489362,applicable
ilinet,NFGA-LINEAR,True,99,injected_10pct,4.5,0.5764504279741272,0.0898884252142647,0.0729292388386562,52,results/stage6_nfga/predictions/ilinet_nfga-linear_seed_99_injected_10pct.csv,4,8,39,1,5,12,0.3333333333333333,0.8,0.47058823529411764,0.8297872340425532,0.1702127659574468,0.8148936170212766,applicable
ilinet,NFGA-LINEAR,True,99,injected_10pct,5.0,0.6305128727252229,0.0898884252142647,0.0729292388386562,52,results/stage6_nfga/predictions/ilinet_nfga-linear_seed_99_injected_10pct.csv,4,6,41,1,5,10,0.4,0.8,0.5333333333333333,0.8723404255319149,0.1276595744680851,0.8361702127659575,applicable
ilinet,NFGA-LINEAR,True,110,proxy_robust_z,2.0,0.306138204218648,0.0898884252142647,0.0729292388386562,52,results/stage6_nfga/predictions/ilinet_nfga-linear_seed_110_proxy_robust_z.csv,10,0,41,1,11,10,1.0,0.9090909090909091,0.9523809523809523,1.0,0.0,0.9545454545454546,applicable
ilinet,NFGA-LINEAR,True,110,proxy_robust_z,2.5,0.36020064896974385,0.0898884252142647,0.0729292388386562,52,results/stage6_nfga/predictions/ilinet_nfga-linear_seed_110_proxy_robust_z.csv,9,0,41,2,11,9,1.0,0.8181818181818182,0.9,1.0,0.0,0.9090909090909092,applicable
ilinet,NFGA-LINEAR,True,110,proxy_robust_z,3.0,0.41426309372083975,0.0898884252142647,0.0729292388386562,52,results/stage6_nfga/predictions/ilinet_nfga-linear_seed_110_proxy_robust_z.csv,9,0,41,2,11,9,1.0,0.8181818181818182,0.9,1.0,0.0,0.9090909090909092,applicable
ilinet,NFGA-LINEAR,True,110,proxy_robust_z,3.5,0.46832553847193553,0.0898884252142647,0.0729292388386562,52,results/stage6_nfga/predictions/ilinet_nfga-linear_seed_110_proxy_robust_z.csv,6,0,41,5,11,6,1.0,0.5454545454545454,0.7058823529411765,1.0,0.0,0.7727272727272727,applicable
ilinet,NFGA-LINEAR,True,110,proxy_robust_z,4.0,0.5223879832230314,0.0898884252142647,0.0729292388386562,52,results/stage6_nfga/predictions/ilinet_nfga-linear_seed_110_proxy_robust_z.csv,6,0,41,5,11,6,1.0,0.5454545454545454,0.7058823529411765,1.0,0.0,0.7727272727272727,applicable
ilinet,NFGA-LINEAR,True,110,proxy_robust_z,4.5,0.5764504279741272,0.0898884252142647,0.0729292388386562,52,results/stage6_nfga/predictions/ilinet_nfga-linear_seed_110_proxy_robust_z.csv,6,0,41,5,11,6,1.0,0.5454545454545454,0.7058823529411765,1.0,0.0,0.7727272727272727,applicable
ilinet,NFGA-LINEAR,True,110,proxy_robust_z,5.0,0.6305128727252229,0.0898884252142647,0.0729292388386562,52,results/stage6_nfga/predictions/ilinet_nfga-linear_seed_110_proxy_robust_z.csv,6,0,41,5,11,6,1.0,0.5454545454545454,0.7058823529411765,1.0,0.0,0.7727272727272727,applicable
ilinet,NFGA-LINEAR,True,11,proxy_robust_z,2.0,0.306138204218648,0.0898884252142647,0.0729292388386562,52,results/stage6_nfga/predictions/ilinet_nfga-linear_seed_11_proxy_robust_z.csv,10,1,40,1,11,11,0.9090909090909091,0.9090909090909091,0.9090909090909091,0.975609756097561,0.024390243902439025,0.9423503325942351,applicable
ilinet,NFGA-LINEAR,True,11,proxy_robust_z,2.5,0.36020064896974385,0.0898884252142647,0.0729292388386562,52,results/stage6_nfga/predictions/ilinet_nfga-linear_seed_11_proxy_robust_z.csv,8,0,41,3,11,8,1.0,0.7272727272727273,0.8421052631578947,1.0,0.0,0.8636363636363636,applicable
ilinet,NFGA-LINEAR,True,11,proxy_robust_z,3.0,0.41426309372083975,0.0898884252142647,0.0729292388386562,52,results/stage6_nfga/predictions/ilinet_nfga-linear_seed_11_proxy_robust_z.csv,8,0,41,3,11,8,1.0,0.7272727272727273,0.8421052631578947,1.0,0.0,0.8636363636363636,applicable
ilinet,NFGA-LINEAR,True,11,proxy_robust_z,3.5,0.46832553847193553,0.0898884252142647,0.0729292388386562,52,results/stage6_nfga/predictions/ilinet_nfga-linear_seed_11_proxy_robust_z.csv,8,0,41,3,11,8,1.0,0.7272727272727273,0.8421052631578947,1.0,0.0,0.8636363636363636,applicable
ilinet,NFGA-LINEAR,True,11,proxy_robust_z,4.0,0.5223879832230314,0.0898884252142647,0.0729292388386562,52,results/stage6_nfga/predictions/ilinet_nfga-linear_seed_11_proxy_robust_z.csv,7,0,41,4,11,7,1.0,0.6363636363636364,0.7777777777777778,1.0,0.0,0.8181818181818181,applicable
ilinet,NFGA-LINEAR,True,11,proxy_robust_z,4.5,0.5764504279741272,0.0898884252142647,0.0729292388386562,52,results/stage6_nfga/predictions/ilinet_nfga-linear_seed_11_proxy_robust_z.csv,6,0,41,5,11,6,1.0,0.5454545454545454,0.7058823529411765,1.0,0.0,0.7727272727272727,applicable
ilinet,NFGA-LINEAR,True,11,proxy_robust_z,5.0,0.6305128727252229,0.0898884252142647,0.0729292388386562,52,results/stage6_nfga/predictions/ilinet_nfga-linear_seed_11_proxy_robust_z.csv,6,0,41,5,11,6,1.0,0.5454545454545454,0.7058823529411765,1.0,0.0,0.7727272727272727,applicable
ilinet,NFGA-LINEAR,True,22,proxy_robust_z,2.0,0.306138204218648,0.0898884252142647,0.0729292388386562,52,results/stage6_nfga/predictions/ilinet_nfga-linear_seed_22_proxy_robust_z.csv,8,2,39,3,11,10,0.8,0.7272727272727273,0.7619047619047619,0.9512195121951219,0.04878048780487805,0.8392461197339246,applicable
ilinet,NFGA-LINEAR,True,22,proxy_robust_z,2.5,0.36020064896974385,0.0898884252142647,0.0729292388386562,52,results/stage6_nfga/predictions/ilinet_nfga-linear_seed_22_proxy_robust_z.csv,8,0,41,3,11,8,1.0,0.7272727272727273,0.8421052631578947,1.0,0.0,0.8636363636363636,applicable
ilinet,NFGA-LINEAR,True,22,proxy_robust_z,3.0,0.41426309372083975,0.0898884252142647,0.0729292388386562,52,results/stage6_nfga/predictions/ilinet_nfga-linear_seed_22_proxy_robust_z.csv,8,0,41,3,11,8,1.0,0.7272727272727273,0.8421052631578947,1.0,0.0,0.8636363636363636,applicable
ilinet,NFGA-LINEAR,True,22,proxy_robust_z,3.5,0.46832553847193553,0.0898884252142647,0.0729292388386562,52,results/stage6_nfga/predictions/ilinet_nfga-linear_seed_22_proxy_robust_z.csv,8,0,41,3,11,8,1.0,0.7272727272727273,0.8421052631578947,1.0,0.0,0.8636363636363636,applicable
ilinet,NFGA-LINEAR,True,22,proxy_robust_z,4.0,0.5223879832230314,0.0898884252142647,0.0729292388386562,52,results/stage6_nfga/predictions/ilinet_nfga-linear_seed_22_proxy_robust_z.csv,8,0,41,3,11,8,1.0,0.7272727272727273,0.8421052631578947,1.0,0.0,0.8636363636363636,applicable
ilinet,NFGA-LINEAR,True,22,proxy_robust_z,4.5,0.5764504279741272,0.0898884252142647,0.0729292388386562,52,results/stage6_nfga/predictions/ilinet_nfga-linear_seed_22_proxy_robust_z.csv,8,0,41,3,11,8,1.0,0.7272727272727273,0.8421052631578947,1.0,0.0,0.8636363636363636,applicable
ilinet,NFGA-LINEAR,True,22,proxy_robust_z,5.0,0.6305128727252229,0.0898884252142647,0.0729292388386562,52,results/stage6_nfga/predictions/ilinet_nfga-linear_seed_22_proxy_robust_z.csv,6,0,41,5,11,6,1.0,0.5454545454545454,0.7058823529411765,1.0,0.0,0.7727272727272727,applicable
ilinet,NFGA-LINEAR,True,33,proxy_robust_z,2.0,0.306138204218648,0.0898884252142647,0.0729292388386562,52,results/stage6_nfga/predictions/ilinet_nfga-linear_seed_33_proxy_robust_z.csv,9,3,38,2,11,12,0.75,0.8181818181818182,0.782608695652174,0.926829268292683,0.07317073170731707,0.8725055432372506,applicable
ilinet,NFGA-LINEAR,True,33,proxy_robust_z,2.5,0.36020064896974385,0.0898884252142647,0.0729292388386562,52,results/stage6_nfga/predictions/ilinet_nfga-linear_seed_33_proxy_robust_z.csv,7,0,41,4,11,7,1.0,0.6363636363636364,0.7777777777777778,1.0,0.0,0.8181818181818181,applicable
ilinet,NFGA-LINEAR,True,33,proxy_robust_z,3.0,0.41426309372083975,0.0898884252142647,0.0729292388386562,52,results/stage6_nfga/predictions/ilinet_nfga-linear_seed_33_proxy_robust_z.csv,7,0,41,4,11,7,1.0,0.6363636363636364,0.7777777777777778,1.0,0.0,0.8181818181818181,applicable
ilinet,NFGA-LINEAR,True,33,proxy_robust_z,3.5,0.46832553847193553,0.0898884252142647,0.0729292388386562,52,results/stage6_nfga/predictions/ilinet_nfga-linear_seed_33_proxy_robust_z.csv,7,0,41,4,11,7,1.0,0.6363636363636364,0.7777777777777778,1.0,0.0,0.8181818181818181,applicable
ilinet,NFGA-LINEAR,True,33,proxy_robust_z,4.0,0.5223879832230314,0.0898884252142647,0.0729292388386562,52,results/stage6_nfga/predictions/ilinet_nfga-linear_seed_33_proxy_robust_z.csv,7,0,41,4,11,7,1.0,0.6363636363636364,0.7777777777777778,1.0,0.0,0.8181818181818181,applicable
ilinet,NFGA-LINEAR,True,33,proxy_robust_z,4.5,0.5764504279741272,0.0898884252142647,0.0729292388386562,52,results/stage6_nfga/predictions/ilinet_nfga-linear_seed_33_proxy_robust_z.csv,7,0,41,4,11,7,1.0,0.6363636363636364,0.7777777777777778,1.0,0.0,0.8181818181818181,applicable
ilinet,NFGA-LINEAR,True,33,proxy_robust_z,5.0,0.6305128727252229,0.0898884252142647,0.0729292388386562,52,results/stage6_nfga/predictions/ilinet_nfga-linear_seed_33_proxy_robust_z.csv,7,0,41,4,11,7,1.0,0.6363636363636364,0.7777777777777778,1.0,0.0,0.8181818181818181,applicable
ilinet,NFGA-LINEAR,True,44,proxy_robust_z,2.0,0.306138204218648,0.0898884252142647,0.0729292388386562,52,results/stage6_nfga/predictions/ilinet_nfga-linear_seed_44_proxy_robust_z.csv,11,1,40,0,11,12,0.9166666666666666,1.0,0.9565217391304348,0.975609756097561,0.024390243902439025,0.9878048780487805,applicable
ilinet,NFGA-LINEAR,True,44,proxy_robust_z,2.5,0.36020064896974385,0.0898884252142647,0.0729292388386562,52,results/stage6_nfga/predictions/ilinet_nfga-linear_seed_44_proxy_robust_z.csv,10,0,41,1,11,10,1.0,0.9090909090909091,0.9523809523809523,1.0,0.0,0.9545454545454546,applicable
ilinet,NFGA-LINEAR,True,44,proxy_robust_z,3.0,0.41426309372083975,0.0898884252142647,0.0729292388386562,52,results/stage6_nfga/predictions/ilinet_nfga-linear_seed_44_proxy_robust_z.csv,10,0,41,1,11,10,1.0,0.9090909090909091,0.9523809523809523,1.0,0.0,0.9545454545454546,applicable
ilinet,NFGA-LINEAR,True,44,proxy_robust_z,3.5,0.46832553847193553,0.0898884252142647,0.0729292388386562,52,results/stage6_nfga/predictions/ilinet_nfga-linear_seed_44_proxy_robust_z.csv,7,0,41,4,11,7,1.0,0.6363636363636364,0.7777777777777778,1.0,0.0,0.8181818181818181,applicable
ilinet,NFGA-LINEAR,True,44,proxy_robust_z,4.0,0.5223879832230314,0.0898884252142647,0.0729292388386562,52,results/stage6_nfga/predictions/ilinet_nfga-linear_seed_44_proxy_robust_z.csv,6,0,41,5,11,6,1.0,0.5454545454545454,0.7058823529411765,1.0,0.0,0.7727272727272727,applicable
ilinet,NFGA-LINEAR,True,44,proxy_robust_z,4.5,0.5764504279741272,0.0898884252142647,0.0729292388386562,52,results/stage6_nfga/predictions/ilinet_nfga-linear_seed_44_proxy_robust_z.csv,6,0,41,5,11,6,1.0,0.5454545454545454,0.7058823529411765,1.0,0.0,0.7727272727272727,applicable
ilinet,NFGA-LINEAR,True,44,proxy_robust_z,5.0,0.6305128727252229,0.0898884252142647,0.0729292388386562,52,results/stage6_nfga/predictions/ilinet_nfga-linear_seed_44_proxy_robust_z.csv,6,0,41,5,11,6,1.0,0.5454545454545454,0.7058823529411765,1.0,0.0,0.7727272727272727,applicable
ilinet,NFGA-LINEAR,True,55,proxy_robust_z,2.0,0.306138204218648,0.0898884252142647,0.0729292388386562,52,results/stage6_nfga/predictions/ilinet_nfga-linear_seed_55_proxy_robust_z.csv,10,1,40,1,11,11,0.9090909090909091,0.9090909090909091,0.9090909090909091,0.975609756097561,0.024390243902439025,0.9423503325942351,applicable
ilinet,NFGA-LINEAR,True,55,proxy_robust_z,2.5,0.36020064896974385,0.0898884252142647,0.0729292388386562,52,results/stage6_nfga/predictions/ilinet_nfga-linear_seed_55_proxy_robust_z.csv,8,0,41,3,11,8,1.0,0.7272727272727273,0.8421052631578947,1.0,0.0,0.8636363636363636,applicable
ilinet,NFGA-LINEAR,True,55,proxy_robust_z,3.0,0.41426309372083975,0.0898884252142647,0.0729292388386562,52,results/stage6_nfga/predictions/ilinet_nfga-linear_seed_55_proxy_robust_z.csv,7,0,41,4,11,7,1.0,0.6363636363636364,0.7777777777777778,1.0,0.0,0.8181818181818181,applicable
ilinet,NFGA-LINEAR,True,55,proxy_robust_z,3.5,0.46832553847193553,0.0898884252142647,0.0729292388386562,52,results/stage6_nfga/predictions/ilinet_nfga-linear_seed_55_proxy_robust_z.csv,7,0,41,4,11,7,1.0,0.6363636363636364,0.7777777777777778,1.0,0.0,0.8181818181818181,applicable
ilinet,NFGA-LINEAR,True,55,proxy_robust_z,4.0,0.5223879832230314,0.0898884252142647,0.0729292388386562,52,results/stage6_nfga/predictions/ilinet_nfga-linear_seed_55_proxy_robust_z.csv,7,0,41,4,11,7,1.0,0.6363636363636364,0.7777777777777778,1.0,0.0,0.8181818181818181,applicable
ilinet,NFGA-LINEAR,True,55,proxy_robust_z,4.5,0.5764504279741272,0.0898884252142647,0.0729292388386562,52,results/stage6_nfga/predictions/ilinet_nfga-linear_seed_55_proxy_robust_z.csv,7,0,41,4,11,7,1.0,0.6363636363636364,0.7777777777777778,1.0,0.0,0.8181818181818181,applicable
ilinet,NFGA-LINEAR,True,55,proxy_robust_z,5.0,0.6305128727252229,0.0898884252142647,0.0729292388386562,52,results/stage6_nfga/predictions/ilinet_nfga-linear_seed_55_proxy_robust_z.csv,6,0,41,5,11,6,1.0,0.5454545454545454,0.7058823529411765,1.0,0.0,0.7727272727272727,applicable
ilinet,NFGA-LINEAR,True,66,proxy_robust_z,2.0,0.306138204218648,0.0898884252142647,0.0729292388386562,52,results/stage6_nfga/predictions/ilinet_nfga-linear_seed_66_proxy_robust_z.csv,8,3,38,3,11,11,0.7272727272727273,0.7272727272727273,0.7272727272727273,0.926829268292683,0.07317073170731707,0.8270509977827052,applicable
ilinet,NFGA-LINEAR,True,66,proxy_robust_z,2.5,0.36020064896974385,0.0898884252142647,0.0729292388386562,52,results/stage6_nfga/predictions/ilinet_nfga-linear_seed_66_proxy_robust_z.csv,8,2,39,3,11,10,0.8,0.7272727272727273,0.7619047619047619,0.9512195121951219,0.04878048780487805,0.8392461197339246,applicable
ilinet,NFGA-LINEAR,True,66,proxy_robust_z,3.0,0.41426309372083975,0.0898884252142647,0.0729292388386562,52,results/stage6_nfga/predictions/ilinet_nfga-linear_seed_66_proxy_robust_z.csv,7,0,41,4,11,7,1.0,0.6363636363636364,0.7777777777777778,1.0,0.0,0.8181818181818181,applicable
ilinet,NFGA-LINEAR,True,66,proxy_robust_z,3.5,0.46832553847193553,0.0898884252142647,0.0729292388386562,52,results/stage6_nfga/predictions/ilinet_nfga-linear_seed_66_proxy_robust_z.csv,7,0,41,4,11,7,1.0,0.6363636363636364,0.7777777777777778,1.0,0.0,0.8181818181818181,applicable
ilinet,NFGA-LINEAR,True,66,proxy_robust_z,4.0,0.5223879832230314,0.0898884252142647,0.0729292388386562,52,results/stage6_nfga/predictions/ilinet_nfga-linear_seed_66_proxy_robust_z.csv,7,0,41,4,11,7,1.0,0.6363636363636364,0.7777777777777778,1.0,0.0,0.8181818181818181,applicable
ilinet,NFGA-LINEAR,True,66,proxy_robust_z,4.5,0.5764504279741272,0.0898884252142647,0.0729292388386562,52,results/stage6_nfga/predictions/ilinet_nfga-linear_seed_66_proxy_robust_z.csv,7,0,41,4,11,7,1.0,0.6363636363636364,0.7777777777777778,1.0,0.0,0.8181818181818181,applicable
ilinet,NFGA-LINEAR,True,66,proxy_robust_z,5.0,0.6305128727252229,0.0898884252142647,0.0729292388386562,52,results/stage6_nfga/predictions/ilinet_nfga-linear_seed_66_proxy_robust_z.csv,6,0,41,5,11,6,1.0,0.5454545454545454,0.7058823529411765,1.0,0.0,0.7727272727272727,applicable
ilinet,NFGA-LINEAR,True,77,proxy_robust_z,2.0,0.306138204218648,0.0898884252142647,0.0729292388386562,52,results/stage6_nfga/predictions/ilinet_nfga-linear_seed_77_proxy_robust_z.csv,8,4,37,3,11,12,0.6666666666666666,0.7272727272727273,0.6956521739130435,0.9024390243902439,0.0975609756097561,0.8148558758314857,applicable
ilinet,NFGA-LINEAR,True,77,proxy_robust_z,2.5,0.36020064896974385,0.0898884252142647,0.0729292388386562,52,results/stage6_nfga/predictions/ilinet_nfga-linear_seed_77_proxy_robust_z.csv,8,2,39,3,11,10,0.8,0.7272727272727273,0.7619047619047619,0.9512195121951219,0.04878048780487805,0.8392461197339246,applicable
ilinet,NFGA-LINEAR,True,77,proxy_robust_z,3.0,0.41426309372083975,0.0898884252142647,0.0729292388386562,52,results/stage6_nfga/predictions/ilinet_nfga-linear_seed_77_proxy_robust_z.csv,8,0,41,3,11,8,1.0,0.7272727272727273,0.8421052631578947,1.0,0.0,0.8636363636363636,applicable
ilinet,NFGA-LINEAR,True,77,proxy_robust_z,3.5,0.46832553847193553,0.0898884252142647,0.0729292388386562,52,results/stage6_nfga/predictions/ilinet_nfga-linear_seed_77_proxy_robust_z.csv,7,0,41,4,11,7,1.0,0.6363636363636364,0.7777777777777778,1.0,0.0,0.8181818181818181,applicable
ilinet,NFGA-LINEAR,True,77,proxy_robust_z,4.0,0.5223879832230314,0.0898884252142647,0.0729292388386562,52,results/stage6_nfga/predictions/ilinet_nfga-linear_seed_77_proxy_robust_z.csv,7,0,41,4,11,7,1.0,0.6363636363636364,0.7777777777777778,1.0,0.0,0.8181818181818181,applicable
ilinet,NFGA-LINEAR,True,77,proxy_robust_z,4.5,0.5764504279741272,0.0898884252142647,0.0729292388386562,52,results/stage6_nfga/predictions/ilinet_nfga-linear_seed_77_proxy_robust_z.csv,7,0,41,4,11,7,1.0,0.6363636363636364,0.7777777777777778,1.0,0.0,0.8181818181818181,applicable
ilinet,NFGA-LINEAR,True,77,proxy_robust_z,5.0,0.6305128727252229,0.0898884252142647,0.0729292388386562,52,results/stage6_nfga/predictions/ilinet_nfga-linear_seed_77_proxy_robust_z.csv,7,0,41,4,11,7,1.0,0.6363636363636364,0.7777777777777778,1.0,0.0,0.8181818181818181,applicable
ilinet,NFGA-LINEAR,True,88,proxy_robust_z,2.0,0.306138204218648,0.0898884252142647,0.0729292388386562,52,results/stage6_nfga/predictions/ilinet_nfga-linear_seed_88_proxy_robust_z.csv,8,0,41,3,11,8,1.0,0.7272727272727273,0.8421052631578947,1.0,0.0,0.8636363636363636,applicable
ilinet,NFGA-LINEAR,True,88,proxy_robust_z,2.5,0.36020064896974385,0.0898884252142647,0.0729292388386562,52,results/stage6_nfga/predictions/ilinet_nfga-linear_seed_88_proxy_robust_z.csv,8,0,41,3,11,8,1.0,0.7272727272727273,0.8421052631578947,1.0,0.0,0.8636363636363636,applicable
ilinet,NFGA-LINEAR,True,88,proxy_robust_z,3.0,0.41426309372083975,0.0898884252142647,0.0729292388386562,52,results/stage6_nfga/predictions/ilinet_nfga-linear_seed_88_proxy_robust_z.csv,8,0,41,3,11,8,1.0,0.7272727272727273,0.8421052631578947,1.0,0.0,0.8636363636363636,applicable
ilinet,NFGA-LINEAR,True,88,proxy_robust_z,3.5,0.46832553847193553,0.0898884252142647,0.0729292388386562,52,results/stage6_nfga/predictions/ilinet_nfga-linear_seed_88_proxy_robust_z.csv,8,0,41,3,11,8,1.0,0.7272727272727273,0.8421052631578947,1.0,0.0,0.8636363636363636,applicable
ilinet,NFGA-LINEAR,True,88,proxy_robust_z,4.0,0.5223879832230314,0.0898884252142647,0.0729292388386562,52,results/stage6_nfga/predictions/ilinet_nfga-linear_seed_88_proxy_robust_z.csv,8,0,41,3,11,8,1.0,0.7272727272727273,0.8421052631578947,1.0,0.0,0.8636363636363636,applicable
ilinet,NFGA-LINEAR,True,88,proxy_robust_z,4.5,0.5764504279741272,0.0898884252142647,0.0729292388386562,52,results/stage6_nfga/predictions/ilinet_nfga-linear_seed_88_proxy_robust_z.csv,7,0,41,4,11,7,1.0,0.6363636363636364,0.7777777777777778,1.0,0.0,0.8181818181818181,applicable
ilinet,NFGA-LINEAR,True,88,proxy_robust_z,5.0,0.6305128727252229,0.0898884252142647,0.0729292388386562,52,results/stage6_nfga/predictions/ilinet_nfga-linear_seed_88_proxy_robust_z.csv,7,0,41,4,11,7,1.0,0.6363636363636364,0.7777777777777778,1.0,0.0,0.8181818181818181,applicable
ilinet,NFGA-LINEAR,True,99,proxy_robust_z,2.0,0.306138204218648,0.0898884252142647,0.0729292388386562,52,results/stage6_nfga/predictions/ilinet_nfga-linear_seed_99_proxy_robust_z.csv,11,4,37,0,11,15,0.7333333333333333,1.0,0.8461538461538461,0.9024390243902439,0.0975609756097561,0.9512195121951219,applicable
ilinet,NFGA-LINEAR,True,99,proxy_robust_z,2.5,0.36020064896974385,0.0898884252142647,0.0729292388386562,52,results/stage6_nfga/predictions/ilinet_nfga-linear_seed_99_proxy_robust_z.csv,9,1,40,2,11,10,0.9,0.8181818181818182,0.8571428571428571,0.975609756097561,0.024390243902439025,0.8968957871396896,applicable
ilinet,NFGA-LINEAR,True,99,proxy_robust_z,3.0,0.41426309372083975,0.0898884252142647,0.0729292388386562,52,results/stage6_nfga/predictions/ilinet_nfga-linear_seed_99_proxy_robust_z.csv,7,0,41,4,11,7,1.0,0.6363636363636364,0.7777777777777778,1.0,0.0,0.8181818181818181,applicable
ilinet,NFGA-LINEAR,True,99,proxy_robust_z,3.5,0.46832553847193553,0.0898884252142647,0.0729292388386562,52,results/stage6_nfga/predictions/ilinet_nfga-linear_seed_99_proxy_robust_z.csv,7,0,41,4,11,7,1.0,0.6363636363636364,0.7777777777777778,1.0,0.0,0.8181818181818181,applicable
ilinet,NFGA-LINEAR,True,99,proxy_robust_z,4.0,0.5223879832230314,0.0898884252142647,0.0729292388386562,52,results/stage6_nfga/predictions/ilinet_nfga-linear_seed_99_proxy_robust_z.csv,6,0,41,5,11,6,1.0,0.5454545454545454,0.7058823529411765,1.0,0.0,0.7727272727272727,applicable
ilinet,NFGA-LINEAR,True,99,proxy_robust_z,4.5,0.5764504279741272,0.0898884252142647,0.0729292388386562,52,results/stage6_nfga/predictions/ilinet_nfga-linear_seed_99_proxy_robust_z.csv,6,0,41,5,11,6,1.0,0.5454545454545454,0.7058823529411765,1.0,0.0,0.7727272727272727,applicable
ilinet,NFGA-LINEAR,True,99,proxy_robust_z,5.0,0.6305128727252229,0.0898884252142647,0.0729292388386562,52,results/stage6_nfga/predictions/ilinet_nfga-linear_seed_99_proxy_robust_z.csv,6,0,41,5,11,6,1.0,0.5454545454545454,0.7058823529411765,1.0,0.0,0.7727272727272727,applicable
electricity,Persistence,False,0,injected_5pct,2.0,0.31835175628672174,0.1092294313612935,0.0705255378812317,42,results/stage3_statistical_baselines/predictions/electricity_persistence_injected_5pct.csv,2,3,37,0,2,5,0.4,1.0,0.5714285714285714,0.925,0.075,0.9625,applicable
electricity,Persistence,False,0,injected_5pct,2.5,0.3706323375180787,0.1092294313612935,0.0705255378812317,42,results/stage3_statistical_baselines/predictions/electricity_persistence_injected_5pct.csv,2,3,37,0,2,5,0.4,1.0,0.5714285714285714,0.925,0.075,0.9625,applicable
electricity,Persistence,False,0,injected_5pct,3.0,0.4229129187494358,0.1092294313612935,0.0705255378812317,42,results/stage3_statistical_baselines/predictions/electricity_persistence_injected_5pct.csv,2,3,37,0,2,5,0.4,1.0,0.5714285714285714,0.925,0.075,0.9625,applicable
electricity,Persistence,False,0,injected_5pct,3.5,0.47519349998079286,0.1092294313612935,0.0705255378812317,42,results/stage3_statistical_baselines/predictions/electricity_persistence_injected_5pct.csv,2,2,38,0,2,4,0.5,1.0,0.6666666666666666,0.95,0.05,0.975,applicable
electricity,Persistence,False,0,injected_5pct,4.0,0.52747408121215,0.1092294313612935,0.0705255378812317,42,results/stage3_statistical_baselines/predictions/electricity_persistence_injected_5pct.csv,2,2,38,0,2,4,0.5,1.0,0.6666666666666666,0.95,0.05,0.975,applicable
electricity,Persistence,False,0,injected_5pct,4.5,0.579754662443507,0.1092294313612935,0.0705255378812317,42,results/stage3_statistical_baselines/predictions/electricity_persistence_injected_5pct.csv,2,2,38,0,2,4,0.5,1.0,0.6666666666666666,0.95,0.05,0.975,applicable
electricity,Persistence,False,0,injected_5pct,5.0,0.632035243674864,0.1092294313612935,0.0705255378812317,42,results/stage3_statistical_baselines/predictions/electricity_persistence_injected_5pct.csv,2,2,38,0,2,4,0.5,1.0,0.6666666666666666,0.95,0.05,0.975,applicable
electricity,Persistence,False,0,injected_10pct,2.0,0.31835175628672174,0.1092294313612935,0.0705255378812317,42,results/stage3_statistical_baselines/predictions/electricity_persistence_injected_10pct.csv,4,5,33,0,4,9,0.4444444444444444,1.0,0.6153846153846154,0.868421052631579,0.13157894736842105,0.9342105263157895,applicable
electricity,Persistence,False,0,injected_10pct,2.5,0.3706323375180787,0.1092294313612935,0.0705255378812317,42,results/stage3_statistical_baselines/predictions/electricity_persistence_injected_10pct.csv,4,5,33,0,4,9,0.4444444444444444,1.0,0.6153846153846154,0.868421052631579,0.13157894736842105,0.9342105263157895,applicable
electricity,Persistence,False,0,injected_10pct,3.0,0.4229129187494358,0.1092294313612935,0.0705255378812317,42,results/stage3_statistical_baselines/predictions/electricity_persistence_injected_10pct.csv,4,5,33,0,4,9,0.4444444444444444,1.0,0.6153846153846154,0.868421052631579,0.13157894736842105,0.9342105263157895,applicable
electricity,Persistence,False,0,injected_10pct,3.5,0.47519349998079286,0.1092294313612935,0.0705255378812317,42,results/stage3_statistical_baselines/predictions/electricity_persistence_injected_10pct.csv,4,4,34,0,4,8,0.5,1.0,0.6666666666666666,0.8947368421052632,0.10526315789473684,0.9473684210526316,applicable
electricity,Persistence,False,0,injected_10pct,4.0,0.52747408121215,0.1092294313612935,0.0705255378812317,42,results/stage3_statistical_baselines/predictions/electricity_persistence_injected_10pct.csv,4,4,34,0,4,8,0.5,1.0,0.6666666666666666,0.8947368421052632,0.10526315789473684,0.9473684210526316,applicable
electricity,Persistence,False,0,injected_10pct,4.5,0.579754662443507,0.1092294313612935,0.0705255378812317,42,results/stage3_statistical_baselines/predictions/electricity_persistence_injected_10pct.csv,4,4,34,0,4,8,0.5,1.0,0.6666666666666666,0.8947368421052632,0.10526315789473684,0.9473684210526316,applicable
electricity,Persistence,False,0,injected_10pct,5.0,0.632035243674864,0.1092294313612935,0.0705255378812317,42,results/stage3_statistical_baselines/predictions/electricity_persistence_injected_10pct.csv,4,4,34,0,4,8,0.5,1.0,0.6666666666666666,0.8947368421052632,0.10526315789473684,0.9473684210526316,applicable
electricity,Persistence,False,0,proxy_robust_z,2.0,0.31835175628672174,0.1092294313612935,0.0705255378812317,42,results/stage3_statistical_baselines/predictions/electricity_persistence_proxy_robust_z.csv,0,1,41,0,0,1,,,,0.9761904761904762,0.023809523809523808,,not_applicable_no_positive_reference
electricity,Persistence,False,0,proxy_robust_z,2.5,0.3706323375180787,0.1092294313612935,0.0705255378812317,42,results/stage3_statistical_baselines/predictions/electricity_persistence_proxy_robust_z.csv,0,1,41,0,0,1,,,,0.9761904761904762,0.023809523809523808,,not_applicable_no_positive_reference
electricity,Persistence,False,0,proxy_robust_z,3.0,0.4229129187494358,0.1092294313612935,0.0705255378812317,42,results/stage3_statistical_baselines/predictions/electricity_persistence_proxy_robust_z.csv,0,1,41,0,0,1,,,,0.9761904761904762,0.023809523809523808,,not_applicable_no_positive_reference
electricity,Persistence,False,0,proxy_robust_z,3.5,0.47519349998079286,0.1092294313612935,0.0705255378812317,42,results/stage3_statistical_baselines/predictions/electricity_persistence_proxy_robust_z.csv,0,0,42,0,0,0,,,,1.0,0.0,,not_applicable_no_positive_reference
electricity,Persistence,False,0,proxy_robust_z,4.0,0.52747408121215,0.1092294313612935,0.0705255378812317,42,results/stage3_statistical_baselines/predictions/electricity_persistence_proxy_robust_z.csv,0,0,42,0,0,0,,,,1.0,0.0,,not_applicable_no_positive_reference
electricity,Persistence,False,0,proxy_robust_z,4.5,0.579754662443507,0.1092294313612935,0.0705255378812317,42,results/stage3_statistical_baselines/predictions/electricity_persistence_proxy_robust_z.csv,0,0,42,0,0,0,,,,1.0,0.0,,not_applicable_no_positive_reference
electricity,Persistence,False,0,proxy_robust_z,5.0,0.632035243674864,0.1092294313612935,0.0705255378812317,42,results/stage3_statistical_baselines/predictions/electricity_persistence_proxy_robust_z.csv,0,0,42,0,0,0,,,,1.0,0.0,,not_applicable_no_positive_reference
electricity,SeasonalNaive,False,0,injected_5pct,2.0,0.3606166482893427,0.129476086525104,0.0779510865251041,42,results/stage3_statistical_baselines/predictions/electricity_seasonalnaive_injected_5pct.csv,2,1,39,0,2,3,0.6666666666666666,1.0,0.8,0.975,0.025,0.9875,applicable
electricity,SeasonalNaive,False,0,injected_5pct,2.5,0.41840178873040235,0.129476086525104,0.0779510865251041,42,results/stage3_statistical_baselines/predictions/electricity_seasonalnaive_injected_5pct.csv,2,1,39,0,2,3,0.6666666666666666,1.0,0.8,0.975,0.025,0.9875,applicable
electricity,SeasonalNaive,False,0,injected_5pct,3.0,0.47618692917146205,0.129476086525104,0.0779510865251041,42,results/stage3_statistical_baselines/predictions/electricity_seasonalnaive_injected_5pct.csv,2,0,40,0,2,2,1.0,1.0,1.0,1.0,0.0,1.0,applicable
electricity,SeasonalNaive,False,0,injected_5pct,3.5,0.5339720696125216,0.129476086525104,0.0779510865251041,42,results/stage3_statistical_baselines/predictions/electricity_seasonalnaive_injected_5pct.csv,2,0,40,0,2,2,1.0,1.0,1.0,1.0,0.0,1.0,applicable
electricity,SeasonalNaive,False,0,injected_5pct,4.0,0.5917572100535813,0.129476086525104,0.0779510865251041,42,results/stage3_statistical_baselines/predictions/electricity_seasonalnaive_injected_5pct.csv,2,0,40,0,2,2,1.0,1.0,1.0,1.0,0.0,1.0,applicable
electricity,SeasonalNaive,False,0,injected_5pct,4.5,0.649542350494641,0.129476086525104,0.0779510865251041,42,results/stage3_statistical_baselines/predictions/electricity_seasonalnaive_injected_5pct.csv,2,0,40,0,2,2,1.0,1.0,1.0,1.0,0.0,1.0,applicable
electricity,SeasonalNaive,False,0,injected_5pct,5.0,0.7073274909357007,0.129476086525104,0.0779510865251041,42,results/stage3_statistical_baselines/predictions/electricity_seasonalnaive_injected_5pct.csv,2,0,40,0,2,2,1.0,1.0,1.0,1.0,0.0,1.0,applicable
electricity,SeasonalNaive,False,0,injected_10pct,2.0,0.3606166482893427,0.129476086525104,0.0779510865251041,42,results/stage3_statistical_baselines/predictions/electricity_seasonalnaive_injected_10pct.csv,4,1,37,0,4,5,0.8,1.0,0.8888888888888888,0.9736842105263158,0.02631578947368421,0.986842105263158,applicable
electricity,SeasonalNaive,False,0,injected_10pct,2.5,0.41840178873040235,0.129476086525104,0.0779510865251041,42,results/stage3_statistical_baselines/predictions/electricity_seasonalnaive_injected_10pct.csv,4,1,37,0,4,5,0.8,1.0,0.8888888888888888,0.9736842105263158,0.02631578947368421,0.986842105263158,applicable
electricity,SeasonalNaive,False,0,injected_10pct,3.0,0.47618692917146205,0.129476086525104,0.0779510865251041,42,results/stage3_statistical_baselines/predictions/electricity_seasonalnaive_injected_10pct.csv,4,0,38,0,4,4,1.0,1.0,1.0,1.0,0.0,1.0,applicable
electricity,SeasonalNaive,False,0,injected_10pct,3.5,0.5339720696125216,0.129476086525104,0.0779510865251041,42,results/stage3_statistical_baselines/predictions/electricity_seasonalnaive_injected_10pct.csv,4,0,38,0,4,4,1.0,1.0,1.0,1.0,0.0,1.0,applicable
electricity,SeasonalNaive,False,0,injected_10pct,4.0,0.5917572100535813,0.129476086525104,0.0779510865251041,42,results/stage3_statistical_baselines/predictions/electricity_seasonalnaive_injected_10pct.csv,4,0,38,0,4,4,1.0,1.0,1.0,1.0,0.0,1.0,applicable
electricity,SeasonalNaive,False,0,injected_10pct,4.5,0.649542350494641,0.129476086525104,0.0779510865251041,42,results/stage3_statistical_baselines/predictions/electricity_seasonalnaive_injected_10pct.csv,4,0,38,0,4,4,1.0,1.0,1.0,1.0,0.0,1.0,applicable
electricity,SeasonalNaive,False,0,injected_10pct,5.0,0.7073274909357007,0.129476086525104,0.0779510865251041,42,results/stage3_statistical_baselines/predictions/electricity_seasonalnaive_injected_10pct.csv,4,0,38,0,4,4,1.0,1.0,1.0,1.0,0.0,1.0,applicable
electricity,SeasonalNaive,False,0,proxy_robust_z,2.0,0.3606166482893427,0.129476086525104,0.0779510865251041,42,results/stage3_statistical_baselines/predictions/electricity_seasonalnaive_proxy_robust_z.csv,0,1,41,0,0,1,,,,0.9761904761904762,0.023809523809523808,,not_applicable_no_positive_reference
electricity,SeasonalNaive,False,0,proxy_robust_z,2.5,0.41840178873040235,0.129476086525104,0.0779510865251041,42,results/stage3_statistical_baselines/predictions/electricity_seasonalnaive_proxy_robust_z.csv,0,1,41,0,0,1,,,,0.9761904761904762,0.023809523809523808,,not_applicable_no_positive_reference
electricity,SeasonalNaive,False,0,proxy_robust_z,3.0,0.47618692917146205,0.129476086525104,0.0779510865251041,42,results/stage3_statistical_baselines/predictions/electricity_seasonalnaive_proxy_robust_z.csv,0,0,42,0,0,0,,,,1.0,0.0,,not_applicable_no_positive_reference
electricity,SeasonalNaive,False,0,proxy_robust_z,3.5,0.5339720696125216,0.129476086525104,0.0779510865251041,42,results/stage3_statistical_baselines/predictions/electricity_seasonalnaive_proxy_robust_z.csv,0,0,42,0,0,0,,,,1.0,0.0,,not_applicable_no_positive_reference
electricity,SeasonalNaive,False,0,proxy_robust_z,4.0,0.5917572100535813,0.129476086525104,0.0779510865251041,42,results/stage3_statistical_baselines/predictions/electricity_seasonalnaive_proxy_robust_z.csv,0,0,42,0,0,0,,,,1.0,0.0,,not_applicable_no_positive_reference
electricity,SeasonalNaive,False,0,proxy_robust_z,4.5,0.649542350494641,0.129476086525104,0.0779510865251041,42,results/stage3_statistical_baselines/predictions/electricity_seasonalnaive_proxy_robust_z.csv,0,0,42,0,0,0,,,,1.0,0.0,,not_applicable_no_positive_reference
electricity,SeasonalNaive,False,0,proxy_robust_z,5.0,0.7073274909357007,0.129476086525104,0.0779510865251041,42,results/stage3_statistical_baselines/predictions/electricity_seasonalnaive_proxy_robust_z.csv,0,0,42,0,0,0,,,,1.0,0.0,,not_applicable_no_positive_reference
electricity,ARIMA,False,0,injected_5pct,2.0,0.3173657237998295,0.1129989650184672,0.0689217451711056,42,results/stage3_statistical_baselines/predictions/electricity_arima_injected_5pct.csv,2,4,36,0,2,6,0.3333333333333333,1.0,0.5,0.9,0.1,0.95,applicable
electricity,ARIMA,False,0,injected_5pct,2.5,0.36845741349517,0.1129989650184672,0.0689217451711056,42,results/stage3_statistical_baselines/predictions/electricity_arima_injected_5pct.csv,2,3,37,0,2,5,0.4,1.0,0.5714285714285714,0.925,0.075,0.9625,applicable
electricity,ARIMA,False,0,injected_5pct,3.0,0.41954910319051064,0.1129989650184672,0.0689217451711056,42,results/stage3_statistical_baselines/predictions/electricity_arima_injected_5pct.csv,2,2,38,0,2,4,0.5,1.0,0.6666666666666666,0.95,0.05,0.975,applicable
electricity,ARIMA,False,0,injected_5pct,3.5,0.47064079288585126,0.1129989650184672,0.0689217451711056,42,results/stage3_statistical_baselines/predictions/electricity_arima_injected_5pct.csv,2,2,38,0,2,4,0.5,1.0,0.6666666666666666,0.95,0.05,0.975,applicable
electricity,ARIMA,False,0,injected_5pct,4.0,0.5217324825811918,0.1129989650184672,0.0689217451711056,42,results/stage3_statistical_baselines/predictions/electricity_arima_injected_5pct.csv,2,1,39,0,2,3,0.6666666666666666,1.0,0.8,0.975,0.025,0.9875,applicable
electricity,ARIMA,False,0,injected_5pct,4.5,0.5728241722765324,0.1129989650184672,0.0689217451711056,42,results/stage3_statistical_baselines/predictions/electricity_arima_injected_5pct.csv,2,1,39,0,2,3,0.6666666666666666,1.0,0.8,0.975,0.025,0.9875,applicable
electricity,ARIMA,False,0,injected_5pct,5.0,0.6239158619718729,0.1129989650184672,0.0689217451711056,42,results/stage3_statistical_baselines/predictions/electricity_arima_injected_5pct.csv,2,1,39,0,2,3,0.6666666666666666,1.0,0.8,0.975,0.025,0.9875,applicable
electricity,ARIMA,False,0,injected_10pct,2.0,0.3173657237998295,0.1129989650184672,0.0689217451711056,42,results/stage3_statistical_baselines/predictions/electricity_arima_injected_10pct.csv,4,7,31,0,4,11,0.36363636363636365,1.0,0.5333333333333333,0.8157894736842105,0.18421052631578946,0.9078947368421053,applicable
electricity,ARIMA,False,0,injected_10pct,2.5,0.36845741349517,0.1129989650184672,0.0689217451711056,42,results/stage3_statistical_baselines/predictions/electricity_arima_injected_10pct.csv,4,6,32,0,4,10,0.4,1.0,0.5714285714285714,0.8421052631578947,0.15789473684210525,0.9210526315789473,applicable
electricity,ARIMA,False,0,injected_10pct,3.0,0.41954910319051064,0.1129989650184672,0.0689217451711056,42,results/stage3_statistical_baselines/predictions/electricity_arima_injected_10pct.csv,4,4,34,0,4,8,0.5,1.0,0.6666666666666666,0.8947368421052632,0.10526315789473684,0.9473684210526316,applicable
electricity,ARIMA,False,0,injected_10pct,3.5,0.47064079288585126,0.1129989650184672,0.0689217451711056,42,results/stage3_statistical_baselines/predictions/electricity_arima_injected_10pct.csv,4,4,34,0,4,8,0.5,1.0,0.6666666666666666,0.8947368421052632,0.10526315789473684,0.9473684210526316,applicable
electricity,ARIMA,False,0,injected_10pct,4.0,0.5217324825811918,0.1129989650184672,0.0689217451711056,42,results/stage3_statistical_baselines/predictions/electricity_arima_injected_10pct.csv,4,4,34,0,4,8,0.5,1.0,0.6666666666666666,0.8947368421052632,0.10526315789473684,0.9473684210526316,applicable
electricity,ARIMA,False,0,injected_10pct,4.5,0.5728241722765324,0.1129989650184672,0.0689217451711056,42,results/stage3_statistical_baselines/predictions/electricity_arima_injected_10pct.csv,4,4,34,0,4,8,0.5,1.0,0.6666666666666666,0.8947368421052632,0.10526315789473684,0.9473684210526316,applicable
electricity,ARIMA,False,0,injected_10pct,5.0,0.6239158619718729,0.1129989650184672,0.0689217451711056,42,results/stage3_statistical_baselines/predictions/electricity_arima_injected_10pct.csv,4,4,34,0,4,8,0.5,1.0,0.6666666666666666,0.8947368421052632,0.10526315789473684,0.9473684210526316,applicable
electricity,ARIMA,False,0,proxy_robust_z,2.0,0.3173657237998295,0.1129989650184672,0.0689217451711056,42,results/stage3_statistical_baselines/predictions/electricity_arima_proxy_robust_z.csv,0,2,40,0,0,2,,,,0.9523809523809523,0.047619047619047616,,not_applicable_no_positive_reference
electricity,ARIMA,False,0,proxy_robust_z,2.5,0.36845741349517,0.1129989650184672,0.0689217451711056,42,results/stage3_statistical_baselines/predictions/electricity_arima_proxy_robust_z.csv,0,1,41,0,0,1,,,,0.9761904761904762,0.023809523809523808,,not_applicable_no_positive_reference
electricity,ARIMA,False,0,proxy_robust_z,3.0,0.41954910319051064,0.1129989650184672,0.0689217451711056,42,results/stage3_statistical_baselines/predictions/electricity_arima_proxy_robust_z.csv,0,0,42,0,0,0,,,,1.0,0.0,,not_applicable_no_positive_reference
electricity,ARIMA,False,0,proxy_robust_z,3.5,0.47064079288585126,0.1129989650184672,0.0689217451711056,42,results/stage3_statistical_baselines/predictions/electricity_arima_proxy_robust_z.csv,0,0,42,0,0,0,,,,1.0,0.0,,not_applicable_no_positive_reference
electricity,ARIMA,False,0,proxy_robust_z,4.0,0.5217324825811918,0.1129989650184672,0.0689217451711056,42,results/stage3_statistical_baselines/predictions/electricity_arima_proxy_robust_z.csv,0,0,42,0,0,0,,,,1.0,0.0,,not_applicable_no_positive_reference
electricity,ARIMA,False,0,proxy_robust_z,4.5,0.5728241722765324,0.1129989650184672,0.0689217451711056,42,results/stage3_statistical_baselines/predictions/electricity_arima_proxy_robust_z.csv,0,0,42,0,0,0,,,,1.0,0.0,,not_applicable_no_positive_reference
electricity,ARIMA,False,0,proxy_robust_z,5.0,0.6239158619718729,0.1129989650184672,0.0689217451711056,42,results/stage3_statistical_baselines/predictions/electricity_arima_proxy_robust_z.csv,0,0,42,0,0,0,,,,1.0,0.0,,not_applicable_no_positive_reference
electricity,XGBoost,True,110,injected_5pct,2.0,0.19065401535405196,0.0924764736084506,0.0331099223477679,42,results/stage4_xgboost/predictions/electricity_xgboost_seed_110_injected_5pct.csv,2,6,34,0,2,8,0.25,1.0,0.4,0.85,0.15,0.925,applicable
electricity,XGBoost,True,110,injected_5pct,2.5,0.2151984007904523,0.0924764736084506,0.0331099223477679,42,results/stage4_xgboost/predictions/electricity_xgboost_seed_110_injected_5pct.csv,2,4,36,0,2,6,0.3333333333333333,1.0,0.5,0.9,0.1,0.95,applicable
electricity,XGBoost,True,110,injected_5pct,3.0,0.23974278622685266,0.0924764736084506,0.0331099223477679,42,results/stage4_xgboost/predictions/electricity_xgboost_seed_110_injected_5pct.csv,2,3,37,0,2,5,0.4,1.0,0.5714285714285714,0.925,0.075,0.9625,applicable
electricity,XGBoost,True,110,injected_5pct,3.5,0.264287171663253,0.0924764736084506,0.0331099223477679,42,results/stage4_xgboost/predictions/electricity_xgboost_seed_110_injected_5pct.csv,2,3,37,0,2,5,0.4,1.0,0.5714285714285714,0.925,0.075,0.9625,applicable
electricity,XGBoost,True,110,injected_5pct,4.0,0.28883155709965336,0.0924764736084506,0.0331099223477679,42,results/stage4_xgboost/predictions/electricity_xgboost_seed_110_injected_5pct.csv,2,1,39,0,2,3,0.6666666666666666,1.0,0.8,0.975,0.025,0.9875,applicable
electricity,XGBoost,True,110,injected_5pct,4.5,0.31337594253605366,0.0924764736084506,0.0331099223477679,42,results/stage4_xgboost/predictions/electricity_xgboost_seed_110_injected_5pct.csv,2,0,40,0,2,2,1.0,1.0,1.0,1.0,0.0,1.0,applicable
electricity,XGBoost,True,110,injected_5pct,5.0,0.33792032797245397,0.0924764736084506,0.0331099223477679,42,results/stage4_xgboost/predictions/electricity_xgboost_seed_110_injected_5pct.csv,2,0,40,0,2,2,1.0,1.0,1.0,1.0,0.0,1.0,applicable
electricity,XGBoost,True,11,injected_5pct,2.0,0.19065401535405196,0.0924764736084506,0.0331099223477679,42,results/stage4_xgboost/predictions/electricity_xgboost_seed_11_injected_5pct.csv,2,8,32,0,2,10,0.2,1.0,0.3333333333333333,0.8,0.2,0.9,applicable
electricity,XGBoost,True,11,injected_5pct,2.5,0.2151984007904523,0.0924764736084506,0.0331099223477679,42,results/stage4_xgboost/predictions/electricity_xgboost_seed_11_injected_5pct.csv,2,5,35,0,2,7,0.2857142857142857,1.0,0.4444444444444444,0.875,0.125,0.9375,applicable
electricity,XGBoost,True,11,injected_5pct,3.0,0.23974278622685266,0.0924764736084506,0.0331099223477679,42,results/stage4_xgboost/predictions/electricity_xgboost_seed_11_injected_5pct.csv,2,2,38,0,2,4,0.5,1.0,0.6666666666666666,0.95,0.05,0.975,applicable
electricity,XGBoost,True,11,injected_5pct,3.5,0.264287171663253,0.0924764736084506,0.0331099223477679,42,results/stage4_xgboost/predictions/electricity_xgboost_seed_11_injected_5pct.csv,2,2,38,0,2,4,0.5,1.0,0.6666666666666666,0.95,0.05,0.975,applicable
electricity,XGBoost,True,11,injected_5pct,4.0,0.28883155709965336,0.0924764736084506,0.0331099223477679,42,results/stage4_xgboost/predictions/electricity_xgboost_seed_11_injected_5pct.csv,2,2,38,0,2,4,0.5,1.0,0.6666666666666666,0.95,0.05,0.975,applicable
electricity,XGBoost,True,11,injected_5pct,4.5,0.31337594253605366,0.0924764736084506,0.0331099223477679,42,results/stage4_xgboost/predictions/electricity_xgboost_seed_11_injected_5pct.csv,2,1,39,0,2,3,0.6666666666666666,1.0,0.8,0.975,0.025,0.9875,applicable
electricity,XGBoost,True,11,injected_5pct,5.0,0.33792032797245397,0.0924764736084506,0.0331099223477679,42,results/stage4_xgboost/predictions/electricity_xgboost_seed_11_injected_5pct.csv,2,0,40,0,2,2,1.0,1.0,1.0,1.0,0.0,1.0,applicable
electricity,XGBoost,True,22,injected_5pct,2.0,0.19065401535405196,0.0924764736084506,0.0331099223477679,42,results/stage4_xgboost/predictions/electricity_xgboost_seed_22_injected_5pct.csv,2,6,34,0,2,8,0.25,1.0,0.4,0.85,0.15,0.925,applicable
electricity,XGBoost,True,22,injected_5pct,2.5,0.2151984007904523,0.0924764736084506,0.0331099223477679,42,results/stage4_xgboost/predictions/electricity_xgboost_seed_22_injected_5pct.csv,2,5,35,0,2,7,0.2857142857142857,1.0,0.4444444444444444,0.875,0.125,0.9375,applicable
electricity,XGBoost,True,22,injected_5pct,3.0,0.23974278622685266,0.0924764736084506,0.0331099223477679,42,results/stage4_xgboost/predictions/electricity_xgboost_seed_22_injected_5pct.csv,2,3,37,0,2,5,0.4,1.0,0.5714285714285714,0.925,0.075,0.9625,applicable
electricity,XGBoost,True,22,injected_5pct,3.5,0.264287171663253,0.0924764736084506,0.0331099223477679,42,results/stage4_xgboost/predictions/electricity_xgboost_seed_22_injected_5pct.csv,2,3,37,0,2,5,0.4,1.0,0.5714285714285714,0.925,0.075,0.9625,applicable
electricity,XGBoost,True,22,injected_5pct,4.0,0.28883155709965336,0.0924764736084506,0.0331099223477679,42,results/stage4_xgboost/predictions/electricity_xgboost_seed_22_injected_5pct.csv,2,3,37,0,2,5,0.4,1.0,0.5714285714285714,0.925,0.075,0.9625,applicable
electricity,XGBoost,True,22,injected_5pct,4.5,0.31337594253605366,0.0924764736084506,0.0331099223477679,42,results/stage4_xgboost/predictions/electricity_xgboost_seed_22_injected_5pct.csv,2,2,38,0,2,4,0.5,1.0,0.6666666666666666,0.95,0.05,0.975,applicable
electricity,XGBoost,True,22,injected_5pct,5.0,0.33792032797245397,0.0924764736084506,0.0331099223477679,42,results/stage4_xgboost/predictions/electricity_xgboost_seed_22_injected_5pct.csv,2,0,40,0,2,2,1.0,1.0,1.0,1.0,0.0,1.0,applicable
electricity,XGBoost,True,33,injected_5pct,2.0,0.19065401535405196,0.0924764736084506,0.0331099223477679,42,results/stage4_xgboost/predictions/electricity_xgboost_seed_33_injected_5pct.csv,2,7,33,0,2,9,0.2222222222222222,1.0,0.36363636363636365,0.825,0.175,0.9125,applicable
electricity,XGBoost,True,33,injected_5pct,2.5,0.2151984007904523,0.0924764736084506,0.0331099223477679,42,results/stage4_xgboost/predictions/electricity_xgboost_seed_33_injected_5pct.csv,2,4,36,0,2,6,0.3333333333333333,1.0,0.5,0.9,0.1,0.95,applicable
electricity,XGBoost,True,33,injected_5pct,3.0,0.23974278622685266,0.0924764736084506,0.0331099223477679,42,results/stage4_xgboost/predictions/electricity_xgboost_seed_33_injected_5pct.csv,2,3,37,0,2,5,0.4,1.0,0.5714285714285714,0.925,0.075,0.9625,applicable
electricity,XGBoost,True,33,injected_5pct,3.5,0.264287171663253,0.0924764736084506,0.0331099223477679,42,results/stage4_xgboost/predictions/electricity_xgboost_seed_33_injected_5pct.csv,2,2,38,0,2,4,0.5,1.0,0.6666666666666666,0.95,0.05,0.975,applicable
electricity,XGBoost,True,33,injected_5pct,4.0,0.28883155709965336,0.0924764736084506,0.0331099223477679,42,results/stage4_xgboost/predictions/electricity_xgboost_seed_33_injected_5pct.csv,2,2,38,0,2,4,0.5,1.0,0.6666666666666666,0.95,0.05,0.975,applicable
electricity,XGBoost,True,33,injected_5pct,4.5,0.31337594253605366,0.0924764736084506,0.0331099223477679,42,results/stage4_xgboost/predictions/electricity_xgboost_seed_33_injected_5pct.csv,2,2,38,0,2,4,0.5,1.0,0.6666666666666666,0.95,0.05,0.975,applicable
electricity,XGBoost,True,33,injected_5pct,5.0,0.33792032797245397,0.0924764736084506,0.0331099223477679,42,results/stage4_xgboost/predictions/electricity_xgboost_seed_33_injected_5pct.csv,2,1,39,0,2,3,0.6666666666666666,1.0,0.8,0.975,0.025,0.9875,applicable
electricity,XGBoost,True,44,injected_5pct,2.0,0.19065401535405196,0.0924764736084506,0.0331099223477679,42,results/stage4_xgboost/predictions/electricity_xgboost_seed_44_injected_5pct.csv,2,7,33,0,2,9,0.2222222222222222,1.0,0.36363636363636365,0.825,0.175,0.9125,applicable
electricity,XGBoost,True,44,injected_5pct,2.5,0.2151984007904523,0.0924764736084506,0.0331099223477679,42,results/stage4_xgboost/predictions/electricity_xgboost_seed_44_injected_5pct.csv,2,3,37,0,2,5,0.4,1.0,0.5714285714285714,0.925,0.075,0.9625,applicable
electricity,XGBoost,True,44,injected_5pct,3.0,0.23974278622685266,0.0924764736084506,0.0331099223477679,42,results/stage4_xgboost/predictions/electricity_xgboost_seed_44_injected_5pct.csv,2,3,37,0,2,5,0.4,1.0,0.5714285714285714,0.925,0.075,0.9625,applicable
electricity,XGBoost,True,44,injected_5pct,3.5,0.264287171663253,0.0924764736084506,0.0331099223477679,42,results/stage4_xgboost/predictions/electricity_xgboost_seed_44_injected_5pct.csv,2,3,37,0,2,5,0.4,1.0,0.5714285714285714,0.925,0.075,0.9625,applicable
electricity,XGBoost,True,44,injected_5pct,4.0,0.28883155709965336,0.0924764736084506,0.0331099223477679,42,results/stage4_xgboost/predictions/electricity_xgboost_seed_44_injected_5pct.csv,2,1,39,0,2,3,0.6666666666666666,1.0,0.8,0.975,0.025,0.9875,applicable
electricity,XGBoost,True,44,injected_5pct,4.5,0.31337594253605366,0.0924764736084506,0.0331099223477679,42,results/stage4_xgboost/predictions/electricity_xgboost_seed_44_injected_5pct.csv,2,1,39,0,2,3,0.6666666666666666,1.0,0.8,0.975,0.025,0.9875,applicable
electricity,XGBoost,True,44,injected_5pct,5.0,0.33792032797245397,0.0924764736084506,0.0331099223477679,42,results/stage4_xgboost/predictions/electricity_xgboost_seed_44_injected_5pct.csv,2,0,40,0,2,2,1.0,1.0,1.0,1.0,0.0,1.0,applicable
electricity,XGBoost,True,55,injected_5pct,2.0,0.19065401535405196,0.0924764736084506,0.0331099223477679,42,results/stage4_xgboost/predictions/electricity_xgboost_seed_55_injected_5pct.csv,2,5,35,0,2,7,0.2857142857142857,1.0,0.4444444444444444,0.875,0.125,0.9375,applicable
electricity,XGBoost,True,55,injected_5pct,2.5,0.2151984007904523,0.0924764736084506,0.0331099223477679,42,results/stage4_xgboost/predictions/electricity_xgboost_seed_55_injected_5pct.csv,2,4,36,0,2,6,0.3333333333333333,1.0,0.5,0.9,0.1,0.95,applicable
electricity,XGBoost,True,55,injected_5pct,3.0,0.23974278622685266,0.0924764736084506,0.0331099223477679,42,results/stage4_xgboost/predictions/electricity_xgboost_seed_55_injected_5pct.csv,2,4,36,0,2,6,0.3333333333333333,1.0,0.5,0.9,0.1,0.95,applicable
electricity,XGBoost,True,55,injected_5pct,3.5,0.264287171663253,0.0924764736084506,0.0331099223477679,42,results/stage4_xgboost/predictions/electricity_xgboost_seed_55_injected_5pct.csv,2,3,37,0,2,5,0.4,1.0,0.5714285714285714,0.925,0.075,0.9625,applicable
electricity,XGBoost,True,55,injected_5pct,4.0,0.28883155709965336,0.0924764736084506,0.0331099223477679,42,results/stage4_xgboost/predictions/electricity_xgboost_seed_55_injected_5pct.csv,2,1,39,0,2,3,0.6666666666666666,1.0,0.8,0.975,0.025,0.9875,applicable
electricity,XGBoost,True,55,injected_5pct,4.5,0.31337594253605366,0.0924764736084506,0.0331099223477679,42,results/stage4_xgboost/predictions/electricity_xgboost_seed_55_injected_5pct.csv,2,1,39,0,2,3,0.6666666666666666,1.0,0.8,0.975,0.025,0.9875,applicable
electricity,XGBoost,True,55,injected_5pct,5.0,0.33792032797245397,0.0924764736084506,0.0331099223477679,42,results/stage4_xgboost/predictions/electricity_xgboost_seed_55_injected_5pct.csv,2,0,40,0,2,2,1.0,1.0,1.0,1.0,0.0,1.0,applicable
electricity,XGBoost,True,66,injected_5pct,2.0,0.19065401535405196,0.0924764736084506,0.0331099223477679,42,results/stage4_xgboost/predictions/electricity_xgboost_seed_66_injected_5pct.csv,2,6,34,0,2,8,0.25,1.0,0.4,0.85,0.15,0.925,applicable
electricity,XGBoost,True,66,injected_5pct,2.5,0.2151984007904523,0.0924764736084506,0.0331099223477679,42,results/stage4_xgboost/predictions/electricity_xgboost_seed_66_injected_5pct.csv,2,4,36,0,2,6,0.3333333333333333,1.0,0.5,0.9,0.1,0.95,applicable
electricity,XGBoost,True,66,injected_5pct,3.0,0.23974278622685266,0.0924764736084506,0.0331099223477679,42,results/stage4_xgboost/predictions/electricity_xgboost_seed_66_injected_5pct.csv,2,3,37,0,2,5,0.4,1.0,0.5714285714285714,0.925,0.075,0.9625,applicable
electricity,XGBoost,True,66,injected_5pct,3.5,0.264287171663253,0.0924764736084506,0.0331099223477679,42,results/stage4_xgboost/predictions/electricity_xgboost_seed_66_injected_5pct.csv,2,3,37,0,2,5,0.4,1.0,0.5714285714285714,0.925,0.075,0.9625,applicable
electricity,XGBoost,True,66,injected_5pct,4.0,0.28883155709965336,0.0924764736084506,0.0331099223477679,42,results/stage4_xgboost/predictions/electricity_xgboost_seed_66_injected_5pct.csv,2,3,37,0,2,5,0.4,1.0,0.5714285714285714,0.925,0.075,0.9625,applicable
electricity,XGBoost,True,66,injected_5pct,4.5,0.31337594253605366,0.0924764736084506,0.0331099223477679,42,results/stage4_xgboost/predictions/electricity_xgboost_seed_66_injected_5pct.csv,2,0,40,0,2,2,1.0,1.0,1.0,1.0,0.0,1.0,applicable
electricity,XGBoost,True,66,injected_5pct,5.0,0.33792032797245397,0.0924764736084506,0.0331099223477679,42,results/stage4_xgboost/predictions/electricity_xgboost_seed_66_injected_5pct.csv,2,0,40,0,2,2,1.0,1.0,1.0,1.0,0.0,1.0,applicable
electricity,XGBoost,True,77,injected_5pct,2.0,0.19065401535405196,0.0924764736084506,0.0331099223477679,42,results/stage4_xgboost/predictions/electricity_xgboost_seed_77_injected_5pct.csv,2,6,34,0,2,8,0.25,1.0,0.4,0.85,0.15,0.925,applicable
electricity,XGBoost,True,77,injected_5pct,2.5,0.2151984007904523,0.0924764736084506,0.0331099223477679,42,results/stage4_xgboost/predictions/electricity_xgboost_seed_77_injected_5pct.csv,2,4,36,0,2,6,0.3333333333333333,1.0,0.5,0.9,0.1,0.95,applicable
electricity,XGBoost,True,77,injected_5pct,3.0,0.23974278622685266,0.0924764736084506,0.0331099223477679,42,results/stage4_xgboost/predictions/electricity_xgboost_seed_77_injected_5pct.csv,2,4,36,0,2,6,0.3333333333333333,1.0,0.5,0.9,0.1,0.95,applicable
electricity,XGBoost,True,77,injected_5pct,3.5,0.264287171663253,0.0924764736084506,0.0331099223477679,42,results/stage4_xgboost/predictions/electricity_xgboost_seed_77_injected_5pct.csv,2,3,37,0,2,5,0.4,1.0,0.5714285714285714,0.925,0.075,0.9625,applicable
electricity,XGBoost,True,77,injected_5pct,4.0,0.28883155709965336,0.0924764736084506,0.0331099223477679,42,results/stage4_xgboost/predictions/electricity_xgboost_seed_77_injected_5pct.csv,2,2,38,0,2,4,0.5,1.0,0.6666666666666666,0.95,0.05,0.975,applicable
electricity,XGBoost,True,77,injected_5pct,4.5,0.31337594253605366,0.0924764736084506,0.0331099223477679,42,results/stage4_xgboost/predictions/electricity_xgboost_seed_77_injected_5pct.csv,2,1,39,0,2,3,0.6666666666666666,1.0,0.8,0.975,0.025,0.9875,applicable
electricity,XGBoost,True,77,injected_5pct,5.0,0.33792032797245397,0.0924764736084506,0.0331099223477679,42,results/stage4_xgboost/predictions/electricity_xgboost_seed_77_injected_5pct.csv,2,0,40,0,2,2,1.0,1.0,1.0,1.0,0.0,1.0,applicable
electricity,XGBoost,True,88,injected_5pct,2.0,0.19065401535405196,0.0924764736084506,0.0331099223477679,42,results/stage4_xgboost/predictions/electricity_xgboost_seed_88_injected_5pct.csv,2,5,35,0,2,7,0.2857142857142857,1.0,0.4444444444444444,0.875,0.125,0.9375,applicable
electricity,XGBoost,True,88,injected_5pct,2.5,0.2151984007904523,0.0924764736084506,0.0331099223477679,42,results/stage4_xgboost/predictions/electricity_xgboost_seed_88_injected_5pct.csv,2,4,36,0,2,6,0.3333333333333333,1.0,0.5,0.9,0.1,0.95,applicable
electricity,XGBoost,True,88,injected_5pct,3.0,0.23974278622685266,0.0924764736084506,0.0331099223477679,42,results/stage4_xgboost/predictions/electricity_xgboost_seed_88_injected_5pct.csv,2,3,37,0,2,5,0.4,1.0,0.5714285714285714,0.925,0.075,0.9625,applicable
electricity,XGBoost,True,88,injected_5pct,3.5,0.264287171663253,0.0924764736084506,0.0331099223477679,42,results/stage4_xgboost/predictions/electricity_xgboost_seed_88_injected_5pct.csv,2,2,38,0,2,4,0.5,1.0,0.6666666666666666,0.95,0.05,0.975,applicable
electricity,XGBoost,True,88,injected_5pct,4.0,0.28883155709965336,0.0924764736084506,0.0331099223477679,42,results/stage4_xgboost/predictions/electricity_xgboost_seed_88_injected_5pct.csv,2,1,39,0,2,3,0.6666666666666666,1.0,0.8,0.975,0.025,0.9875,applicable
electricity,XGBoost,True,88,injected_5pct,4.5,0.31337594253605366,0.0924764736084506,0.0331099223477679,42,results/stage4_xgboost/predictions/electricity_xgboost_seed_88_injected_5pct.csv,2,1,39,0,2,3,0.6666666666666666,1.0,0.8,0.975,0.025,0.9875,applicable
electricity,XGBoost,True,88,injected_5pct,5.0,0.33792032797245397,0.0924764736084506,0.0331099223477679,42,results/stage4_xgboost/predictions/electricity_xgboost_seed_88_injected_5pct.csv,2,0,40,0,2,2,1.0,1.0,1.0,1.0,0.0,1.0,applicable
electricity,XGBoost,True,99,injected_5pct,2.0,0.19065401535405196,0.0924764736084506,0.0331099223477679,42,results/stage4_xgboost/predictions/electricity_xgboost_seed_99_injected_5pct.csv,2,6,34,0,2,8,0.25,1.0,0.4,0.85,0.15,0.925,applicable
electricity,XGBoost,True,99,injected_5pct,2.5,0.2151984007904523,0.0924764736084506,0.0331099223477679,42,results/stage4_xgboost/predictions/electricity_xgboost_seed_99_injected_5pct.csv,2,4,36,0,2,6,0.3333333333333333,1.0,0.5,0.9,0.1,0.95,applicable
electricity,XGBoost,True,99,injected_5pct,3.0,0.23974278622685266,0.0924764736084506,0.0331099223477679,42,results/stage4_xgboost/predictions/electricity_xgboost_seed_99_injected_5pct.csv,2,3,37,0,2,5,0.4,1.0,0.5714285714285714,0.925,0.075,0.9625,applicable
electricity,XGBoost,True,99,injected_5pct,3.5,0.264287171663253,0.0924764736084506,0.0331099223477679,42,results/stage4_xgboost/predictions/electricity_xgboost_seed_99_injected_5pct.csv,2,2,38,0,2,4,0.5,1.0,0.6666666666666666,0.95,0.05,0.975,applicable
electricity,XGBoost,True,99,injected_5pct,4.0,0.28883155709965336,0.0924764736084506,0.0331099223477679,42,results/stage4_xgboost/predictions/electricity_xgboost_seed_99_injected_5pct.csv,2,1,39,0,2,3,0.6666666666666666,1.0,0.8,0.975,0.025,0.9875,applicable
electricity,XGBoost,True,99,injected_5pct,4.5,0.31337594253605366,0.0924764736084506,0.0331099223477679,42,results/stage4_xgboost/predictions/electricity_xgboost_seed_99_injected_5pct.csv,2,1,39,0,2,3,0.6666666666666666,1.0,0.8,0.975,0.025,0.9875,applicable
electricity,XGBoost,True,99,injected_5pct,5.0,0.33792032797245397,0.0924764736084506,0.0331099223477679,42,results/stage4_xgboost/predictions/electricity_xgboost_seed_99_injected_5pct.csv,2,0,40,0,2,2,1.0,1.0,1.0,1.0,0.0,1.0,applicable
electricity,XGBoost,True,110,injected_10pct,2.0,0.19065401535405196,0.0924764736084506,0.0331099223477679,42,results/stage4_xgboost/predictions/electricity_xgboost_seed_110_injected_10pct.csv,4,7,31,0,4,11,0.36363636363636365,1.0,0.5333333333333333,0.8157894736842105,0.18421052631578946,0.9078947368421053,applicable
electricity,XGBoost,True,110,injected_10pct,2.5,0.2151984007904523,0.0924764736084506,0.0331099223477679,42,results/stage4_xgboost/predictions/electricity_xgboost_seed_110_injected_10pct.csv,4,6,32,0,4,10,0.4,1.0,0.5714285714285714,0.8421052631578947,0.15789473684210525,0.9210526315789473,applicable
electricity,XGBoost,True,110,injected_10pct,3.0,0.23974278622685266,0.0924764736084506,0.0331099223477679,42,results/stage4_xgboost/predictions/electricity_xgboost_seed_110_injected_10pct.csv,4,3,35,0,4,7,0.5714285714285714,1.0,0.7272727272727273,0.9210526315789473,0.07894736842105263,0.9605263157894737,applicable
electricity,XGBoost,True,110,injected_10pct,3.5,0.264287171663253,0.0924764736084506,0.0331099223477679,42,results/stage4_xgboost/predictions/electricity_xgboost_seed_110_injected_10pct.csv,4,3,35,0,4,7,0.5714285714285714,1.0,0.7272727272727273,0.9210526315789473,0.07894736842105263,0.9605263157894737,applicable
electricity,XGBoost,True,110,injected_10pct,4.0,0.28883155709965336,0.0924764736084506,0.0331099223477679,42,results/stage4_xgboost/predictions/electricity_xgboost_seed_110_injected_10pct.csv,4,3,35,0,4,7,0.5714285714285714,1.0,0.7272727272727273,0.9210526315789473,0.07894736842105263,0.9605263157894737,applicable
electricity,XGBoost,True,110,injected_10pct,4.5,0.31337594253605366,0.0924764736084506,0.0331099223477679,42,results/stage4_xgboost/predictions/electricity_xgboost_seed_110_injected_10pct.csv,4,2,36,0,4,6,0.6666666666666666,1.0,0.8,0.9473684210526315,0.05263157894736842,0.9736842105263157,applicable
electricity,XGBoost,True,110,injected_10pct,5.0,0.33792032797245397,0.0924764736084506,0.0331099223477679,42,results/stage4_xgboost/predictions/electricity_xgboost_seed_110_injected_10pct.csv,4,1,37,0,4,5,0.8,1.0,0.8888888888888888,0.9736842105263158,0.02631578947368421,0.986842105263158,applicable
electricity,XGBoost,True,11,injected_10pct,2.0,0.19065401535405196,0.0924764736084506,0.0331099223477679,42,results/stage4_xgboost/predictions/electricity_xgboost_seed_11_injected_10pct.csv,4,10,28,0,4,14,0.2857142857142857,1.0,0.4444444444444444,0.7368421052631579,0.2631578947368421,0.868421052631579,applicable
electricity,XGBoost,True,11,injected_10pct,2.5,0.2151984007904523,0.0924764736084506,0.0331099223477679,42,results/stage4_xgboost/predictions/electricity_xgboost_seed_11_injected_10pct.csv,4,8,30,0,4,12,0.3333333333333333,1.0,0.5,0.7894736842105263,0.21052631578947367,0.8947368421052632,applicable
electricity,XGBoost,True,11,injected_10pct,3.0,0.23974278622685266,0.0924764736084506,0.0331099223477679,42,results/stage4_xgboost/predictions/electricity_xgboost_seed_11_injected_10pct.csv,4,4,34,0,4,8,0.5,1.0,0.6666666666666666,0.8947368421052632,0.10526315789473684,0.9473684210526316,applicable
electricity,XGBoost,True,11,injected_10pct,3.5,0.264287171663253,0.0924764736084506,0.0331099223477679,42,results/stage4_xgboost/predictions/electricity_xgboost_seed_11_injected_10pct.csv,4,3,35,0,4,7,0.5714285714285714,1.0,0.7272727272727273,0.9210526315789473,0.07894736842105263,0.9605263157894737,applicable
electricity,XGBoost,True,11,injected_10pct,4.0,0.28883155709965336,0.0924764736084506,0.0331099223477679,42,results/stage4_xgboost/predictions/electricity_xgboost_seed_11_injected_10pct.csv,4,2,36,0,4,6,0.6666666666666666,1.0,0.8,0.9473684210526315,0.05263157894736842,0.9736842105263157,applicable
electricity,XGBoost,True,11,injected_10pct,4.5,0.31337594253605366,0.0924764736084506,0.0331099223477679,42,results/stage4_xgboost/predictions/electricity_xgboost_seed_11_injected_10pct.csv,4,1,37,0,4,5,0.8,1.0,0.8888888888888888,0.9736842105263158,0.02631578947368421,0.986842105263158,applicable
electricity,XGBoost,True,11,injected_10pct,5.0,0.33792032797245397,0.0924764736084506,0.0331099223477679,42,results/stage4_xgboost/predictions/electricity_xgboost_seed_11_injected_10pct.csv,4,0,38,0,4,4,1.0,1.0,1.0,1.0,0.0,1.0,applicable
electricity,XGBoost,True,22,injected_10pct,2.0,0.19065401535405196,0.0924764736084506,0.0331099223477679,42,results/stage4_xgboost/predictions/electricity_xgboost_seed_22_injected_10pct.csv,4,9,29,0,4,13,0.3076923076923077,1.0,0.47058823529411764,0.7631578947368421,0.23684210526315788,0.881578947368421,applicable
electricity,XGBoost,True,22,injected_10pct,2.5,0.2151984007904523,0.0924764736084506,0.0331099223477679,42,results/stage4_xgboost/predictions/electricity_xgboost_seed_22_injected_10pct.csv,4,7,31,0,4,11,0.36363636363636365,1.0,0.5333333333333333,0.8157894736842105,0.18421052631578946,0.9078947368421053,applicable
electricity,XGBoost,True,22,injected_10pct,3.0,0.23974278622685266,0.0924764736084506,0.0331099223477679,42,results/stage4_xgboost/predictions/electricity_xgboost_seed_22_injected_10pct.csv,4,6,32,0,4,10,0.4,1.0,0.5714285714285714,0.8421052631578947,0.15789473684210525,0.9210526315789473,applicable
electricity,XGBoost,True,22,injected_10pct,3.5,0.264287171663253,0.0924764736084506,0.0331099223477679,42,results/stage4_xgboost/predictions/electricity_xgboost_seed_22_injected_10pct.csv,4,3,35,0,4,7,0.5714285714285714,1.0,0.7272727272727273,0.9210526315789473,0.07894736842105263,0.9605263157894737,applicable
electricity,XGBoost,True,22,injected_10pct,4.0,0.28883155709965336,0.0924764736084506,0.0331099223477679,42,results/stage4_xgboost/predictions/electricity_xgboost_seed_22_injected_10pct.csv,4,2,36,0,4,6,0.6666666666666666,1.0,0.8,0.9473684210526315,0.05263157894736842,0.9736842105263157,applicable
electricity,XGBoost,True,22,injected_10pct,4.5,0.31337594253605366,0.0924764736084506,0.0331099223477679,42,results/stage4_xgboost/predictions/electricity_xgboost_seed_22_injected_10pct.csv,4,2,36,0,4,6,0.6666666666666666,1.0,0.8,0.9473684210526315,0.05263157894736842,0.9736842105263157,applicable
electricity,XGBoost,True,22,injected_10pct,5.0,0.33792032797245397,0.0924764736084506,0.0331099223477679,42,results/stage4_xgboost/predictions/electricity_xgboost_seed_22_injected_10pct.csv,4,0,38,0,4,4,1.0,1.0,1.0,1.0,0.0,1.0,applicable
electricity,XGBoost,True,33,injected_10pct,2.0,0.19065401535405196,0.0924764736084506,0.0331099223477679,42,results/stage4_xgboost/predictions/electricity_xgboost_seed_33_injected_10pct.csv,4,8,30,0,4,12,0.3333333333333333,1.0,0.5,0.7894736842105263,0.21052631578947367,0.8947368421052632,applicable
electricity,XGBoost,True,33,injected_10pct,2.5,0.2151984007904523,0.0924764736084506,0.0331099223477679,42,results/stage4_xgboost/predictions/electricity_xgboost_seed_33_injected_10pct.csv,4,7,31,0,4,11,0.36363636363636365,1.0,0.5333333333333333,0.8157894736842105,0.18421052631578946,0.9078947368421053,applicable
electricity,XGBoost,True,33,injected_10pct,3.0,0.23974278622685266,0.0924764736084506,0.0331099223477679,42,results/stage4_xgboost/predictions/electricity_xgboost_seed_33_injected_10pct.csv,4,5,33,0,4,9,0.4444444444444444,1.0,0.6153846153846154,0.868421052631579,0.13157894736842105,0.9342105263157895,applicable
electricity,XGBoost,True,33,injected_10pct,3.5,0.264287171663253,0.0924764736084506,0.0331099223477679,42,results/stage4_xgboost/predictions/electricity_xgboost_seed_33_injected_10pct.csv,4,3,35,0,4,7,0.5714285714285714,1.0,0.7272727272727273,0.9210526315789473,0.07894736842105263,0.9605263157894737,applicable
electricity,XGBoost,True,33,injected_10pct,4.0,0.28883155709965336,0.0924764736084506,0.0331099223477679,42,results/stage4_xgboost/predictions/electricity_xgboost_seed_33_injected_10pct.csv,4,3,35,0,4,7,0.5714285714285714,1.0,0.7272727272727273,0.9210526315789473,0.07894736842105263,0.9605263157894737,applicable
electricity,XGBoost,True,33,injected_10pct,4.5,0.31337594253605366,0.0924764736084506,0.0331099223477679,42,results/stage4_xgboost/predictions/electricity_xgboost_seed_33_injected_10pct.csv,4,2,36,0,4,6,0.6666666666666666,1.0,0.8,0.9473684210526315,0.05263157894736842,0.9736842105263157,applicable
electricity,XGBoost,True,33,injected_10pct,5.0,0.33792032797245397,0.0924764736084506,0.0331099223477679,42,results/stage4_xgboost/predictions/electricity_xgboost_seed_33_injected_10pct.csv,4,0,38,0,4,4,1.0,1.0,1.0,1.0,0.0,1.0,applicable
electricity,XGBoost,True,44,injected_10pct,2.0,0.19065401535405196,0.0924764736084506,0.0331099223477679,42,results/stage4_xgboost/predictions/electricity_xgboost_seed_44_injected_10pct.csv,4,9,29,0,4,13,0.3076923076923077,1.0,0.47058823529411764,0.7631578947368421,0.23684210526315788,0.881578947368421,applicable
electricity,XGBoost,True,44,injected_10pct,2.5,0.2151984007904523,0.0924764736084506,0.0331099223477679,42,results/stage4_xgboost/predictions/electricity_xgboost_seed_44_injected_10pct.csv,4,6,32,0,4,10,0.4,1.0,0.5714285714285714,0.8421052631578947,0.15789473684210525,0.9210526315789473,applicable
electricity,XGBoost,True,44,injected_10pct,3.0,0.23974278622685266,0.0924764736084506,0.0331099223477679,42,results/stage4_xgboost/predictions/electricity_xgboost_seed_44_injected_10pct.csv,4,3,35,0,4,7,0.5714285714285714,1.0,0.7272727272727273,0.9210526315789473,0.07894736842105263,0.9605263157894737,applicable
electricity,XGBoost,True,44,injected_10pct,3.5,0.264287171663253,0.0924764736084506,0.0331099223477679,42,results/stage4_xgboost/predictions/electricity_xgboost_seed_44_injected_10pct.csv,4,3,35,0,4,7,0.5714285714285714,1.0,0.7272727272727273,0.9210526315789473,0.07894736842105263,0.9605263157894737,applicable
electricity,XGBoost,True,44,injected_10pct,4.0,0.28883155709965336,0.0924764736084506,0.0331099223477679,42,results/stage4_xgboost/predictions/electricity_xgboost_seed_44_injected_10pct.csv,4,3,35,0,4,7,0.5714285714285714,1.0,0.7272727272727273,0.9210526315789473,0.07894736842105263,0.9605263157894737,applicable
electricity,XGBoost,True,44,injected_10pct,4.5,0.31337594253605366,0.0924764736084506,0.0331099223477679,42,results/stage4_xgboost/predictions/electricity_xgboost_seed_44_injected_10pct.csv,4,2,36,0,4,6,0.6666666666666666,1.0,0.8,0.9473684210526315,0.05263157894736842,0.9736842105263157,applicable
electricity,XGBoost,True,44,injected_10pct,5.0,0.33792032797245397,0.0924764736084506,0.0331099223477679,42,results/stage4_xgboost/predictions/electricity_xgboost_seed_44_injected_10pct.csv,4,1,37,0,4,5,0.8,1.0,0.8888888888888888,0.9736842105263158,0.02631578947368421,0.986842105263158,applicable
electricity,XGBoost,True,55,injected_10pct,2.0,0.19065401535405196,0.0924764736084506,0.0331099223477679,42,results/stage4_xgboost/predictions/electricity_xgboost_seed_55_injected_10pct.csv,4,9,29,0,4,13,0.3076923076923077,1.0,0.47058823529411764,0.7631578947368421,0.23684210526315788,0.881578947368421,applicable
electricity,XGBoost,True,55,injected_10pct,2.5,0.2151984007904523,0.0924764736084506,0.0331099223477679,42,results/stage4_xgboost/predictions/electricity_xgboost_seed_55_injected_10pct.csv,4,7,31,0,4,11,0.36363636363636365,1.0,0.5333333333333333,0.8157894736842105,0.18421052631578946,0.9078947368421053,applicable
electricity,XGBoost,True,55,injected_10pct,3.0,0.23974278622685266,0.0924764736084506,0.0331099223477679,42,results/stage4_xgboost/predictions/electricity_xgboost_seed_55_injected_10pct.csv,4,5,33,0,4,9,0.4444444444444444,1.0,0.6153846153846154,0.868421052631579,0.13157894736842105,0.9342105263157895,applicable
electricity,XGBoost,True,55,injected_10pct,3.5,0.264287171663253,0.0924764736084506,0.0331099223477679,42,results/stage4_xgboost/predictions/electricity_xgboost_seed_55_injected_10pct.csv,4,3,35,0,4,7,0.5714285714285714,1.0,0.7272727272727273,0.9210526315789473,0.07894736842105263,0.9605263157894737,applicable
electricity,XGBoost,True,55,injected_10pct,4.0,0.28883155709965336,0.0924764736084506,0.0331099223477679,42,results/stage4_xgboost/predictions/electricity_xgboost_seed_55_injected_10pct.csv,4,1,37,0,4,5,0.8,1.0,0.8888888888888888,0.9736842105263158,0.02631578947368421,0.986842105263158,applicable
electricity,XGBoost,True,55,injected_10pct,4.5,0.31337594253605366,0.0924764736084506,0.0331099223477679,42,results/stage4_xgboost/predictions/electricity_xgboost_seed_55_injected_10pct.csv,4,1,37,0,4,5,0.8,1.0,0.8888888888888888,0.9736842105263158,0.02631578947368421,0.986842105263158,applicable
electricity,XGBoost,True,55,injected_10pct,5.0,0.33792032797245397,0.0924764736084506,0.0331099223477679,42,results/stage4_xgboost/predictions/electricity_xgboost_seed_55_injected_10pct.csv,4,0,38,0,4,4,1.0,1.0,1.0,1.0,0.0,1.0,applicable
electricity,XGBoost,True,66,injected_10pct,2.0,0.19065401535405196,0.0924764736084506,0.0331099223477679,42,results/stage4_xgboost/predictions/electricity_xgboost_seed_66_injected_10pct.csv,4,8,30,0,4,12,0.3333333333333333,1.0,0.5,0.7894736842105263,0.21052631578947367,0.8947368421052632,applicable
electricity,XGBoost,True,66,injected_10pct,2.5,0.2151984007904523,0.0924764736084506,0.0331099223477679,42,results/stage4_xgboost/predictions/electricity_xgboost_seed_66_injected_10pct.csv,4,8,30,0,4,12,0.3333333333333333,1.0,0.5,0.7894736842105263,0.21052631578947367,0.8947368421052632,applicable
electricity,XGBoost,True,66,injected_10pct,3.0,0.23974278622685266,0.0924764736084506,0.0331099223477679,42,results/stage4_xgboost/predictions/electricity_xgboost_seed_66_injected_10pct.csv,4,6,32,0,4,10,0.4,1.0,0.5714285714285714,0.8421052631578947,0.15789473684210525,0.9210526315789473,applicable
electricity,XGBoost,True,66,injected_10pct,3.5,0.264287171663253,0.0924764736084506,0.0331099223477679,42,results/stage4_xgboost/predictions/electricity_xgboost_seed_66_injected_10pct.csv,4,3,35,0,4,7,0.5714285714285714,1.0,0.7272727272727273,0.9210526315789473,0.07894736842105263,0.9605263157894737,applicable
electricity,XGBoost,True,66,injected_10pct,4.0,0.28883155709965336,0.0924764736084506,0.0331099223477679,42,results/stage4_xgboost/predictions/electricity_xgboost_seed_66_injected_10pct.csv,4,3,35,0,4,7,0.5714285714285714,1.0,0.7272727272727273,0.9210526315789473,0.07894736842105263,0.9605263157894737,applicable
electricity,XGBoost,True,66,injected_10pct,4.5,0.31337594253605366,0.0924764736084506,0.0331099223477679,42,results/stage4_xgboost/predictions/electricity_xgboost_seed_66_injected_10pct.csv,4,1,37,0,4,5,0.8,1.0,0.8888888888888888,0.9736842105263158,0.02631578947368421,0.986842105263158,applicable
electricity,XGBoost,True,66,injected_10pct,5.0,0.33792032797245397,0.0924764736084506,0.0331099223477679,42,results/stage4_xgboost/predictions/electricity_xgboost_seed_66_injected_10pct.csv,4,1,37,0,4,5,0.8,1.0,0.8888888888888888,0.9736842105263158,0.02631578947368421,0.986842105263158,applicable
electricity,XGBoost,True,77,injected_10pct,2.0,0.19065401535405196,0.0924764736084506,0.0331099223477679,42,results/stage4_xgboost/predictions/electricity_xgboost_seed_77_injected_10pct.csv,4,8,30,0,4,12,0.3333333333333333,1.0,0.5,0.7894736842105263,0.21052631578947367,0.8947368421052632,applicable
electricity,XGBoost,True,77,injected_10pct,2.5,0.2151984007904523,0.0924764736084506,0.0331099223477679,42,results/stage4_xgboost/predictions/electricity_xgboost_seed_77_injected_10pct.csv,4,8,30,0,4,12,0.3333333333333333,1.0,0.5,0.7894736842105263,0.21052631578947367,0.8947368421052632,applicable
electricity,XGBoost,True,77,injected_10pct,3.0,0.23974278622685266,0.0924764736084506,0.0331099223477679,42,results/stage4_xgboost/predictions/electricity_xgboost_seed_77_injected_10pct.csv,4,7,31,0,4,11,0.36363636363636365,1.0,0.5333333333333333,0.8157894736842105,0.18421052631578946,0.9078947368421053,applicable
electricity,XGBoost,True,77,injected_10pct,3.5,0.264287171663253,0.0924764736084506,0.0331099223477679,42,results/stage4_xgboost/predictions/electricity_xgboost_seed_77_injected_10pct.csv,4,3,35,0,4,7,0.5714285714285714,1.0,0.7272727272727273,0.9210526315789473,0.07894736842105263,0.9605263157894737,applicable
electricity,XGBoost,True,77,injected_10pct,4.0,0.28883155709965336,0.0924764736084506,0.0331099223477679,42,results/stage4_xgboost/predictions/electricity_xgboost_seed_77_injected_10pct.csv,4,2,36,0,4,6,0.6666666666666666,1.0,0.8,0.9473684210526315,0.05263157894736842,0.9736842105263157,applicable
electricity,XGBoost,True,77,injected_10pct,4.5,0.31337594253605366,0.0924764736084506,0.0331099223477679,42,results/stage4_xgboost/predictions/electricity_xgboost_seed_77_injected_10pct.csv,4,2,36,0,4,6,0.6666666666666666,1.0,0.8,0.9473684210526315,0.05263157894736842,0.9736842105263157,applicable
electricity,XGBoost,True,77,injected_10pct,5.0,0.33792032797245397,0.0924764736084506,0.0331099223477679,42,results/stage4_xgboost/predictions/electricity_xgboost_seed_77_injected_10pct.csv,4,0,38,0,4,4,1.0,1.0,1.0,1.0,0.0,1.0,applicable
electricity,XGBoost,True,88,injected_10pct,2.0,0.19065401535405196,0.0924764736084506,0.0331099223477679,42,results/stage4_xgboost/predictions/electricity_xgboost_seed_88_injected_10pct.csv,4,8,30,0,4,12,0.3333333333333333,1.0,0.5,0.7894736842105263,0.21052631578947367,0.8947368421052632,applicable
electricity,XGBoost,True,88,injected_10pct,2.5,0.2151984007904523,0.0924764736084506,0.0331099223477679,42,results/stage4_xgboost/predictions/electricity_xgboost_seed_88_injected_10pct.csv,4,8,30,0,4,12,0.3333333333333333,1.0,0.5,0.7894736842105263,0.21052631578947367,0.8947368421052632,applicable
electricity,XGBoost,True,88,injected_10pct,3.0,0.23974278622685266,0.0924764736084506,0.0331099223477679,42,results/stage4_xgboost/predictions/electricity_xgboost_seed_88_injected_10pct.csv,4,4,34,0,4,8,0.5,1.0,0.6666666666666666,0.8947368421052632,0.10526315789473684,0.9473684210526316,applicable
electricity,XGBoost,True,88,injected_10pct,3.5,0.264287171663253,0.0924764736084506,0.0331099223477679,42,results/stage4_xgboost/predictions/electricity_xgboost_seed_88_injected_10pct.csv,4,3,35,0,4,7,0.5714285714285714,1.0,0.7272727272727273,0.9210526315789473,0.07894736842105263,0.9605263157894737,applicable
electricity,XGBoost,True,88,injected_10pct,4.0,0.28883155709965336,0.0924764736084506,0.0331099223477679,42,results/stage4_xgboost/predictions/electricity_xgboost_seed_88_injected_10pct.csv,4,2,36,0,4,6,0.6666666666666666,1.0,0.8,0.9473684210526315,0.05263157894736842,0.9736842105263157,applicable
electricity,XGBoost,True,88,injected_10pct,4.5,0.31337594253605366,0.0924764736084506,0.0331099223477679,42,results/stage4_xgboost/predictions/electricity_xgboost_seed_88_injected_10pct.csv,4,2,36,0,4,6,0.6666666666666666,1.0,0.8,0.9473684210526315,0.05263157894736842,0.9736842105263157,applicable
electricity,XGBoost,True,88,injected_10pct,5.0,0.33792032797245397,0.0924764736084506,0.0331099223477679,42,results/stage4_xgboost/predictions/electricity_xgboost_seed_88_injected_10pct.csv,4,0,38,0,4,4,1.0,1.0,1.0,1.0,0.0,1.0,applicable
electricity,XGBoost,True,99,injected_10pct,2.0,0.19065401535405196,0.0924764736084506,0.0331099223477679,42,results/stage4_xgboost/predictions/electricity_xgboost_seed_99_injected_10pct.csv,4,9,29,0,4,13,0.3076923076923077,1.0,0.47058823529411764,0.7631578947368421,0.23684210526315788,0.881578947368421,applicable
electricity,XGBoost,True,99,injected_10pct,2.5,0.2151984007904523,0.0924764736084506,0.0331099223477679,42,results/stage4_xgboost/predictions/electricity_xgboost_seed_99_injected_10pct.csv,4,6,32,0,4,10,0.4,1.0,0.5714285714285714,0.8421052631578947,0.15789473684210525,0.9210526315789473,applicable
electricity,XGBoost,True,99,injected_10pct,3.0,0.23974278622685266,0.0924764736084506,0.0331099223477679,42,results/stage4_xgboost/predictions/electricity_xgboost_seed_99_injected_10pct.csv,4,4,34,0,4,8,0.5,1.0,0.6666666666666666,0.8947368421052632,0.10526315789473684,0.9473684210526316,applicable
electricity,XGBoost,True,99,injected_10pct,3.5,0.264287171663253,0.0924764736084506,0.0331099223477679,42,results/stage4_xgboost/predictions/electricity_xgboost_seed_99_injected_10pct.csv,4,3,35,0,4,7,0.5714285714285714,1.0,0.7272727272727273,0.9210526315789473,0.07894736842105263,0.9605263157894737,applicable
electricity,XGBoost,True,99,injected_10pct,4.0,0.28883155709965336,0.0924764736084506,0.0331099223477679,42,results/stage4_xgboost/predictions/electricity_xgboost_seed_99_injected_10pct.csv,4,2,36,0,4,6,0.6666666666666666,1.0,0.8,0.9473684210526315,0.05263157894736842,0.9736842105263157,applicable
electricity,XGBoost,True,99,injected_10pct,4.5,0.31337594253605366,0.0924764736084506,0.0331099223477679,42,results/stage4_xgboost/predictions/electricity_xgboost_seed_99_injected_10pct.csv,4,2,36,0,4,6,0.6666666666666666,1.0,0.8,0.9473684210526315,0.05263157894736842,0.9736842105263157,applicable
electricity,XGBoost,True,99,injected_10pct,5.0,0.33792032797245397,0.0924764736084506,0.0331099223477679,42,results/stage4_xgboost/predictions/electricity_xgboost_seed_99_injected_10pct.csv,4,0,38,0,4,4,1.0,1.0,1.0,1.0,0.0,1.0,applicable
electricity,XGBoost,True,110,proxy_robust_z,2.0,0.19065401535405196,0.0924764736084506,0.0331099223477679,42,results/stage4_xgboost/predictions/electricity_xgboost_seed_110_proxy_robust_z.csv,0,6,36,0,0,6,,,,0.8571428571428571,0.14285714285714285,,not_applicable_no_positive_reference
electricity,XGBoost,True,110,proxy_robust_z,2.5,0.2151984007904523,0.0924764736084506,0.0331099223477679,42,results/stage4_xgboost/predictions/electricity_xgboost_seed_110_proxy_robust_z.csv,0,3,39,0,0,3,,,,0.9285714285714286,0.07142857142857142,,not_applicable_no_positive_reference
electricity,XGBoost,True,110,proxy_robust_z,3.0,0.23974278622685266,0.0924764736084506,0.0331099223477679,42,results/stage4_xgboost/predictions/electricity_xgboost_seed_110_proxy_robust_z.csv,0,2,40,0,0,2,,,,0.9523809523809523,0.047619047619047616,,not_applicable_no_positive_reference
electricity,XGBoost,True,110,proxy_robust_z,3.5,0.264287171663253,0.0924764736084506,0.0331099223477679,42,results/stage4_xgboost/predictions/electricity_xgboost_seed_110_proxy_robust_z.csv,0,2,40,0,0,2,,,,0.9523809523809523,0.047619047619047616,,not_applicable_no_positive_reference
electricity,XGBoost,True,110,proxy_robust_z,4.0,0.28883155709965336,0.0924764736084506,0.0331099223477679,42,results/stage4_xgboost/predictions/electricity_xgboost_seed_110_proxy_robust_z.csv,0,2,40,0,0,2,,,,0.9523809523809523,0.047619047619047616,,not_applicable_no_positive_reference
electricity,XGBoost,True,110,proxy_robust_z,4.5,0.31337594253605366,0.0924764736084506,0.0331099223477679,42,results/stage4_xgboost/predictions/electricity_xgboost_seed_110_proxy_robust_z.csv,0,1,41,0,0,1,,,,0.9761904761904762,0.023809523809523808,,not_applicable_no_positive_reference
electricity,XGBoost,True,110,proxy_robust_z,5.0,0.33792032797245397,0.0924764736084506,0.0331099223477679,42,results/stage4_xgboost/predictions/electricity_xgboost_seed_110_proxy_robust_z.csv,0,0,42,0,0,0,,,,1.0,0.0,,not_applicable_no_positive_reference
electricity,XGBoost,True,11,proxy_robust_z,2.0,0.19065401535405196,0.0924764736084506,0.0331099223477679,42,results/stage4_xgboost/predictions/electricity_xgboost_seed_11_proxy_robust_z.csv,0,8,34,0,0,8,,,,0.8095238095238095,0.19047619047619047,,not_applicable_no_positive_reference
electricity,XGBoost,True,11,proxy_robust_z,2.5,0.2151984007904523,0.0924764736084506,0.0331099223477679,42,results/stage4_xgboost/predictions/electricity_xgboost_seed_11_proxy_robust_z.csv,0,4,38,0,0,4,,,,0.9047619047619048,0.09523809523809523,,not_applicable_no_positive_reference
electricity,XGBoost,True,11,proxy_robust_z,3.0,0.23974278622685266,0.0924764736084506,0.0331099223477679,42,results/stage4_xgboost/predictions/electricity_xgboost_seed_11_proxy_robust_z.csv,0,2,40,0,0,2,,,,0.9523809523809523,0.047619047619047616,,not_applicable_no_positive_reference
electricity,XGBoost,True,11,proxy_robust_z,3.5,0.264287171663253,0.0924764736084506,0.0331099223477679,42,results/stage4_xgboost/predictions/electricity_xgboost_seed_11_proxy_robust_z.csv,0,2,40,0,0,2,,,,0.9523809523809523,0.047619047619047616,,not_applicable_no_positive_reference
electricity,XGBoost,True,11,proxy_robust_z,4.0,0.28883155709965336,0.0924764736084506,0.0331099223477679,42,results/stage4_xgboost/predictions/electricity_xgboost_seed_11_proxy_robust_z.csv,0,2,40,0,0,2,,,,0.9523809523809523,0.047619047619047616,,not_applicable_no_positive_reference
electricity,XGBoost,True,11,proxy_robust_z,4.5,0.31337594253605366,0.0924764736084506,0.0331099223477679,42,results/stage4_xgboost/predictions/electricity_xgboost_seed_11_proxy_robust_z.csv,0,0,42,0,0,0,,,,1.0,0.0,,not_applicable_no_positive_reference
electricity,XGBoost,True,11,proxy_robust_z,5.0,0.33792032797245397,0.0924764736084506,0.0331099223477679,42,results/stage4_xgboost/predictions/electricity_xgboost_seed_11_proxy_robust_z.csv,0,0,42,0,0,0,,,,1.0,0.0,,not_applicable_no_positive_reference
electricity,XGBoost,True,22,proxy_robust_z,2.0,0.19065401535405196,0.0924764736084506,0.0331099223477679,42,results/stage4_xgboost/predictions/electricity_xgboost_seed_22_proxy_robust_z.csv,0,6,36,0,0,6,,,,0.8571428571428571,0.14285714285714285,,not_applicable_no_positive_reference
electricity,XGBoost,True,22,proxy_robust_z,2.5,0.2151984007904523,0.0924764736084506,0.0331099223477679,42,results/stage4_xgboost/predictions/electricity_xgboost_seed_22_proxy_robust_z.csv,0,4,38,0,0,4,,,,0.9047619047619048,0.09523809523809523,,not_applicable_no_positive_reference
electricity,XGBoost,True,22,proxy_robust_z,3.0,0.23974278622685266,0.0924764736084506,0.0331099223477679,42,results/stage4_xgboost/predictions/electricity_xgboost_seed_22_proxy_robust_z.csv,0,2,40,0,0,2,,,,0.9523809523809523,0.047619047619047616,,not_applicable_no_positive_reference
electricity,XGBoost,True,22,proxy_robust_z,3.5,0.264287171663253,0.0924764736084506,0.0331099223477679,42,results/stage4_xgboost/predictions/electricity_xgboost_seed_22_proxy_robust_z.csv,0,2,40,0,0,2,,,,0.9523809523809523,0.047619047619047616,,not_applicable_no_positive_reference
electricity,XGBoost,True,22,proxy_robust_z,4.0,0.28883155709965336,0.0924764736084506,0.0331099223477679,42,results/stage4_xgboost/predictions/electricity_xgboost_seed_22_proxy_robust_z.csv,0,2,40,0,0,2,,,,0.9523809523809523,0.047619047619047616,,not_applicable_no_positive_reference
electricity,XGBoost,True,22,proxy_robust_z,4.5,0.31337594253605366,0.0924764736084506,0.0331099223477679,42,results/stage4_xgboost/predictions/electricity_xgboost_seed_22_proxy_robust_z.csv,0,2,40,0,0,2,,,,0.9523809523809523,0.047619047619047616,,not_applicable_no_positive_reference
electricity,XGBoost,True,22,proxy_robust_z,5.0,0.33792032797245397,0.0924764736084506,0.0331099223477679,42,results/stage4_xgboost/predictions/electricity_xgboost_seed_22_proxy_robust_z.csv,0,0,42,0,0,0,,,,1.0,0.0,,not_applicable_no_positive_reference
electricity,XGBoost,True,33,proxy_robust_z,2.0,0.19065401535405196,0.0924764736084506,0.0331099223477679,42,results/stage4_xgboost/predictions/electricity_xgboost_seed_33_proxy_robust_z.csv,0,6,36,0,0,6,,,,0.8571428571428571,0.14285714285714285,,not_applicable_no_positive_reference
electricity,XGBoost,True,33,proxy_robust_z,2.5,0.2151984007904523,0.0924764736084506,0.0331099223477679,42,results/stage4_xgboost/predictions/electricity_xgboost_seed_33_proxy_robust_z.csv,0,4,38,0,0,4,,,,0.9047619047619048,0.09523809523809523,,not_applicable_no_positive_reference
electricity,XGBoost,True,33,proxy_robust_z,3.0,0.23974278622685266,0.0924764736084506,0.0331099223477679,42,results/stage4_xgboost/predictions/electricity_xgboost_seed_33_proxy_robust_z.csv,0,2,40,0,0,2,,,,0.9523809523809523,0.047619047619047616,,not_applicable_no_positive_reference
electricity,XGBoost,True,33,proxy_robust_z,3.5,0.264287171663253,0.0924764736084506,0.0331099223477679,42,results/stage4_xgboost/predictions/electricity_xgboost_seed_33_proxy_robust_z.csv,0,2,40,0,0,2,,,,0.9523809523809523,0.047619047619047616,,not_applicable_no_positive_reference
electricity,XGBoost,True,33,proxy_robust_z,4.0,0.28883155709965336,0.0924764736084506,0.0331099223477679,42,results/stage4_xgboost/predictions/electricity_xgboost_seed_33_proxy_robust_z.csv,0,2,40,0,0,2,,,,0.9523809523809523,0.047619047619047616,,not_applicable_no_positive_reference
electricity,XGBoost,True,33,proxy_robust_z,4.5,0.31337594253605366,0.0924764736084506,0.0331099223477679,42,results/stage4_xgboost/predictions/electricity_xgboost_seed_33_proxy_robust_z.csv,0,2,40,0,0,2,,,,0.9523809523809523,0.047619047619047616,,not_applicable_no_positive_reference
electricity,XGBoost,True,33,proxy_robust_z,5.0,0.33792032797245397,0.0924764736084506,0.0331099223477679,42,results/stage4_xgboost/predictions/electricity_xgboost_seed_33_proxy_robust_z.csv,0,0,42,0,0,0,,,,1.0,0.0,,not_applicable_no_positive_reference
electricity,XGBoost,True,44,proxy_robust_z,2.0,0.19065401535405196,0.0924764736084506,0.0331099223477679,42,results/stage4_xgboost/predictions/electricity_xgboost_seed_44_proxy_robust_z.csv,0,5,37,0,0,5,,,,0.8809523809523809,0.11904761904761904,,not_applicable_no_positive_reference
electricity,XGBoost,True,44,proxy_robust_z,2.5,0.2151984007904523,0.0924764736084506,0.0331099223477679,42,results/stage4_xgboost/predictions/electricity_xgboost_seed_44_proxy_robust_z.csv,0,2,40,0,0,2,,,,0.9523809523809523,0.047619047619047616,,not_applicable_no_positive_reference
electricity,XGBoost,True,44,proxy_robust_z,3.0,0.23974278622685266,0.0924764736084506,0.0331099223477679,42,results/stage4_xgboost/predictions/electricity_xgboost_seed_44_proxy_robust_z.csv,0,2,40,0,0,2,,,,0.9523809523809523,0.047619047619047616,,not_applicable_no_positive_reference
electricity,XGBoost,True,44,proxy_robust_z,3.5,0.264287171663253,0.0924764736084506,0.0331099223477679,42,results/stage4_xgboost/predictions/electricity_xgboost_seed_44_proxy_robust_z.csv,0,2,40,0,0,2,,,,0.9523809523809523,0.047619047619047616,,not_applicable_no_positive_reference
electricity,XGBoost,True,44,proxy_robust_z,4.0,0.28883155709965336,0.0924764736084506,0.0331099223477679,42,results/stage4_xgboost/predictions/electricity_xgboost_seed_44_proxy_robust_z.csv,0,2,40,0,0,2,,,,0.9523809523809523,0.047619047619047616,,not_applicable_no_positive_reference
electricity,XGBoost,True,44,proxy_robust_z,4.5,0.31337594253605366,0.0924764736084506,0.0331099223477679,42,results/stage4_xgboost/predictions/electricity_xgboost_seed_44_proxy_robust_z.csv,0,2,40,0,0,2,,,,0.9523809523809523,0.047619047619047616,,not_applicable_no_positive_reference
electricity,XGBoost,True,44,proxy_robust_z,5.0,0.33792032797245397,0.0924764736084506,0.0331099223477679,42,results/stage4_xgboost/predictions/electricity_xgboost_seed_44_proxy_robust_z.csv,0,1,41,0,0,1,,,,0.9761904761904762,0.023809523809523808,,not_applicable_no_positive_reference
electricity,XGBoost,True,55,proxy_robust_z,2.0,0.19065401535405196,0.0924764736084506,0.0331099223477679,42,results/stage4_xgboost/predictions/electricity_xgboost_seed_55_proxy_robust_z.csv,0,5,37,0,0,5,,,,0.8809523809523809,0.11904761904761904,,not_applicable_no_positive_reference
electricity,XGBoost,True,55,proxy_robust_z,2.5,0.2151984007904523,0.0924764736084506,0.0331099223477679,42,results/stage4_xgboost/predictions/electricity_xgboost_seed_55_proxy_robust_z.csv,0,3,39,0,0,3,,,,0.9285714285714286,0.07142857142857142,,not_applicable_no_positive_reference
electricity,XGBoost,True,55,proxy_robust_z,3.0,0.23974278622685266,0.0924764736084506,0.0331099223477679,42,results/stage4_xgboost/predictions/electricity_xgboost_seed_55_proxy_robust_z.csv,0,2,40,0,0,2,,,,0.9523809523809523,0.047619047619047616,,not_applicable_no_positive_reference
electricity,XGBoost,True,55,proxy_robust_z,3.5,0.264287171663253,0.0924764736084506,0.0331099223477679,42,results/stage4_xgboost/predictions/electricity_xgboost_seed_55_proxy_robust_z.csv,0,2,40,0,0,2,,,,0.9523809523809523,0.047619047619047616,,not_applicable_no_positive_reference
electricity,XGBoost,True,55,proxy_robust_z,4.0,0.28883155709965336,0.0924764736084506,0.0331099223477679,42,results/stage4_xgboost/predictions/electricity_xgboost_seed_55_proxy_robust_z.csv,0,1,41,0,0,1,,,,0.9761904761904762,0.023809523809523808,,not_applicable_no_positive_reference
electricity,XGBoost,True,55,proxy_robust_z,4.5,0.31337594253605366,0.0924764736084506,0.0331099223477679,42,results/stage4_xgboost/predictions/electricity_xgboost_seed_55_proxy_robust_z.csv,0,1,41,0,0,1,,,,0.9761904761904762,0.023809523809523808,,not_applicable_no_positive_reference
electricity,XGBoost,True,55,proxy_robust_z,5.0,0.33792032797245397,0.0924764736084506,0.0331099223477679,42,results/stage4_xgboost/predictions/electricity_xgboost_seed_55_proxy_robust_z.csv,0,0,42,0,0,0,,,,1.0,0.0,,not_applicable_no_positive_reference
electricity,XGBoost,True,66,proxy_robust_z,2.0,0.19065401535405196,0.0924764736084506,0.0331099223477679,42,results/stage4_xgboost/predictions/electricity_xgboost_seed_66_proxy_robust_z.csv,0,6,36,0,0,6,,,,0.8571428571428571,0.14285714285714285,,not_applicable_no_positive_reference
electricity,XGBoost,True,66,proxy_robust_z,2.5,0.2151984007904523,0.0924764736084506,0.0331099223477679,42,results/stage4_xgboost/predictions/electricity_xgboost_seed_66_proxy_robust_z.csv,0,3,39,0,0,3,,,,0.9285714285714286,0.07142857142857142,,not_applicable_no_positive_reference
electricity,XGBoost,True,66,proxy_robust_z,3.0,0.23974278622685266,0.0924764736084506,0.0331099223477679,42,results/stage4_xgboost/predictions/electricity_xgboost_seed_66_proxy_robust_z.csv,0,2,40,0,0,2,,,,0.9523809523809523,0.047619047619047616,,not_applicable_no_positive_reference
electricity,XGBoost,True,66,proxy_robust_z,3.5,0.264287171663253,0.0924764736084506,0.0331099223477679,42,results/stage4_xgboost/predictions/electricity_xgboost_seed_66_proxy_robust_z.csv,0,2,40,0,0,2,,,,0.9523809523809523,0.047619047619047616,,not_applicable_no_positive_reference
electricity,XGBoost,True,66,proxy_robust_z,4.0,0.28883155709965336,0.0924764736084506,0.0331099223477679,42,results/stage4_xgboost/predictions/electricity_xgboost_seed_66_proxy_robust_z.csv,0,2,40,0,0,2,,,,0.9523809523809523,0.047619047619047616,,not_applicable_no_positive_reference
electricity,XGBoost,True,66,proxy_robust_z,4.5,0.31337594253605366,0.0924764736084506,0.0331099223477679,42,results/stage4_xgboost/predictions/electricity_xgboost_seed_66_proxy_robust_z.csv,0,1,41,0,0,1,,,,0.9761904761904762,0.023809523809523808,,not_applicable_no_positive_reference
electricity,XGBoost,True,66,proxy_robust_z,5.0,0.33792032797245397,0.0924764736084506,0.0331099223477679,42,results/stage4_xgboost/predictions/electricity_xgboost_seed_66_proxy_robust_z.csv,0,1,41,0,0,1,,,,0.9761904761904762,0.023809523809523808,,not_applicable_no_positive_reference
electricity,XGBoost,True,77,proxy_robust_z,2.0,0.19065401535405196,0.0924764736084506,0.0331099223477679,42,results/stage4_xgboost/predictions/electricity_xgboost_seed_77_proxy_robust_z.csv,0,5,37,0,0,5,,,,0.8809523809523809,0.11904761904761904,,not_applicable_no_positive_reference
electricity,XGBoost,True,77,proxy_robust_z,2.5,0.2151984007904523,0.0924764736084506,0.0331099223477679,42,results/stage4_xgboost/predictions/electricity_xgboost_seed_77_proxy_robust_z.csv,0,4,38,0,0,4,,,,0.9047619047619048,0.09523809523809523,,not_applicable_no_positive_reference
electricity,XGBoost,True,77,proxy_robust_z,3.0,0.23974278622685266,0.0924764736084506,0.0331099223477679,42,results/stage4_xgboost/predictions/electricity_xgboost_seed_77_proxy_robust_z.csv,0,2,40,0,0,2,,,,0.9523809523809523,0.047619047619047616,,not_applicable_no_positive_reference
electricity,XGBoost,True,77,proxy_robust_z,3.5,0.264287171663253,0.0924764736084506,0.0331099223477679,42,results/stage4_xgboost/predictions/electricity_xgboost_seed_77_proxy_robust_z.csv,0,2,40,0,0,2,,,,0.9523809523809523,0.047619047619047616,,not_applicable_no_positive_reference
electricity,XGBoost,True,77,proxy_robust_z,4.0,0.28883155709965336,0.0924764736084506,0.0331099223477679,42,results/stage4_xgboost/predictions/electricity_xgboost_seed_77_proxy_robust_z.csv,0,2,40,0,0,2,,,,0.9523809523809523,0.047619047619047616,,not_applicable_no_positive_reference
electricity,XGBoost,True,77,proxy_robust_z,4.5,0.31337594253605366,0.0924764736084506,0.0331099223477679,42,results/stage4_xgboost/predictions/electricity_xgboost_seed_77_proxy_robust_z.csv,0,1,41,0,0,1,,,,0.9761904761904762,0.023809523809523808,,not_applicable_no_positive_reference
electricity,XGBoost,True,77,proxy_robust_z,5.0,0.33792032797245397,0.0924764736084506,0.0331099223477679,42,results/stage4_xgboost/predictions/electricity_xgboost_seed_77_proxy_robust_z.csv,0,0,42,0,0,0,,,,1.0,0.0,,not_applicable_no_positive_reference
electricity,XGBoost,True,88,proxy_robust_z,2.0,0.19065401535405196,0.0924764736084506,0.0331099223477679,42,results/stage4_xgboost/predictions/electricity_xgboost_seed_88_proxy_robust_z.csv,0,4,38,0,0,4,,,,0.9047619047619048,0.09523809523809523,,not_applicable_no_positive_reference
electricity,XGBoost,True,88,proxy_robust_z,2.5,0.2151984007904523,0.0924764736084506,0.0331099223477679,42,results/stage4_xgboost/predictions/electricity_xgboost_seed_88_proxy_robust_z.csv,0,3,39,0,0,3,,,,0.9285714285714286,0.07142857142857142,,not_applicable_no_positive_reference
electricity,XGBoost,True,88,proxy_robust_z,3.0,0.23974278622685266,0.0924764736084506,0.0331099223477679,42,results/stage4_xgboost/predictions/electricity_xgboost_seed_88_proxy_robust_z.csv,0,3,39,0,0,3,,,,0.9285714285714286,0.07142857142857142,,not_applicable_no_positive_reference
electricity,XGBoost,True,88,proxy_robust_z,3.5,0.264287171663253,0.0924764736084506,0.0331099223477679,42,results/stage4_xgboost/predictions/electricity_xgboost_seed_88_proxy_robust_z.csv,0,2,40,0,0,2,,,,0.9523809523809523,0.047619047619047616,,not_applicable_no_positive_reference
electricity,XGBoost,True,88,proxy_robust_z,4.0,0.28883155709965336,0.0924764736084506,0.0331099223477679,42,results/stage4_xgboost/predictions/electricity_xgboost_seed_88_proxy_robust_z.csv,0,2,40,0,0,2,,,,0.9523809523809523,0.047619047619047616,,not_applicable_no_positive_reference
electricity,XGBoost,True,88,proxy_robust_z,4.5,0.31337594253605366,0.0924764736084506,0.0331099223477679,42,results/stage4_xgboost/predictions/electricity_xgboost_seed_88_proxy_robust_z.csv,0,2,40,0,0,2,,,,0.9523809523809523,0.047619047619047616,,not_applicable_no_positive_reference
electricity,XGBoost,True,88,proxy_robust_z,5.0,0.33792032797245397,0.0924764736084506,0.0331099223477679,42,results/stage4_xgboost/predictions/electricity_xgboost_seed_88_proxy_robust_z.csv,0,0,42,0,0,0,,,,1.0,0.0,,not_applicable_no_positive_reference
electricity,XGBoost,True,99,proxy_robust_z,2.0,0.19065401535405196,0.0924764736084506,0.0331099223477679,42,results/stage4_xgboost/predictions/electricity_xgboost_seed_99_proxy_robust_z.csv,0,6,36,0,0,6,,,,0.8571428571428571,0.14285714285714285,,not_applicable_no_positive_reference
electricity,XGBoost,True,99,proxy_robust_z,2.5,0.2151984007904523,0.0924764736084506,0.0331099223477679,42,results/stage4_xgboost/predictions/electricity_xgboost_seed_99_proxy_robust_z.csv,0,3,39,0,0,3,,,,0.9285714285714286,0.07142857142857142,,not_applicable_no_positive_reference
electricity,XGBoost,True,99,proxy_robust_z,3.0,0.23974278622685266,0.0924764736084506,0.0331099223477679,42,results/stage4_xgboost/predictions/electricity_xgboost_seed_99_proxy_robust_z.csv,0,3,39,0,0,3,,,,0.9285714285714286,0.07142857142857142,,not_applicable_no_positive_reference
electricity,XGBoost,True,99,proxy_robust_z,3.5,0.264287171663253,0.0924764736084506,0.0331099223477679,42,results/stage4_xgboost/predictions/electricity_xgboost_seed_99_proxy_robust_z.csv,0,2,40,0,0,2,,,,0.9523809523809523,0.047619047619047616,,not_applicable_no_positive_reference
electricity,XGBoost,True,99,proxy_robust_z,4.0,0.28883155709965336,0.0924764736084506,0.0331099223477679,42,results/stage4_xgboost/predictions/electricity_xgboost_seed_99_proxy_robust_z.csv,0,2,40,0,0,2,,,,0.9523809523809523,0.047619047619047616,,not_applicable_no_positive_reference
electricity,XGBoost,True,99,proxy_robust_z,4.5,0.31337594253605366,0.0924764736084506,0.0331099223477679,42,results/stage4_xgboost/predictions/electricity_xgboost_seed_99_proxy_robust_z.csv,0,1,41,0,0,1,,,,0.9761904761904762,0.023809523809523808,,not_applicable_no_positive_reference
electricity,XGBoost,True,99,proxy_robust_z,5.0,0.33792032797245397,0.0924764736084506,0.0331099223477679,42,results/stage4_xgboost/predictions/electricity_xgboost_seed_99_proxy_robust_z.csv,0,0,42,0,0,0,,,,1.0,0.0,,not_applicable_no_positive_reference
electricity,LSTM,True,110,injected_5pct,2.0,0.22997050803899738,0.0867399983108043,0.0483038276433944,42,results/stage5_lstm/predictions/electricity_lstm_seed_110_injected_5pct.csv,2,10,30,0,2,12,0.16666666666666666,1.0,0.2857142857142857,0.75,0.25,0.875,applicable
electricity,LSTM,True,110,injected_5pct,2.5,0.2657781354710456,0.0867399983108043,0.0483038276433944,42,results/stage5_lstm/predictions/electricity_lstm_seed_110_injected_5pct.csv,2,4,36,0,2,6,0.3333333333333333,1.0,0.5,0.9,0.1,0.95,applicable
electricity,LSTM,True,110,injected_5pct,3.0,0.3015857629030939,0.0867399983108043,0.0483038276433944,42,results/stage5_lstm/predictions/electricity_lstm_seed_110_injected_5pct.csv,2,3,37,0,2,5,0.4,1.0,0.5714285714285714,0.925,0.075,0.9625,applicable
electricity,LSTM,True,110,injected_5pct,3.5,0.3373933903351422,0.0867399983108043,0.0483038276433944,42,results/stage5_lstm/predictions/electricity_lstm_seed_110_injected_5pct.csv,2,1,39,0,2,3,0.6666666666666666,1.0,0.8,0.975,0.025,0.9875,applicable
electricity,LSTM,True,110,injected_5pct,4.0,0.37320101776719045,0.0867399983108043,0.0483038276433944,42,results/stage5_lstm/predictions/electricity_lstm_seed_110_injected_5pct.csv,2,1,39,0,2,3,0.6666666666666666,1.0,0.8,0.975,0.025,0.9875,applicable
electricity,LSTM,True,110,injected_5pct,4.5,0.4090086451992387,0.0867399983108043,0.0483038276433944,42,results/stage5_lstm/predictions/electricity_lstm_seed_110_injected_5pct.csv,2,0,40,0,2,2,1.0,1.0,1.0,1.0,0.0,1.0,applicable
electricity,LSTM,True,110,injected_5pct,5.0,0.444816272631287,0.0867399983108043,0.0483038276433944,42,results/stage5_lstm/predictions/electricity_lstm_seed_110_injected_5pct.csv,2,0,40,0,2,2,1.0,1.0,1.0,1.0,0.0,1.0,applicable
electricity,LSTM,True,11,injected_5pct,2.0,0.22997050803899738,0.0867399983108043,0.0483038276433944,42,results/stage5_lstm/predictions/electricity_lstm_seed_11_injected_5pct.csv,2,11,29,0,2,13,0.15384615384615385,1.0,0.26666666666666666,0.725,0.275,0.8625,applicable
electricity,LSTM,True,11,injected_5pct,2.5,0.2657781354710456,0.0867399983108043,0.0483038276433944,42,results/stage5_lstm/predictions/electricity_lstm_seed_11_injected_5pct.csv,2,5,35,0,2,7,0.2857142857142857,1.0,0.4444444444444444,0.875,0.125,0.9375,applicable
electricity,LSTM,True,11,injected_5pct,3.0,0.3015857629030939,0.0867399983108043,0.0483038276433944,42,results/stage5_lstm/predictions/electricity_lstm_seed_11_injected_5pct.csv,2,3,37,0,2,5,0.4,1.0,0.5714285714285714,0.925,0.075,0.9625,applicable
electricity,LSTM,True,11,injected_5pct,3.5,0.3373933903351422,0.0867399983108043,0.0483038276433944,42,results/stage5_lstm/predictions/electricity_lstm_seed_11_injected_5pct.csv,2,2,38,0,2,4,0.5,1.0,0.6666666666666666,0.95,0.05,0.975,applicable
electricity,LSTM,True,11,injected_5pct,4.0,0.37320101776719045,0.0867399983108043,0.0483038276433944,42,results/stage5_lstm/predictions/electricity_lstm_seed_11_injected_5pct.csv,2,1,39,0,2,3,0.6666666666666666,1.0,0.8,0.975,0.025,0.9875,applicable
electricity,LSTM,True,11,injected_5pct,4.5,0.4090086451992387,0.0867399983108043,0.0483038276433944,42,results/stage5_lstm/predictions/electricity_lstm_seed_11_injected_5pct.csv,2,1,39,0,2,3,0.6666666666666666,1.0,0.8,0.975,0.025,0.9875,applicable
electricity,LSTM,True,11,injected_5pct,5.0,0.444816272631287,0.0867399983108043,0.0483038276433944,42,results/stage5_lstm/predictions/electricity_lstm_seed_11_injected_5pct.csv,2,0,40,0,2,2,1.0,1.0,1.0,1.0,0.0,1.0,applicable
electricity,LSTM,True,22,injected_5pct,2.0,0.22997050803899738,0.0867399983108043,0.0483038276433944,42,results/stage5_lstm/predictions/electricity_lstm_seed_22_injected_5pct.csv,2,10,30,0,2,12,0.16666666666666666,1.0,0.2857142857142857,0.75,0.25,0.875,applicable
electricity,LSTM,True,22,injected_5pct,2.5,0.2657781354710456,0.0867399983108043,0.0483038276433944,42,results/stage5_lstm/predictions/electricity_lstm_seed_22_injected_5pct.csv,2,5,35,0,2,7,0.2857142857142857,1.0,0.4444444444444444,0.875,0.125,0.9375,applicable
electricity,LSTM,True,22,injected_5pct,3.0,0.3015857629030939,0.0867399983108043,0.0483038276433944,42,results/stage5_lstm/predictions/electricity_lstm_seed_22_injected_5pct.csv,2,3,37,0,2,5,0.4,1.0,0.5714285714285714,0.925,0.075,0.9625,applicable
electricity,LSTM,True,22,injected_5pct,3.5,0.3373933903351422,0.0867399983108043,0.0483038276433944,42,results/stage5_lstm/predictions/electricity_lstm_seed_22_injected_5pct.csv,2,2,38,0,2,4,0.5,1.0,0.6666666666666666,0.95,0.05,0.975,applicable
electricity,LSTM,True,22,injected_5pct,4.0,0.37320101776719045,0.0867399983108043,0.0483038276433944,42,results/stage5_lstm/predictions/electricity_lstm_seed_22_injected_5pct.csv,2,1,39,0,2,3,0.6666666666666666,1.0,0.8,0.975,0.025,0.9875,applicable
electricity,LSTM,True,22,injected_5pct,4.5,0.4090086451992387,0.0867399983108043,0.0483038276433944,42,results/stage5_lstm/predictions/electricity_lstm_seed_22_injected_5pct.csv,2,1,39,0,2,3,0.6666666666666666,1.0,0.8,0.975,0.025,0.9875,applicable
electricity,LSTM,True,22,injected_5pct,5.0,0.444816272631287,0.0867399983108043,0.0483038276433944,42,results/stage5_lstm/predictions/electricity_lstm_seed_22_injected_5pct.csv,2,1,39,0,2,3,0.6666666666666666,1.0,0.8,0.975,0.025,0.9875,applicable
electricity,LSTM,True,33,injected_5pct,2.0,0.22997050803899738,0.0867399983108043,0.0483038276433944,42,results/stage5_lstm/predictions/electricity_lstm_seed_33_injected_5pct.csv,2,7,33,0,2,9,0.2222222222222222,1.0,0.36363636363636365,0.825,0.175,0.9125,applicable
electricity,LSTM,True,33,injected_5pct,2.5,0.2657781354710456,0.0867399983108043,0.0483038276433944,42,results/stage5_lstm/predictions/electricity_lstm_seed_33_injected_5pct.csv,2,4,36,0,2,6,0.3333333333333333,1.0,0.5,0.9,0.1,0.95,applicable
electricity,LSTM,True,33,injected_5pct,3.0,0.3015857629030939,0.0867399983108043,0.0483038276433944,42,results/stage5_lstm/predictions/electricity_lstm_seed_33_injected_5pct.csv,2,2,38,0,2,4,0.5,1.0,0.6666666666666666,0.95,0.05,0.975,applicable
electricity,LSTM,True,33,injected_5pct,3.5,0.3373933903351422,0.0867399983108043,0.0483038276433944,42,results/stage5_lstm/predictions/electricity_lstm_seed_33_injected_5pct.csv,2,2,38,0,2,4,0.5,1.0,0.6666666666666666,0.95,0.05,0.975,applicable
electricity,LSTM,True,33,injected_5pct,4.0,0.37320101776719045,0.0867399983108043,0.0483038276433944,42,results/stage5_lstm/predictions/electricity_lstm_seed_33_injected_5pct.csv,2,1,39,0,2,3,0.6666666666666666,1.0,0.8,0.975,0.025,0.9875,applicable
electricity,LSTM,True,33,injected_5pct,4.5,0.4090086451992387,0.0867399983108043,0.0483038276433944,42,results/stage5_lstm/predictions/electricity_lstm_seed_33_injected_5pct.csv,2,0,40,0,2,2,1.0,1.0,1.0,1.0,0.0,1.0,applicable
electricity,LSTM,True,33,injected_5pct,5.0,0.444816272631287,0.0867399983108043,0.0483038276433944,42,results/stage5_lstm/predictions/electricity_lstm_seed_33_injected_5pct.csv,2,0,40,0,2,2,1.0,1.0,1.0,1.0,0.0,1.0,applicable
electricity,LSTM,True,44,injected_5pct,2.0,0.22997050803899738,0.0867399983108043,0.0483038276433944,42,results/stage5_lstm/predictions/electricity_lstm_seed_44_injected_5pct.csv,2,9,31,0,2,11,0.18181818181818182,1.0,0.3076923076923077,0.775,0.225,0.8875,applicable
electricity,LSTM,True,44,injected_5pct,2.5,0.2657781354710456,0.0867399983108043,0.0483038276433944,42,results/stage5_lstm/predictions/electricity_lstm_seed_44_injected_5pct.csv,2,6,34,0,2,8,0.25,1.0,0.4,0.85,0.15,0.925,applicable
electricity,LSTM,True,44,injected_5pct,3.0,0.3015857629030939,0.0867399983108043,0.0483038276433944,42,results/stage5_lstm/predictions/electricity_lstm_seed_44_injected_5pct.csv,2,4,36,0,2,6,0.3333333333333333,1.0,0.5,0.9,0.1,0.95,applicable
electricity,LSTM,True,44,injected_5pct,3.5,0.3373933903351422,0.0867399983108043,0.0483038276433944,42,results/stage5_lstm/predictions/electricity_lstm_seed_44_injected_5pct.csv,2,1,39,0,2,3,0.6666666666666666,1.0,0.8,0.975,0.025,0.9875,applicable
electricity,LSTM,True,44,injected_5pct,4.0,0.37320101776719045,0.0867399983108043,0.0483038276433944,42,results/stage5_lstm/predictions/electricity_lstm_seed_44_injected_5pct.csv,2,1,39,0,2,3,0.6666666666666666,1.0,0.8,0.975,0.025,0.9875,applicable
electricity,LSTM,True,44,injected_5pct,4.5,0.4090086451992387,0.0867399983108043,0.0483038276433944,42,results/stage5_lstm/predictions/electricity_lstm_seed_44_injected_5pct.csv,2,1,39,0,2,3,0.6666666666666666,1.0,0.8,0.975,0.025,0.9875,applicable
electricity,LSTM,True,44,injected_5pct,5.0,0.444816272631287,0.0867399983108043,0.0483038276433944,42,results/stage5_lstm/predictions/electricity_lstm_seed_44_injected_5pct.csv,2,0,40,0,2,2,1.0,1.0,1.0,1.0,0.0,1.0,applicable
electricity,LSTM,True,55,injected_5pct,2.0,0.22997050803899738,0.0867399983108043,0.0483038276433944,42,results/stage5_lstm/predictions/electricity_lstm_seed_55_injected_5pct.csv,2,7,33,0,2,9,0.2222222222222222,1.0,0.36363636363636365,0.825,0.175,0.9125,applicable
electricity,LSTM,True,55,injected_5pct,2.5,0.2657781354710456,0.0867399983108043,0.0483038276433944,42,results/stage5_lstm/predictions/electricity_lstm_seed_55_injected_5pct.csv,2,5,35,0,2,7,0.2857142857142857,1.0,0.4444444444444444,0.875,0.125,0.9375,applicable
electricity,LSTM,True,55,injected_5pct,3.0,0.3015857629030939,0.0867399983108043,0.0483038276433944,42,results/stage5_lstm/predictions/electricity_lstm_seed_55_injected_5pct.csv,2,2,38,0,2,4,0.5,1.0,0.6666666666666666,0.95,0.05,0.975,applicable
electricity,LSTM,True,55,injected_5pct,3.5,0.3373933903351422,0.0867399983108043,0.0483038276433944,42,results/stage5_lstm/predictions/electricity_lstm_seed_55_injected_5pct.csv,2,1,39,0,2,3,0.6666666666666666,1.0,0.8,0.975,0.025,0.9875,applicable
electricity,LSTM,True,55,injected_5pct,4.0,0.37320101776719045,0.0867399983108043,0.0483038276433944,42,results/stage5_lstm/predictions/electricity_lstm_seed_55_injected_5pct.csv,2,1,39,0,2,3,0.6666666666666666,1.0,0.8,0.975,0.025,0.9875,applicable
electricity,LSTM,True,55,injected_5pct,4.5,0.4090086451992387,0.0867399983108043,0.0483038276433944,42,results/stage5_lstm/predictions/electricity_lstm_seed_55_injected_5pct.csv,2,1,39,0,2,3,0.6666666666666666,1.0,0.8,0.975,0.025,0.9875,applicable
electricity,LSTM,True,55,injected_5pct,5.0,0.444816272631287,0.0867399983108043,0.0483038276433944,42,results/stage5_lstm/predictions/electricity_lstm_seed_55_injected_5pct.csv,2,0,40,0,2,2,1.0,1.0,1.0,1.0,0.0,1.0,applicable
electricity,LSTM,True,66,injected_5pct,2.0,0.22997050803899738,0.0867399983108043,0.0483038276433944,42,results/stage5_lstm/predictions/electricity_lstm_seed_66_injected_5pct.csv,2,8,32,0,2,10,0.2,1.0,0.3333333333333333,0.8,0.2,0.9,applicable
electricity,LSTM,True,66,injected_5pct,2.5,0.2657781354710456,0.0867399983108043,0.0483038276433944,42,results/stage5_lstm/predictions/electricity_lstm_seed_66_injected_5pct.csv,2,5,35,0,2,7,0.2857142857142857,1.0,0.4444444444444444,0.875,0.125,0.9375,applicable
electricity,LSTM,True,66,injected_5pct,3.0,0.3015857629030939,0.0867399983108043,0.0483038276433944,42,results/stage5_lstm/predictions/electricity_lstm_seed_66_injected_5pct.csv,2,1,39,0,2,3,0.6666666666666666,1.0,0.8,0.975,0.025,0.9875,applicable
electricity,LSTM,True,66,injected_5pct,3.5,0.3373933903351422,0.0867399983108043,0.0483038276433944,42,results/stage5_lstm/predictions/electricity_lstm_seed_66_injected_5pct.csv,2,1,39,0,2,3,0.6666666666666666,1.0,0.8,0.975,0.025,0.9875,applicable
electricity,LSTM,True,66,injected_5pct,4.0,0.37320101776719045,0.0867399983108043,0.0483038276433944,42,results/stage5_lstm/predictions/electricity_lstm_seed_66_injected_5pct.csv,2,1,39,0,2,3,0.6666666666666666,1.0,0.8,0.975,0.025,0.9875,applicable
electricity,LSTM,True,66,injected_5pct,4.5,0.4090086451992387,0.0867399983108043,0.0483038276433944,42,results/stage5_lstm/predictions/electricity_lstm_seed_66_injected_5pct.csv,2,1,39,0,2,3,0.6666666666666666,1.0,0.8,0.975,0.025,0.9875,applicable
electricity,LSTM,True,66,injected_5pct,5.0,0.444816272631287,0.0867399983108043,0.0483038276433944,42,results/stage5_lstm/predictions/electricity_lstm_seed_66_injected_5pct.csv,2,1,39,0,2,3,0.6666666666666666,1.0,0.8,0.975,0.025,0.9875,applicable
electricity,LSTM,True,77,injected_5pct,2.0,0.22997050803899738,0.0867399983108043,0.0483038276433944,42,results/stage5_lstm/predictions/electricity_lstm_seed_77_injected_5pct.csv,2,10,30,0,2,12,0.16666666666666666,1.0,0.2857142857142857,0.75,0.25,0.875,applicable
electricity,LSTM,True,77,injected_5pct,2.5,0.2657781354710456,0.0867399983108043,0.0483038276433944,42,results/stage5_lstm/predictions/electricity_lstm_seed_77_injected_5pct.csv,2,6,34,0,2,8,0.25,1.0,0.4,0.85,0.15,0.925,applicable
electricity,LSTM,True,77,injected_5pct,3.0,0.3015857629030939,0.0867399983108043,0.0483038276433944,42,results/stage5_lstm/predictions/electricity_lstm_seed_77_injected_5pct.csv,2,2,38,0,2,4,0.5,1.0,0.6666666666666666,0.95,0.05,0.975,applicable
electricity,LSTM,True,77,injected_5pct,3.5,0.3373933903351422,0.0867399983108043,0.0483038276433944,42,results/stage5_lstm/predictions/electricity_lstm_seed_77_injected_5pct.csv,2,2,38,0,2,4,0.5,1.0,0.6666666666666666,0.95,0.05,0.975,applicable
electricity,LSTM,True,77,injected_5pct,4.0,0.37320101776719045,0.0867399983108043,0.0483038276433944,42,results/stage5_lstm/predictions/electricity_lstm_seed_77_injected_5pct.csv,2,1,39,0,2,3,0.6666666666666666,1.0,0.8,0.975,0.025,0.9875,applicable
electricity,LSTM,True,77,injected_5pct,4.5,0.4090086451992387,0.0867399983108043,0.0483038276433944,42,results/stage5_lstm/predictions/electricity_lstm_seed_77_injected_5pct.csv,2,1,39,0,2,3,0.6666666666666666,1.0,0.8,0.975,0.025,0.9875,applicable
electricity,LSTM,True,77,injected_5pct,5.0,0.444816272631287,0.0867399983108043,0.0483038276433944,42,results/stage5_lstm/predictions/electricity_lstm_seed_77_injected_5pct.csv,2,1,39,0,2,3,0.6666666666666666,1.0,0.8,0.975,0.025,0.9875,applicable
electricity,LSTM,True,88,injected_5pct,2.0,0.22997050803899738,0.0867399983108043,0.0483038276433944,42,results/stage5_lstm/predictions/electricity_lstm_seed_88_injected_5pct.csv,2,10,30,0,2,12,0.16666666666666666,1.0,0.2857142857142857,0.75,0.25,0.875,applicable
electricity,LSTM,True,88,injected_5pct,2.5,0.2657781354710456,0.0867399983108043,0.0483038276433944,42,results/stage5_lstm/predictions/electricity_lstm_seed_88_injected_5pct.csv,2,5,35,0,2,7,0.2857142857142857,1.0,0.4444444444444444,0.875,0.125,0.9375,applicable
electricity,LSTM,True,88,injected_5pct,3.0,0.3015857629030939,0.0867399983108043,0.0483038276433944,42,results/stage5_lstm/predictions/electricity_lstm_seed_88_injected_5pct.csv,2,4,36,0,2,6,0.3333333333333333,1.0,0.5,0.9,0.1,0.95,applicable
electricity,LSTM,True,88,injected_5pct,3.5,0.3373933903351422,0.0867399983108043,0.0483038276433944,42,results/stage5_lstm/predictions/electricity_lstm_seed_88_injected_5pct.csv,2,2,38,0,2,4,0.5,1.0,0.6666666666666666,0.95,0.05,0.975,applicable
electricity,LSTM,True,88,injected_5pct,4.0,0.37320101776719045,0.0867399983108043,0.0483038276433944,42,results/stage5_lstm/predictions/electricity_lstm_seed_88_injected_5pct.csv,2,2,38,0,2,4,0.5,1.0,0.6666666666666666,0.95,0.05,0.975,applicable
electricity,LSTM,True,88,injected_5pct,4.5,0.4090086451992387,0.0867399983108043,0.0483038276433944,42,results/stage5_lstm/predictions/electricity_lstm_seed_88_injected_5pct.csv,2,1,39,0,2,3,0.6666666666666666,1.0,0.8,0.975,0.025,0.9875,applicable
electricity,LSTM,True,88,injected_5pct,5.0,0.444816272631287,0.0867399983108043,0.0483038276433944,42,results/stage5_lstm/predictions/electricity_lstm_seed_88_injected_5pct.csv,2,1,39,0,2,3,0.6666666666666666,1.0,0.8,0.975,0.025,0.9875,applicable
electricity,LSTM,True,99,injected_5pct,2.0,0.22997050803899738,0.0867399983108043,0.0483038276433944,42,results/stage5_lstm/predictions/electricity_lstm_seed_99_injected_5pct.csv,2,9,31,0,2,11,0.18181818181818182,1.0,0.3076923076923077,0.775,0.225,0.8875,applicable
electricity,LSTM,True,99,injected_5pct,2.5,0.2657781354710456,0.0867399983108043,0.0483038276433944,42,results/stage5_lstm/predictions/electricity_lstm_seed_99_injected_5pct.csv,2,3,37,0,2,5,0.4,1.0,0.5714285714285714,0.925,0.075,0.9625,applicable
electricity,LSTM,True,99,injected_5pct,3.0,0.3015857629030939,0.0867399983108043,0.0483038276433944,42,results/stage5_lstm/predictions/electricity_lstm_seed_99_injected_5pct.csv,2,2,38,0,2,4,0.5,1.0,0.6666666666666666,0.95,0.05,0.975,applicable
electricity,LSTM,True,99,injected_5pct,3.5,0.3373933903351422,0.0867399983108043,0.0483038276433944,42,results/stage5_lstm/predictions/electricity_lstm_seed_99_injected_5pct.csv,2,1,39,0,2,3,0.6666666666666666,1.0,0.8,0.975,0.025,0.9875,applicable
electricity,LSTM,True,99,injected_5pct,4.0,0.37320101776719045,0.0867399983108043,0.0483038276433944,42,results/stage5_lstm/predictions/electricity_lstm_seed_99_injected_5pct.csv,2,1,39,0,2,3,0.6666666666666666,1.0,0.8,0.975,0.025,0.9875,applicable
electricity,LSTM,True,99,injected_5pct,4.5,0.4090086451992387,0.0867399983108043,0.0483038276433944,42,results/stage5_lstm/predictions/electricity_lstm_seed_99_injected_5pct.csv,2,1,39,0,2,3,0.6666666666666666,1.0,0.8,0.975,0.025,0.9875,applicable
electricity,LSTM,True,99,injected_5pct,5.0,0.444816272631287,0.0867399983108043,0.0483038276433944,42,results/stage5_lstm/predictions/electricity_lstm_seed_99_injected_5pct.csv,2,1,39,0,2,3,0.6666666666666666,1.0,0.8,0.975,0.025,0.9875,applicable
electricity,LSTM,True,110,injected_10pct,2.0,0.22997050803899738,0.0867399983108043,0.0483038276433944,42,results/stage5_lstm/predictions/electricity_lstm_seed_110_injected_10pct.csv,4,10,28,0,4,14,0.2857142857142857,1.0,0.4444444444444444,0.7368421052631579,0.2631578947368421,0.868421052631579,applicable
electricity,LSTM,True,110,injected_10pct,2.5,0.2657781354710456,0.0867399983108043,0.0483038276433944,42,results/stage5_lstm/predictions/electricity_lstm_seed_110_injected_10pct.csv,4,5,33,0,4,9,0.4444444444444444,1.0,0.6153846153846154,0.868421052631579,0.13157894736842105,0.9342105263157895,applicable
electricity,LSTM,True,110,injected_10pct,3.0,0.3015857629030939,0.0867399983108043,0.0483038276433944,42,results/stage5_lstm/predictions/electricity_lstm_seed_110_injected_10pct.csv,4,3,35,0,4,7,0.5714285714285714,1.0,0.7272727272727273,0.9210526315789473,0.07894736842105263,0.9605263157894737,applicable
electricity,LSTM,True,110,injected_10pct,3.5,0.3373933903351422,0.0867399983108043,0.0483038276433944,42,results/stage5_lstm/predictions/electricity_lstm_seed_110_injected_10pct.csv,4,2,36,0,4,6,0.6666666666666666,1.0,0.8,0.9473684210526315,0.05263157894736842,0.9736842105263157,applicable
electricity,LSTM,True,110,injected_10pct,4.0,0.37320101776719045,0.0867399983108043,0.0483038276433944,42,results/stage5_lstm/predictions/electricity_lstm_seed_110_injected_10pct.csv,4,1,37,0,4,5,0.8,1.0,0.8888888888888888,0.9736842105263158,0.02631578947368421,0.986842105263158,applicable
electricity,LSTM,True,110,injected_10pct,4.5,0.4090086451992387,0.0867399983108043,0.0483038276433944,42,results/stage5_lstm/predictions/electricity_lstm_seed_110_injected_10pct.csv,4,0,38,0,4,4,1.0,1.0,1.0,1.0,0.0,1.0,applicable
electricity,LSTM,True,110,injected_10pct,5.0,0.444816272631287,0.0867399983108043,0.0483038276433944,42,results/stage5_lstm/predictions/electricity_lstm_seed_110_injected_10pct.csv,4,0,38,0,4,4,1.0,1.0,1.0,1.0,0.0,1.0,applicable
electricity,LSTM,True,11,injected_10pct,2.0,0.22997050803899738,0.0867399983108043,0.0483038276433944,42,results/stage5_lstm/predictions/electricity_lstm_seed_11_injected_10pct.csv,4,12,26,0,4,16,0.25,1.0,0.4,0.6842105263157895,0.3157894736842105,0.8421052631578947,applicable
electricity,LSTM,True,11,injected_10pct,2.5,0.2657781354710456,0.0867399983108043,0.0483038276433944,42,results/stage5_lstm/predictions/electricity_lstm_seed_11_injected_10pct.csv,4,9,29,0,4,13,0.3076923076923077,1.0,0.47058823529411764,0.7631578947368421,0.23684210526315788,0.881578947368421,applicable
electricity,LSTM,True,11,injected_10pct,3.0,0.3015857629030939,0.0867399983108043,0.0483038276433944,42,results/stage5_lstm/predictions/electricity_lstm_seed_11_injected_10pct.csv,4,5,33,0,4,9,0.4444444444444444,1.0,0.6153846153846154,0.868421052631579,0.13157894736842105,0.9342105263157895,applicable
electricity,LSTM,True,11,injected_10pct,3.5,0.3373933903351422,0.0867399983108043,0.0483038276433944,42,results/stage5_lstm/predictions/electricity_lstm_seed_11_injected_10pct.csv,4,4,34,0,4,8,0.5,1.0,0.6666666666666666,0.8947368421052632,0.10526315789473684,0.9473684210526316,applicable
electricity,LSTM,True,11,injected_10pct,4.0,0.37320101776719045,0.0867399983108043,0.0483038276433944,42,results/stage5_lstm/predictions/electricity_lstm_seed_11_injected_10pct.csv,4,2,36,0,4,6,0.6666666666666666,1.0,0.8,0.9473684210526315,0.05263157894736842,0.9736842105263157,applicable
electricity,LSTM,True,11,injected_10pct,4.5,0.4090086451992387,0.0867399983108043,0.0483038276433944,42,results/stage5_lstm/predictions/electricity_lstm_seed_11_injected_10pct.csv,4,2,36,0,4,6,0.6666666666666666,1.0,0.8,0.9473684210526315,0.05263157894736842,0.9736842105263157,applicable
electricity,LSTM,True,11,injected_10pct,5.0,0.444816272631287,0.0867399983108043,0.0483038276433944,42,results/stage5_lstm/predictions/electricity_lstm_seed_11_injected_10pct.csv,4,0,38,0,4,4,1.0,1.0,1.0,1.0,0.0,1.0,applicable
electricity,LSTM,True,22,injected_10pct,2.0,0.22997050803899738,0.0867399983108043,0.0483038276433944,42,results/stage5_lstm/predictions/electricity_lstm_seed_22_injected_10pct.csv,4,11,27,0,4,15,0.26666666666666666,1.0,0.42105263157894735,0.7105263157894737,0.2894736842105263,0.8552631578947368,applicable
electricity,LSTM,True,22,injected_10pct,2.5,0.2657781354710456,0.0867399983108043,0.0483038276433944,42,results/stage5_lstm/predictions/electricity_lstm_seed_22_injected_10pct.csv,4,5,33,0,4,9,0.4444444444444444,1.0,0.6153846153846154,0.868421052631579,0.13157894736842105,0.9342105263157895,applicable
electricity,LSTM,True,22,injected_10pct,3.0,0.3015857629030939,0.0867399983108043,0.0483038276433944,42,results/stage5_lstm/predictions/electricity_lstm_seed_22_injected_10pct.csv,4,3,35,0,4,7,0.5714285714285714,1.0,0.7272727272727273,0.9210526315789473,0.07894736842105263,0.9605263157894737,applicable
electricity,LSTM,True,22,injected_10pct,3.5,0.3373933903351422,0.0867399983108043,0.0483038276433944,42,results/stage5_lstm/predictions/electricity_lstm_seed_22_injected_10pct.csv,4,3,35,0,4,7,0.5714285714285714,1.0,0.7272727272727273,0.9210526315789473,0.07894736842105263,0.9605263157894737,applicable
electricity,LSTM,True,22,injected_10pct,4.0,0.37320101776719045,0.0867399983108043,0.0483038276433944,42,results/stage5_lstm/predictions/electricity_lstm_seed_22_injected_10pct.csv,4,2,36,0,4,6,0.6666666666666666,1.0,0.8,0.9473684210526315,0.05263157894736842,0.9736842105263157,applicable
electricity,LSTM,True,22,injected_10pct,4.5,0.4090086451992387,0.0867399983108043,0.0483038276433944,42,results/stage5_lstm/predictions/electricity_lstm_seed_22_injected_10pct.csv,4,1,37,0,4,5,0.8,1.0,0.8888888888888888,0.9736842105263158,0.02631578947368421,0.986842105263158,applicable
electricity,LSTM,True,22,injected_10pct,5.0,0.444816272631287,0.0867399983108043,0.0483038276433944,42,results/stage5_lstm/predictions/electricity_lstm_seed_22_injected_10pct.csv,4,1,37,0,4,5,0.8,1.0,0.8888888888888888,0.9736842105263158,0.02631578947368421,0.986842105263158,applicable
electricity,LSTM,True,33,injected_10pct,2.0,0.22997050803899738,0.0867399983108043,0.0483038276433944,42,results/stage5_lstm/predictions/electricity_lstm_seed_33_injected_10pct.csv,4,11,27,0,4,15,0.26666666666666666,1.0,0.42105263157894735,0.7105263157894737,0.2894736842105263,0.8552631578947368,applicable
electricity,LSTM,True,33,injected_10pct,2.5,0.2657781354710456,0.0867399983108043,0.0483038276433944,42,results/stage5_lstm/predictions/electricity_lstm_seed_33_injected_10pct.csv,4,6,32,0,4,10,0.4,1.0,0.5714285714285714,0.8421052631578947,0.15789473684210525,0.9210526315789473,applicable
electricity,LSTM,True,33,injected_10pct,3.0,0.3015857629030939,0.0867399983108043,0.0483038276433944,42,results/stage5_lstm/predictions/electricity_lstm_seed_33_injected_10pct.csv,4,4,34,0,4,8,0.5,1.0,0.6666666666666666,0.8947368421052632,0.10526315789473684,0.9473684210526316,applicable
electricity,LSTM,True,33,injected_10pct,3.5,0.3373933903351422,0.0867399983108043,0.0483038276433944,42,results/stage5_lstm/predictions/electricity_lstm_seed_33_injected_10pct.csv,4,2,36,0,4,6,0.6666666666666666,1.0,0.8,0.9473684210526315,0.05263157894736842,0.9736842105263157,applicable
electricity,LSTM,True,33,injected_10pct,4.0,0.37320101776719045,0.0867399983108043,0.0483038276433944,42,results/stage5_lstm/predictions/electricity_lstm_seed_33_injected_10pct.csv,4,1,37,0,4,5,0.8,1.0,0.8888888888888888,0.9736842105263158,0.02631578947368421,0.986842105263158,applicable
electricity,LSTM,True,33,injected_10pct,4.5,0.4090086451992387,0.0867399983108043,0.0483038276433944,42,results/stage5_lstm/predictions/electricity_lstm_seed_33_injected_10pct.csv,4,0,38,0,4,4,1.0,1.0,1.0,1.0,0.0,1.0,applicable
electricity,LSTM,True,33,injected_10pct,5.0,0.444816272631287,0.0867399983108043,0.0483038276433944,42,results/stage5_lstm/predictions/electricity_lstm_seed_33_injected_10pct.csv,4,0,38,0,4,4,1.0,1.0,1.0,1.0,0.0,1.0,applicable
electricity,LSTM,True,44,injected_10pct,2.0,0.22997050803899738,0.0867399983108043,0.0483038276433944,42,results/stage5_lstm/predictions/electricity_lstm_seed_44_injected_10pct.csv,4,10,28,0,4,14,0.2857142857142857,1.0,0.4444444444444444,0.7368421052631579,0.2631578947368421,0.868421052631579,applicable
electricity,LSTM,True,44,injected_10pct,2.5,0.2657781354710456,0.0867399983108043,0.0483038276433944,42,results/stage5_lstm/predictions/electricity_lstm_seed_44_injected_10pct.csv,4,7,31,0,4,11,0.36363636363636365,1.0,0.5333333333333333,0.8157894736842105,0.18421052631578946,0.9078947368421053,applicable
electricity,LSTM,True,44,injected_10pct,3.0,0.3015857629030939,0.0867399983108043,0.0483038276433944,42,results/stage5_lstm/predictions/electricity_lstm_seed_44_injected_10pct.csv,4,4,34,0,4,8,0.5,1.0,0.6666666666666666,0.8947368421052632,0.10526315789473684,0.9473684210526316,applicable
electricity,LSTM,True,44,injected_10pct,3.5,0.3373933903351422,0.0867399983108043,0.0483038276433944,42,results/stage5_lstm/predictions/electricity_lstm_seed_44_injected_10pct.csv,4,2,36,0,4,6,0.6666666666666666,1.0,0.8,0.9473684210526315,0.05263157894736842,0.9736842105263157,applicable
electricity,LSTM,True,44,injected_10pct,4.0,0.37320101776719045,0.0867399983108043,0.0483038276433944,42,results/stage5_lstm/predictions/electricity_lstm_seed_44_injected_10pct.csv,4,2,36,0,4,6,0.6666666666666666,1.0,0.8,0.9473684210526315,0.05263157894736842,0.9736842105263157,applicable
electricity,LSTM,True,44,injected_10pct,4.5,0.4090086451992387,0.0867399983108043,0.0483038276433944,42,results/stage5_lstm/predictions/electricity_lstm_seed_44_injected_10pct.csv,4,1,37,0,4,5,0.8,1.0,0.8888888888888888,0.9736842105263158,0.02631578947368421,0.986842105263158,applicable
electricity,LSTM,True,44,injected_10pct,5.0,0.444816272631287,0.0867399983108043,0.0483038276433944,42,results/stage5_lstm/predictions/electricity_lstm_seed_44_injected_10pct.csv,4,0,38,0,4,4,1.0,1.0,1.0,1.0,0.0,1.0,applicable
electricity,LSTM,True,55,injected_10pct,2.0,0.22997050803899738,0.0867399983108043,0.0483038276433944,42,results/stage5_lstm/predictions/electricity_lstm_seed_55_injected_10pct.csv,4,11,27,0,4,15,0.26666666666666666,1.0,0.42105263157894735,0.7105263157894737,0.2894736842105263,0.8552631578947368,applicable
electricity,LSTM,True,55,injected_10pct,2.5,0.2657781354710456,0.0867399983108043,0.0483038276433944,42,results/stage5_lstm/predictions/electricity_lstm_seed_55_injected_10pct.csv,4,8,30,0,4,12,0.3333333333333333,1.0,0.5,0.7894736842105263,0.21052631578947367,0.8947368421052632,applicable
electricity,LSTM,True,55,injected_10pct,3.0,0.3015857629030939,0.0867399983108043,0.0483038276433944,42,results/stage5_lstm/predictions/electricity_lstm_seed_55_injected_10pct.csv,4,5,33,0,4,9,0.4444444444444444,1.0,0.6153846153846154,0.868421052631579,0.13157894736842105,0.9342105263157895,applicable
electricity,LSTM,True,55,injected_10pct,3.5,0.3373933903351422,0.0867399983108043,0.0483038276433944,42,results/stage5_lstm/predictions/electricity_lstm_seed_55_injected_10pct.csv,4,2,36,0,4,6,0.6666666666666666,1.0,0.8,0.9473684210526315,0.05263157894736842,0.9736842105263157,applicable
electricity,LSTM,True,55,injected_10pct,4.0,0.37320101776719045,0.0867399983108043,0.0483038276433944,42,results/stage5_lstm/predictions/electricity_lstm_seed_55_injected_10pct.csv,4,2,36,0,4,6,0.6666666666666666,1.0,0.8,0.9473684210526315,0.05263157894736842,0.9736842105263157,applicable
electricity,LSTM,True,55,injected_10pct,4.5,0.4090086451992387,0.0867399983108043,0.0483038276433944,42,results/stage5_lstm/predictions/electricity_lstm_seed_55_injected_10pct.csv,4,1,37,0,4,5,0.8,1.0,0.8888888888888888,0.9736842105263158,0.02631578947368421,0.986842105263158,applicable
electricity,LSTM,True,55,injected_10pct,5.0,0.444816272631287,0.0867399983108043,0.0483038276433944,42,results/stage5_lstm/predictions/electricity_lstm_seed_55_injected_10pct.csv,4,0,38,0,4,4,1.0,1.0,1.0,1.0,0.0,1.0,applicable
electricity,LSTM,True,66,injected_10pct,2.0,0.22997050803899738,0.0867399983108043,0.0483038276433944,42,results/stage5_lstm/predictions/electricity_lstm_seed_66_injected_10pct.csv,4,11,27,0,4,15,0.26666666666666666,1.0,0.42105263157894735,0.7105263157894737,0.2894736842105263,0.8552631578947368,applicable
electricity,LSTM,True,66,injected_10pct,2.5,0.2657781354710456,0.0867399983108043,0.0483038276433944,42,results/stage5_lstm/predictions/electricity_lstm_seed_66_injected_10pct.csv,4,9,29,0,4,13,0.3076923076923077,1.0,0.47058823529411764,0.7631578947368421,0.23684210526315788,0.881578947368421,applicable
electricity,LSTM,True,66,injected_10pct,3.0,0.3015857629030939,0.0867399983108043,0.0483038276433944,42,results/stage5_lstm/predictions/electricity_lstm_seed_66_injected_10pct.csv,4,5,33,0,4,9,0.4444444444444444,1.0,0.6153846153846154,0.868421052631579,0.13157894736842105,0.9342105263157895,applicable
electricity,LSTM,True,66,injected_10pct,3.5,0.3373933903351422,0.0867399983108043,0.0483038276433944,42,results/stage5_lstm/predictions/electricity_lstm_seed_66_injected_10pct.csv,4,3,35,0,4,7,0.5714285714285714,1.0,0.7272727272727273,0.9210526315789473,0.07894736842105263,0.9605263157894737,applicable
electricity,LSTM,True,66,injected_10pct,4.0,0.37320101776719045,0.0867399983108043,0.0483038276433944,42,results/stage5_lstm/predictions/electricity_lstm_seed_66_injected_10pct.csv,4,3,35,0,4,7,0.5714285714285714,1.0,0.7272727272727273,0.9210526315789473,0.07894736842105263,0.9605263157894737,applicable
electricity,LSTM,True,66,injected_10pct,4.5,0.4090086451992387,0.0867399983108043,0.0483038276433944,42,results/stage5_lstm/predictions/electricity_lstm_seed_66_injected_10pct.csv,4,2,36,0,4,6,0.6666666666666666,1.0,0.8,0.9473684210526315,0.05263157894736842,0.9736842105263157,applicable
electricity,LSTM,True,66,injected_10pct,5.0,0.444816272631287,0.0867399983108043,0.0483038276433944,42,results/stage5_lstm/predictions/electricity_lstm_seed_66_injected_10pct.csv,4,1,37,0,4,5,0.8,1.0,0.8888888888888888,0.9736842105263158,0.02631578947368421,0.986842105263158,applicable
electricity,LSTM,True,77,injected_10pct,2.0,0.22997050803899738,0.0867399983108043,0.0483038276433944,42,results/stage5_lstm/predictions/electricity_lstm_seed_77_injected_10pct.csv,4,9,29,0,4,13,0.3076923076923077,1.0,0.47058823529411764,0.7631578947368421,0.23684210526315788,0.881578947368421,applicable
electricity,LSTM,True,77,injected_10pct,2.5,0.2657781354710456,0.0867399983108043,0.0483038276433944,42,results/stage5_lstm/predictions/electricity_lstm_seed_77_injected_10pct.csv,4,6,32,0,4,10,0.4,1.0,0.5714285714285714,0.8421052631578947,0.15789473684210525,0.9210526315789473,applicable
electricity,LSTM,True,77,injected_10pct,3.0,0.3015857629030939,0.0867399983108043,0.0483038276433944,42,results/stage5_lstm/predictions/electricity_lstm_seed_77_injected_10pct.csv,4,5,33,0,4,9,0.4444444444444444,1.0,0.6153846153846154,0.868421052631579,0.13157894736842105,0.9342105263157895,applicable
electricity,LSTM,True,77,injected_10pct,3.5,0.3373933903351422,0.0867399983108043,0.0483038276433944,42,results/stage5_lstm/predictions/electricity_lstm_seed_77_injected_10pct.csv,4,3,35,0,4,7,0.5714285714285714,1.0,0.7272727272727273,0.9210526315789473,0.07894736842105263,0.9605263157894737,applicable
electricity,LSTM,True,77,injected_10pct,4.0,0.37320101776719045,0.0867399983108043,0.0483038276433944,42,results/stage5_lstm/predictions/electricity_lstm_seed_77_injected_10pct.csv,4,2,36,0,4,6,0.6666666666666666,1.0,0.8,0.9473684210526315,0.05263157894736842,0.9736842105263157,applicable
electricity,LSTM,True,77,injected_10pct,4.5,0.4090086451992387,0.0867399983108043,0.0483038276433944,42,results/stage5_lstm/predictions/electricity_lstm_seed_77_injected_10pct.csv,4,1,37,0,4,5,0.8,1.0,0.8888888888888888,0.9736842105263158,0.02631578947368421,0.986842105263158,applicable
electricity,LSTM,True,77,injected_10pct,5.0,0.444816272631287,0.0867399983108043,0.0483038276433944,42,results/stage5_lstm/predictions/electricity_lstm_seed_77_injected_10pct.csv,4,1,37,0,4,5,0.8,1.0,0.8888888888888888,0.9736842105263158,0.02631578947368421,0.986842105263158,applicable
electricity,LSTM,True,88,injected_10pct,2.0,0.22997050803899738,0.0867399983108043,0.0483038276433944,42,results/stage5_lstm/predictions/electricity_lstm_seed_88_injected_10pct.csv,4,10,28,0,4,14,0.2857142857142857,1.0,0.4444444444444444,0.7368421052631579,0.2631578947368421,0.868421052631579,applicable
electricity,LSTM,True,88,injected_10pct,2.5,0.2657781354710456,0.0867399983108043,0.0483038276433944,42,results/stage5_lstm/predictions/electricity_lstm_seed_88_injected_10pct.csv,4,8,30,0,4,12,0.3333333333333333,1.0,0.5,0.7894736842105263,0.21052631578947367,0.8947368421052632,applicable
electricity,LSTM,True,88,injected_10pct,3.0,0.3015857629030939,0.0867399983108043,0.0483038276433944,42,results/stage5_lstm/predictions/electricity_lstm_seed_88_injected_10pct.csv,4,5,33,0,4,9,0.4444444444444444,1.0,0.6153846153846154,0.868421052631579,0.13157894736842105,0.9342105263157895,applicable
electricity,LSTM,True,88,injected_10pct,3.5,0.3373933903351422,0.0867399983108043,0.0483038276433944,42,results/stage5_lstm/predictions/electricity_lstm_seed_88_injected_10pct.csv,4,4,34,0,4,8,0.5,1.0,0.6666666666666666,0.8947368421052632,0.10526315789473684,0.9473684210526316,applicable
electricity,LSTM,True,88,injected_10pct,4.0,0.37320101776719045,0.0867399983108043,0.0483038276433944,42,results/stage5_lstm/predictions/electricity_lstm_seed_88_injected_10pct.csv,4,3,35,0,4,7,0.5714285714285714,1.0,0.7272727272727273,0.9210526315789473,0.07894736842105263,0.9605263157894737,applicable
electricity,LSTM,True,88,injected_10pct,4.5,0.4090086451992387,0.0867399983108043,0.0483038276433944,42,results/stage5_lstm/predictions/electricity_lstm_seed_88_injected_10pct.csv,4,3,35,0,4,7,0.5714285714285714,1.0,0.7272727272727273,0.9210526315789473,0.07894736842105263,0.9605263157894737,applicable
electricity,LSTM,True,88,injected_10pct,5.0,0.444816272631287,0.0867399983108043,0.0483038276433944,42,results/stage5_lstm/predictions/electricity_lstm_seed_88_injected_10pct.csv,4,2,36,0,4,6,0.6666666666666666,1.0,0.8,0.9473684210526315,0.05263157894736842,0.9736842105263157,applicable
electricity,LSTM,True,99,injected_10pct,2.0,0.22997050803899738,0.0867399983108043,0.0483038276433944,42,results/stage5_lstm/predictions/electricity_lstm_seed_99_injected_10pct.csv,4,13,25,0,4,17,0.23529411764705882,1.0,0.38095238095238093,0.6578947368421053,0.34210526315789475,0.8289473684210527,applicable
electricity,LSTM,True,99,injected_10pct,2.5,0.2657781354710456,0.0867399983108043,0.0483038276433944,42,results/stage5_lstm/predictions/electricity_lstm_seed_99_injected_10pct.csv,4,7,31,0,4,11,0.36363636363636365,1.0,0.5333333333333333,0.8157894736842105,0.18421052631578946,0.9078947368421053,applicable
electricity,LSTM,True,99,injected_10pct,3.0,0.3015857629030939,0.0867399983108043,0.0483038276433944,42,results/stage5_lstm/predictions/electricity_lstm_seed_99_injected_10pct.csv,4,4,34,0,4,8,0.5,1.0,0.6666666666666666,0.8947368421052632,0.10526315789473684,0.9473684210526316,applicable
electricity,LSTM,True,99,injected_10pct,3.5,0.3373933903351422,0.0867399983108043,0.0483038276433944,42,results/stage5_lstm/predictions/electricity_lstm_seed_99_injected_10pct.csv,4,4,34,0,4,8,0.5,1.0,0.6666666666666666,0.8947368421052632,0.10526315789473684,0.9473684210526316,applicable
electricity,LSTM,True,99,injected_10pct,4.0,0.37320101776719045,0.0867399983108043,0.0483038276433944,42,results/stage5_lstm/predictions/electricity_lstm_seed_99_injected_10pct.csv,4,3,35,0,4,7,0.5714285714285714,1.0,0.7272727272727273,0.9210526315789473,0.07894736842105263,0.9605263157894737,applicable
electricity,LSTM,True,99,injected_10pct,4.5,0.4090086451992387,0.0867399983108043,0.0483038276433944,42,results/stage5_lstm/predictions/electricity_lstm_seed_99_injected_10pct.csv,4,1,37,0,4,5,0.8,1.0,0.8888888888888888,0.9736842105263158,0.02631578947368421,0.986842105263158,applicable
electricity,LSTM,True,99,injected_10pct,5.0,0.444816272631287,0.0867399983108043,0.0483038276433944,42,results/stage5_lstm/predictions/electricity_lstm_seed_99_injected_10pct.csv,4,1,37,0,4,5,0.8,1.0,0.8888888888888888,0.9736842105263158,0.02631578947368421,0.986842105263158,applicable
electricity,LSTM,True,110,proxy_robust_z,2.0,0.22997050803899738,0.0867399983108043,0.0483038276433944,42,results/stage5_lstm/predictions/electricity_lstm_seed_110_proxy_robust_z.csv,0,3,39,0,0,3,,,,0.9285714285714286,0.07142857142857142,,not_applicable_no_positive_reference
electricity,LSTM,True,110,proxy_robust_z,2.5,0.2657781354710456,0.0867399983108043,0.0483038276433944,42,results/stage5_lstm/predictions/electricity_lstm_seed_110_proxy_robust_z.csv,0,2,40,0,0,2,,,,0.9523809523809523,0.047619047619047616,,not_applicable_no_positive_reference
electricity,LSTM,True,110,proxy_robust_z,3.0,0.3015857629030939,0.0867399983108043,0.0483038276433944,42,results/stage5_lstm/predictions/electricity_lstm_seed_110_proxy_robust_z.csv,0,2,40,0,0,2,,,,0.9523809523809523,0.047619047619047616,,not_applicable_no_positive_reference
electricity,LSTM,True,110,proxy_robust_z,3.5,0.3373933903351422,0.0867399983108043,0.0483038276433944,42,results/stage5_lstm/predictions/electricity_lstm_seed_110_proxy_robust_z.csv,0,1,41,0,0,1,,,,0.9761904761904762,0.023809523809523808,,not_applicable_no_positive_reference
electricity,LSTM,True,110,proxy_robust_z,4.0,0.37320101776719045,0.0867399983108043,0.0483038276433944,42,results/stage5_lstm/predictions/electricity_lstm_seed_110_proxy_robust_z.csv,0,1,41,0,0,1,,,,0.9761904761904762,0.023809523809523808,,not_applicable_no_positive_reference
electricity,LSTM,True,110,proxy_robust_z,4.5,0.4090086451992387,0.0867399983108043,0.0483038276433944,42,results/stage5_lstm/predictions/electricity_lstm_seed_110_proxy_robust_z.csv,0,0,42,0,0,0,,,,1.0,0.0,,not_applicable_no_positive_reference
electricity,LSTM,True,110,proxy_robust_z,5.0,0.444816272631287,0.0867399983108043,0.0483038276433944,42,results/stage5_lstm/predictions/electricity_lstm_seed_110_proxy_robust_z.csv,0,0,42,0,0,0,,,,1.0,0.0,,not_applicable_no_positive_reference
electricity,LSTM,True,11,proxy_robust_z,2.0,0.22997050803899738,0.0867399983108043,0.0483038276433944,42,results/stage5_lstm/predictions/electricity_lstm_seed_11_proxy_robust_z.csv,0,4,38,0,0,4,,,,0.9047619047619048,0.09523809523809523,,not_applicable_no_positive_reference
electricity,LSTM,True,11,proxy_robust_z,2.5,0.2657781354710456,0.0867399983108043,0.0483038276433944,42,results/stage5_lstm/predictions/electricity_lstm_seed_11_proxy_robust_z.csv,0,2,40,0,0,2,,,,0.9523809523809523,0.047619047619047616,,not_applicable_no_positive_reference
electricity,LSTM,True,11,proxy_robust_z,3.0,0.3015857629030939,0.0867399983108043,0.0483038276433944,42,results/stage5_lstm/predictions/electricity_lstm_seed_11_proxy_robust_z.csv,0,1,41,0,0,1,,,,0.9761904761904762,0.023809523809523808,,not_applicable_no_positive_reference
electricity,LSTM,True,11,proxy_robust_z,3.5,0.3373933903351422,0.0867399983108043,0.0483038276433944,42,results/stage5_lstm/predictions/electricity_lstm_seed_11_proxy_robust_z.csv,0,1,41,0,0,1,,,,0.9761904761904762,0.023809523809523808,,not_applicable_no_positive_reference
electricity,LSTM,True,11,proxy_robust_z,4.0,0.37320101776719045,0.0867399983108043,0.0483038276433944,42,results/stage5_lstm/predictions/electricity_lstm_seed_11_proxy_robust_z.csv,0,1,41,0,0,1,,,,0.9761904761904762,0.023809523809523808,,not_applicable_no_positive_reference
electricity,LSTM,True,11,proxy_robust_z,4.5,0.4090086451992387,0.0867399983108043,0.0483038276433944,42,results/stage5_lstm/predictions/electricity_lstm_seed_11_proxy_robust_z.csv,0,1,41,0,0,1,,,,0.9761904761904762,0.023809523809523808,,not_applicable_no_positive_reference
electricity,LSTM,True,11,proxy_robust_z,5.0,0.444816272631287,0.0867399983108043,0.0483038276433944,42,results/stage5_lstm/predictions/electricity_lstm_seed_11_proxy_robust_z.csv,0,0,42,0,0,0,,,,1.0,0.0,,not_applicable_no_positive_reference
electricity,LSTM,True,22,proxy_robust_z,2.0,0.22997050803899738,0.0867399983108043,0.0483038276433944,42,results/stage5_lstm/predictions/electricity_lstm_seed_22_proxy_robust_z.csv,0,5,37,0,0,5,,,,0.8809523809523809,0.11904761904761904,,not_applicable_no_positive_reference
electricity,LSTM,True,22,proxy_robust_z,2.5,0.2657781354710456,0.0867399983108043,0.0483038276433944,42,results/stage5_lstm/predictions/electricity_lstm_seed_22_proxy_robust_z.csv,0,1,41,0,0,1,,,,0.9761904761904762,0.023809523809523808,,not_applicable_no_positive_reference
electricity,LSTM,True,22,proxy_robust_z,3.0,0.3015857629030939,0.0867399983108043,0.0483038276433944,42,results/stage5_lstm/predictions/electricity_lstm_seed_22_proxy_robust_z.csv,0,1,41,0,0,1,,,,0.9761904761904762,0.023809523809523808,,not_applicable_no_positive_reference
electricity,LSTM,True,22,proxy_robust_z,3.5,0.3373933903351422,0.0867399983108043,0.0483038276433944,42,results/stage5_lstm/predictions/electricity_lstm_seed_22_proxy_robust_z.csv,0,1,41,0,0,1,,,,0.9761904761904762,0.023809523809523808,,not_applicable_no_positive_reference
electricity,LSTM,True,22,proxy_robust_z,4.0,0.37320101776719045,0.0867399983108043,0.0483038276433944,42,results/stage5_lstm/predictions/electricity_lstm_seed_22_proxy_robust_z.csv,0,1,41,0,0,1,,,,0.9761904761904762,0.023809523809523808,,not_applicable_no_positive_reference
electricity,LSTM,True,22,proxy_robust_z,4.5,0.4090086451992387,0.0867399983108043,0.0483038276433944,42,results/stage5_lstm/predictions/electricity_lstm_seed_22_proxy_robust_z.csv,0,1,41,0,0,1,,,,0.9761904761904762,0.023809523809523808,,not_applicable_no_positive_reference
electricity,LSTM,True,22,proxy_robust_z,5.0,0.444816272631287,0.0867399983108043,0.0483038276433944,42,results/stage5_lstm/predictions/electricity_lstm_seed_22_proxy_robust_z.csv,0,1,41,0,0,1,,,,0.9761904761904762,0.023809523809523808,,not_applicable_no_positive_reference
electricity,LSTM,True,33,proxy_robust_z,2.0,0.22997050803899738,0.0867399983108043,0.0483038276433944,42,results/stage5_lstm/predictions/electricity_lstm_seed_33_proxy_robust_z.csv,0,3,39,0,0,3,,,,0.9285714285714286,0.07142857142857142,,not_applicable_no_positive_reference
electricity,LSTM,True,33,proxy_robust_z,2.5,0.2657781354710456,0.0867399983108043,0.0483038276433944,42,results/stage5_lstm/predictions/electricity_lstm_seed_33_proxy_robust_z.csv,0,2,40,0,0,2,,,,0.9523809523809523,0.047619047619047616,,not_applicable_no_positive_reference
electricity,LSTM,True,33,proxy_robust_z,3.0,0.3015857629030939,0.0867399983108043,0.0483038276433944,42,results/stage5_lstm/predictions/electricity_lstm_seed_33_proxy_robust_z.csv,0,1,41,0,0,1,,,,0.9761904761904762,0.023809523809523808,,not_applicable_no_positive_reference
electricity,LSTM,True,33,proxy_robust_z,3.5,0.3373933903351422,0.0867399983108043,0.0483038276433944,42,results/stage5_lstm/predictions/electricity_lstm_seed_33_proxy_robust_z.csv,0,1,41,0,0,1,,,,0.9761904761904762,0.023809523809523808,,not_applicable_no_positive_reference
electricity,LSTM,True,33,proxy_robust_z,4.0,0.37320101776719045,0.0867399983108043,0.0483038276433944,42,results/stage5_lstm/predictions/electricity_lstm_seed_33_proxy_robust_z.csv,0,1,41,0,0,1,,,,0.9761904761904762,0.023809523809523808,,not_applicable_no_positive_reference
electricity,LSTM,True,33,proxy_robust_z,4.5,0.4090086451992387,0.0867399983108043,0.0483038276433944,42,results/stage5_lstm/predictions/electricity_lstm_seed_33_proxy_robust_z.csv,0,0,42,0,0,0,,,,1.0,0.0,,not_applicable_no_positive_reference
electricity,LSTM,True,33,proxy_robust_z,5.0,0.444816272631287,0.0867399983108043,0.0483038276433944,42,results/stage5_lstm/predictions/electricity_lstm_seed_33_proxy_robust_z.csv,0,0,42,0,0,0,,,,1.0,0.0,,not_applicable_no_positive_reference
electricity,LSTM,True,44,proxy_robust_z,2.0,0.22997050803899738,0.0867399983108043,0.0483038276433944,42,results/stage5_lstm/predictions/electricity_lstm_seed_44_proxy_robust_z.csv,0,3,39,0,0,3,,,,0.9285714285714286,0.07142857142857142,,not_applicable_no_positive_reference
electricity,LSTM,True,44,proxy_robust_z,2.5,0.2657781354710456,0.0867399983108043,0.0483038276433944,42,results/stage5_lstm/predictions/electricity_lstm_seed_44_proxy_robust_z.csv,0,2,40,0,0,2,,,,0.9523809523809523,0.047619047619047616,,not_applicable_no_positive_reference
electricity,LSTM,True,44,proxy_robust_z,3.0,0.3015857629030939,0.0867399983108043,0.0483038276433944,42,results/stage5_lstm/predictions/electricity_lstm_seed_44_proxy_robust_z.csv,0,1,41,0,0,1,,,,0.9761904761904762,0.023809523809523808,,not_applicable_no_positive_reference
electricity,LSTM,True,44,proxy_robust_z,3.5,0.3373933903351422,0.0867399983108043,0.0483038276433944,42,results/stage5_lstm/predictions/electricity_lstm_seed_44_proxy_robust_z.csv,0,1,41,0,0,1,,,,0.9761904761904762,0.023809523809523808,,not_applicable_no_positive_reference
electricity,LSTM,True,44,proxy_robust_z,4.0,0.37320101776719045,0.0867399983108043,0.0483038276433944,42,results/stage5_lstm/predictions/electricity_lstm_seed_44_proxy_robust_z.csv,0,1,41,0,0,1,,,,0.9761904761904762,0.023809523809523808,,not_applicable_no_positive_reference
electricity,LSTM,True,44,proxy_robust_z,4.5,0.4090086451992387,0.0867399983108043,0.0483038276433944,42,results/stage5_lstm/predictions/electricity_lstm_seed_44_proxy_robust_z.csv,0,1,41,0,0,1,,,,0.9761904761904762,0.023809523809523808,,not_applicable_no_positive_reference
electricity,LSTM,True,44,proxy_robust_z,5.0,0.444816272631287,0.0867399983108043,0.0483038276433944,42,results/stage5_lstm/predictions/electricity_lstm_seed_44_proxy_robust_z.csv,0,0,42,0,0,0,,,,1.0,0.0,,not_applicable_no_positive_reference
electricity,LSTM,True,55,proxy_robust_z,2.0,0.22997050803899738,0.0867399983108043,0.0483038276433944,42,results/stage5_lstm/predictions/electricity_lstm_seed_55_proxy_robust_z.csv,0,5,37,0,0,5,,,,0.8809523809523809,0.11904761904761904,,not_applicable_no_positive_reference
electricity,LSTM,True,55,proxy_robust_z,2.5,0.2657781354710456,0.0867399983108043,0.0483038276433944,42,results/stage5_lstm/predictions/electricity_lstm_seed_55_proxy_robust_z.csv,0,3,39,0,0,3,,,,0.9285714285714286,0.07142857142857142,,not_applicable_no_positive_reference
electricity,LSTM,True,55,proxy_robust_z,3.0,0.3015857629030939,0.0867399983108043,0.0483038276433944,42,results/stage5_lstm/predictions/electricity_lstm_seed_55_proxy_robust_z.csv,0,1,41,0,0,1,,,,0.9761904761904762,0.023809523809523808,,not_applicable_no_positive_reference
electricity,LSTM,True,55,proxy_robust_z,3.5,0.3373933903351422,0.0867399983108043,0.0483038276433944,42,results/stage5_lstm/predictions/electricity_lstm_seed_55_proxy_robust_z.csv,0,1,41,0,0,1,,,,0.9761904761904762,0.023809523809523808,,not_applicable_no_positive_reference
electricity,LSTM,True,55,proxy_robust_z,4.0,0.37320101776719045,0.0867399983108043,0.0483038276433944,42,results/stage5_lstm/predictions/electricity_lstm_seed_55_proxy_robust_z.csv,0,1,41,0,0,1,,,,0.9761904761904762,0.023809523809523808,,not_applicable_no_positive_reference
electricity,LSTM,True,55,proxy_robust_z,4.5,0.4090086451992387,0.0867399983108043,0.0483038276433944,42,results/stage5_lstm/predictions/electricity_lstm_seed_55_proxy_robust_z.csv,0,1,41,0,0,1,,,,0.9761904761904762,0.023809523809523808,,not_applicable_no_positive_reference
electricity,LSTM,True,55,proxy_robust_z,5.0,0.444816272631287,0.0867399983108043,0.0483038276433944,42,results/stage5_lstm/predictions/electricity_lstm_seed_55_proxy_robust_z.csv,0,0,42,0,0,0,,,,1.0,0.0,,not_applicable_no_positive_reference
electricity,LSTM,True,66,proxy_robust_z,2.0,0.22997050803899738,0.0867399983108043,0.0483038276433944,42,results/stage5_lstm/predictions/electricity_lstm_seed_66_proxy_robust_z.csv,0,4,38,0,0,4,,,,0.9047619047619048,0.09523809523809523,,not_applicable_no_positive_reference
electricity,LSTM,True,66,proxy_robust_z,2.5,0.2657781354710456,0.0867399983108043,0.0483038276433944,42,results/stage5_lstm/predictions/electricity_lstm_seed_66_proxy_robust_z.csv,0,4,38,0,0,4,,,,0.9047619047619048,0.09523809523809523,,not_applicable_no_positive_reference
electricity,LSTM,True,66,proxy_robust_z,3.0,0.3015857629030939,0.0867399983108043,0.0483038276433944,42,results/stage5_lstm/predictions/electricity_lstm_seed_66_proxy_robust_z.csv,0,2,40,0,0,2,,,,0.9523809523809523,0.047619047619047616,,not_applicable_no_positive_reference
electricity,LSTM,True,66,proxy_robust_z,3.5,0.3373933903351422,0.0867399983108043,0.0483038276433944,42,results/stage5_lstm/predictions/electricity_lstm_seed_66_proxy_robust_z.csv,0,1,41,0,0,1,,,,0.9761904761904762,0.023809523809523808,,not_applicable_no_positive_reference
electricity,LSTM,True,66,proxy_robust_z,4.0,0.37320101776719045,0.0867399983108043,0.0483038276433944,42,results/stage5_lstm/predictions/electricity_lstm_seed_66_proxy_robust_z.csv,0,1,41,0,0,1,,,,0.9761904761904762,0.023809523809523808,,not_applicable_no_positive_reference
electricity,LSTM,True,66,proxy_robust_z,4.5,0.4090086451992387,0.0867399983108043,0.0483038276433944,42,results/stage5_lstm/predictions/electricity_lstm_seed_66_proxy_robust_z.csv,0,1,41,0,0,1,,,,0.9761904761904762,0.023809523809523808,,not_applicable_no_positive_reference
electricity,LSTM,True,66,proxy_robust_z,5.0,0.444816272631287,0.0867399983108043,0.0483038276433944,42,results/stage5_lstm/predictions/electricity_lstm_seed_66_proxy_robust_z.csv,0,1,41,0,0,1,,,,0.9761904761904762,0.023809523809523808,,not_applicable_no_positive_reference
electricity,LSTM,True,77,proxy_robust_z,2.0,0.22997050803899738,0.0867399983108043,0.0483038276433944,42,results/stage5_lstm/predictions/electricity_lstm_seed_77_proxy_robust_z.csv,0,4,38,0,0,4,,,,0.9047619047619048,0.09523809523809523,,not_applicable_no_positive_reference
electricity,LSTM,True,77,proxy_robust_z,2.5,0.2657781354710456,0.0867399983108043,0.0483038276433944,42,results/stage5_lstm/predictions/electricity_lstm_seed_77_proxy_robust_z.csv,0,2,40,0,0,2,,,,0.9523809523809523,0.047619047619047616,,not_applicable_no_positive_reference
electricity,LSTM,True,77,proxy_robust_z,3.0,0.3015857629030939,0.0867399983108043,0.0483038276433944,42,results/stage5_lstm/predictions/electricity_lstm_seed_77_proxy_robust_z.csv,0,1,41,0,0,1,,,,0.9761904761904762,0.023809523809523808,,not_applicable_no_positive_reference
electricity,LSTM,True,77,proxy_robust_z,3.5,0.3373933903351422,0.0867399983108043,0.0483038276433944,42,results/stage5_lstm/predictions/electricity_lstm_seed_77_proxy_robust_z.csv,0,1,41,0,0,1,,,,0.9761904761904762,0.023809523809523808,,not_applicable_no_positive_reference
electricity,LSTM,True,77,proxy_robust_z,4.0,0.37320101776719045,0.0867399983108043,0.0483038276433944,42,results/stage5_lstm/predictions/electricity_lstm_seed_77_proxy_robust_z.csv,0,1,41,0,0,1,,,,0.9761904761904762,0.023809523809523808,,not_applicable_no_positive_reference
electricity,LSTM,True,77,proxy_robust_z,4.5,0.4090086451992387,0.0867399983108043,0.0483038276433944,42,results/stage5_lstm/predictions/electricity_lstm_seed_77_proxy_robust_z.csv,0,1,41,0,0,1,,,,0.9761904761904762,0.023809523809523808,,not_applicable_no_positive_reference
electricity,LSTM,True,77,proxy_robust_z,5.0,0.444816272631287,0.0867399983108043,0.0483038276433944,42,results/stage5_lstm/predictions/electricity_lstm_seed_77_proxy_robust_z.csv,0,1,41,0,0,1,,,,0.9761904761904762,0.023809523809523808,,not_applicable_no_positive_reference
electricity,LSTM,True,88,proxy_robust_z,2.0,0.22997050803899738,0.0867399983108043,0.0483038276433944,42,results/stage5_lstm/predictions/electricity_lstm_seed_88_proxy_robust_z.csv,0,5,37,0,0,5,,,,0.8809523809523809,0.11904761904761904,,not_applicable_no_positive_reference
electricity,LSTM,True,88,proxy_robust_z,2.5,0.2657781354710456,0.0867399983108043,0.0483038276433944,42,results/stage5_lstm/predictions/electricity_lstm_seed_88_proxy_robust_z.csv,0,2,40,0,0,2,,,,0.9523809523809523,0.047619047619047616,,not_applicable_no_positive_reference
electricity,LSTM,True,88,proxy_robust_z,3.0,0.3015857629030939,0.0867399983108043,0.0483038276433944,42,results/stage5_lstm/predictions/electricity_lstm_seed_88_proxy_robust_z.csv,0,2,40,0,0,2,,,,0.9523809523809523,0.047619047619047616,,not_applicable_no_positive_reference
electricity,LSTM,True,88,proxy_robust_z,3.5,0.3373933903351422,0.0867399983108043,0.0483038276433944,42,results/stage5_lstm/predictions/electricity_lstm_seed_88_proxy_robust_z.csv,0,1,41,0,0,1,,,,0.9761904761904762,0.023809523809523808,,not_applicable_no_positive_reference
electricity,LSTM,True,88,proxy_robust_z,4.0,0.37320101776719045,0.0867399983108043,0.0483038276433944,42,results/stage5_lstm/predictions/electricity_lstm_seed_88_proxy_robust_z.csv,0,1,41,0,0,1,,,,0.9761904761904762,0.023809523809523808,,not_applicable_no_positive_reference
electricity,LSTM,True,88,proxy_robust_z,4.5,0.4090086451992387,0.0867399983108043,0.0483038276433944,42,results/stage5_lstm/predictions/electricity_lstm_seed_88_proxy_robust_z.csv,0,1,41,0,0,1,,,,0.9761904761904762,0.023809523809523808,,not_applicable_no_positive_reference
electricity,LSTM,True,88,proxy_robust_z,5.0,0.444816272631287,0.0867399983108043,0.0483038276433944,42,results/stage5_lstm/predictions/electricity_lstm_seed_88_proxy_robust_z.csv,0,1,41,0,0,1,,,,0.9761904761904762,0.023809523809523808,,not_applicable_no_positive_reference
electricity,LSTM,True,99,proxy_robust_z,2.0,0.22997050803899738,0.0867399983108043,0.0483038276433944,42,results/stage5_lstm/predictions/electricity_lstm_seed_99_proxy_robust_z.csv,0,4,38,0,0,4,,,,0.9047619047619048,0.09523809523809523,,not_applicable_no_positive_reference
electricity,LSTM,True,99,proxy_robust_z,2.5,0.2657781354710456,0.0867399983108043,0.0483038276433944,42,results/stage5_lstm/predictions/electricity_lstm_seed_99_proxy_robust_z.csv,0,2,40,0,0,2,,,,0.9523809523809523,0.047619047619047616,,not_applicable_no_positive_reference
electricity,LSTM,True,99,proxy_robust_z,3.0,0.3015857629030939,0.0867399983108043,0.0483038276433944,42,results/stage5_lstm/predictions/electricity_lstm_seed_99_proxy_robust_z.csv,0,2,40,0,0,2,,,,0.9523809523809523,0.047619047619047616,,not_applicable_no_positive_reference
electricity,LSTM,True,99,proxy_robust_z,3.5,0.3373933903351422,0.0867399983108043,0.0483038276433944,42,results/stage5_lstm/predictions/electricity_lstm_seed_99_proxy_robust_z.csv,0,1,41,0,0,1,,,,0.9761904761904762,0.023809523809523808,,not_applicable_no_positive_reference
electricity,LSTM,True,99,proxy_robust_z,4.0,0.37320101776719045,0.0867399983108043,0.0483038276433944,42,results/stage5_lstm/predictions/electricity_lstm_seed_99_proxy_robust_z.csv,0,1,41,0,0,1,,,,0.9761904761904762,0.023809523809523808,,not_applicable_no_positive_reference
electricity,LSTM,True,99,proxy_robust_z,4.5,0.4090086451992387,0.0867399983108043,0.0483038276433944,42,results/stage5_lstm/predictions/electricity_lstm_seed_99_proxy_robust_z.csv,0,1,41,0,0,1,,,,0.9761904761904762,0.023809523809523808,,not_applicable_no_positive_reference
electricity,LSTM,True,99,proxy_robust_z,5.0,0.444816272631287,0.0867399983108043,0.0483038276433944,42,results/stage5_lstm/predictions/electricity_lstm_seed_99_proxy_robust_z.csv,0,1,41,0,0,1,,,,0.9761904761904762,0.023809523809523808,,not_applicable_no_positive_reference
electricity,NFGA-Core,True,110,injected_5pct,2.0,0.19223053592720896,0.0736087417701281,0.0400046520157429,42,results/stage6_nfga/predictions/electricity_nfga-core_seed_110_injected_5pct.csv,2,7,33,0,2,9,0.2222222222222222,1.0,0.36363636363636365,0.825,0.175,0.9125,applicable
electricity,NFGA-Core,True,110,injected_5pct,2.5,0.22188598446647917,0.0736087417701281,0.0400046520157429,42,results/stage6_nfga/predictions/electricity_nfga-core_seed_110_injected_5pct.csv,2,6,34,0,2,8,0.25,1.0,0.4,0.85,0.15,0.925,applicable
electricity,NFGA-Core,True,110,injected_5pct,3.0,0.2515414330057494,0.0736087417701281,0.0400046520157429,42,results/stage6_nfga/predictions/electricity_nfga-core_seed_110_injected_5pct.csv,2,5,35,0,2,7,0.2857142857142857,1.0,0.4444444444444444,0.875,0.125,0.9375,applicable
electricity,NFGA-Core,True,110,injected_5pct,3.5,0.2811968815450196,0.0736087417701281,0.0400046520157429,42,results/stage6_nfga/predictions/electricity_nfga-core_seed_110_injected_5pct.csv,2,3,37,0,2,5,0.4,1.0,0.5714285714285714,0.925,0.075,0.9625,applicable
electricity,NFGA-Core,True,110,injected_5pct,4.0,0.3108523300842898,0.0736087417701281,0.0400046520157429,42,results/stage6_nfga/predictions/electricity_nfga-core_seed_110_injected_5pct.csv,2,1,39,0,2,3,0.6666666666666666,1.0,0.8,0.975,0.025,0.9875,applicable
electricity,NFGA-Core,True,110,injected_5pct,4.5,0.34050777862356,0.0736087417701281,0.0400046520157429,42,results/stage6_nfga/predictions/electricity_nfga-core_seed_110_injected_5pct.csv,2,1,39,0,2,3,0.6666666666666666,1.0,0.8,0.975,0.025,0.9875,applicable
electricity,NFGA-Core,True,110,injected_5pct,5.0,0.37016322716283023,0.0736087417701281,0.0400046520157429,42,results/stage6_nfga/predictions/electricity_nfga-core_seed_110_injected_5pct.csv,2,1,39,0,2,3,0.6666666666666666,1.0,0.8,0.975,0.025,0.9875,applicable
electricity,NFGA-Core,True,11,injected_5pct,2.0,0.19223053592720896,0.0736087417701281,0.0400046520157429,42,results/stage6_nfga/predictions/electricity_nfga-core_seed_11_injected_5pct.csv,2,7,33,0,2,9,0.2222222222222222,1.0,0.36363636363636365,0.825,0.175,0.9125,applicable
electricity,NFGA-Core,True,11,injected_5pct,2.5,0.22188598446647917,0.0736087417701281,0.0400046520157429,42,results/stage6_nfga/predictions/electricity_nfga-core_seed_11_injected_5pct.csv,2,5,35,0,2,7,0.2857142857142857,1.0,0.4444444444444444,0.875,0.125,0.9375,applicable
electricity,NFGA-Core,True,11,injected_5pct,3.0,0.2515414330057494,0.0736087417701281,0.0400046520157429,42,results/stage6_nfga/predictions/electricity_nfga-core_seed_11_injected_5pct.csv,2,4,36,0,2,6,0.3333333333333333,1.0,0.5,0.9,0.1,0.95,applicable
electricity,NFGA-Core,True,11,injected_5pct,3.5,0.2811968815450196,0.0736087417701281,0.0400046520157429,42,results/stage6_nfga/predictions/electricity_nfga-core_seed_11_injected_5pct.csv,2,4,36,0,2,6,0.3333333333333333,1.0,0.5,0.9,0.1,0.95,applicable
electricity,NFGA-Core,True,11,injected_5pct,4.0,0.3108523300842898,0.0736087417701281,0.0400046520157429,42,results/stage6_nfga/predictions/electricity_nfga-core_seed_11_injected_5pct.csv,2,4,36,0,2,6,0.3333333333333333,1.0,0.5,0.9,0.1,0.95,applicable
electricity,NFGA-Core,True,11,injected_5pct,4.5,0.34050777862356,0.0736087417701281,0.0400046520157429,42,results/stage6_nfga/predictions/electricity_nfga-core_seed_11_injected_5pct.csv,2,4,36,0,2,6,0.3333333333333333,1.0,0.5,0.9,0.1,0.95,applicable
electricity,NFGA-Core,True,11,injected_5pct,5.0,0.37016322716283023,0.0736087417701281,0.0400046520157429,42,results/stage6_nfga/predictions/electricity_nfga-core_seed_11_injected_5pct.csv,2,4,36,0,2,6,0.3333333333333333,1.0,0.5,0.9,0.1,0.95,applicable
electricity,NFGA-Core,True,22,injected_5pct,2.0,0.19223053592720896,0.0736087417701281,0.0400046520157429,42,results/stage6_nfga/predictions/electricity_nfga-core_seed_22_injected_5pct.csv,2,10,30,0,2,12,0.16666666666666666,1.0,0.2857142857142857,0.75,0.25,0.875,applicable
electricity,NFGA-Core,True,22,injected_5pct,2.5,0.22188598446647917,0.0736087417701281,0.0400046520157429,42,results/stage6_nfga/predictions/electricity_nfga-core_seed_22_injected_5pct.csv,2,10,30,0,2,12,0.16666666666666666,1.0,0.2857142857142857,0.75,0.25,0.875,applicable
electricity,NFGA-Core,True,22,injected_5pct,3.0,0.2515414330057494,0.0736087417701281,0.0400046520157429,42,results/stage6_nfga/predictions/electricity_nfga-core_seed_22_injected_5pct.csv,2,7,33,0,2,9,0.2222222222222222,1.0,0.36363636363636365,0.825,0.175,0.9125,applicable
electricity,NFGA-Core,True,22,injected_5pct,3.5,0.2811968815450196,0.0736087417701281,0.0400046520157429,42,results/stage6_nfga/predictions/electricity_nfga-core_seed_22_injected_5pct.csv,2,5,35,0,2,7,0.2857142857142857,1.0,0.4444444444444444,0.875,0.125,0.9375,applicable
electricity,NFGA-Core,True,22,injected_5pct,4.0,0.3108523300842898,0.0736087417701281,0.0400046520157429,42,results/stage6_nfga/predictions/electricity_nfga-core_seed_22_injected_5pct.csv,2,4,36,0,2,6,0.3333333333333333,1.0,0.5,0.9,0.1,0.95,applicable
electricity,NFGA-Core,True,22,injected_5pct,4.5,0.34050777862356,0.0736087417701281,0.0400046520157429,42,results/stage6_nfga/predictions/electricity_nfga-core_seed_22_injected_5pct.csv,2,3,37,0,2,5,0.4,1.0,0.5714285714285714,0.925,0.075,0.9625,applicable
electricity,NFGA-Core,True,22,injected_5pct,5.0,0.37016322716283023,0.0736087417701281,0.0400046520157429,42,results/stage6_nfga/predictions/electricity_nfga-core_seed_22_injected_5pct.csv,2,3,37,0,2,5,0.4,1.0,0.5714285714285714,0.925,0.075,0.9625,applicable
electricity,NFGA-Core,True,33,injected_5pct,2.0,0.19223053592720896,0.0736087417701281,0.0400046520157429,42,results/stage6_nfga/predictions/electricity_nfga-core_seed_33_injected_5pct.csv,2,7,33,0,2,9,0.2222222222222222,1.0,0.36363636363636365,0.825,0.175,0.9125,applicable
electricity,NFGA-Core,True,33,injected_5pct,2.5,0.22188598446647917,0.0736087417701281,0.0400046520157429,42,results/stage6_nfga/predictions/electricity_nfga-core_seed_33_injected_5pct.csv,2,6,34,0,2,8,0.25,1.0,0.4,0.85,0.15,0.925,applicable
electricity,NFGA-Core,True,33,injected_5pct,3.0,0.2515414330057494,0.0736087417701281,0.0400046520157429,42,results/stage6_nfga/predictions/electricity_nfga-core_seed_33_injected_5pct.csv,2,4,36,0,2,6,0.3333333333333333,1.0,0.5,0.9,0.1,0.95,applicable
electricity,NFGA-Core,True,33,injected_5pct,3.5,0.2811968815450196,0.0736087417701281,0.0400046520157429,42,results/stage6_nfga/predictions/electricity_nfga-core_seed_33_injected_5pct.csv,2,4,36,0,2,6,0.3333333333333333,1.0,0.5,0.9,0.1,0.95,applicable
electricity,NFGA-Core,True,33,injected_5pct,4.0,0.3108523300842898,0.0736087417701281,0.0400046520157429,42,results/stage6_nfga/predictions/electricity_nfga-core_seed_33_injected_5pct.csv,2,4,36,0,2,6,0.3333333333333333,1.0,0.5,0.9,0.1,0.95,applicable
electricity,NFGA-Core,True,33,injected_5pct,4.5,0.34050777862356,0.0736087417701281,0.0400046520157429,42,results/stage6_nfga/predictions/electricity_nfga-core_seed_33_injected_5pct.csv,2,3,37,0,2,5,0.4,1.0,0.5714285714285714,0.925,0.075,0.9625,applicable
electricity,NFGA-Core,True,33,injected_5pct,5.0,0.37016322716283023,0.0736087417701281,0.0400046520157429,42,results/stage6_nfga/predictions/electricity_nfga-core_seed_33_injected_5pct.csv,2,3,37,0,2,5,0.4,1.0,0.5714285714285714,0.925,0.075,0.9625,applicable
electricity,NFGA-Core,True,44,injected_5pct,2.0,0.19223053592720896,0.0736087417701281,0.0400046520157429,42,results/stage6_nfga/predictions/electricity_nfga-core_seed_44_injected_5pct.csv,2,11,29,0,2,13,0.15384615384615385,1.0,0.26666666666666666,0.725,0.275,0.8625,applicable
electricity,NFGA-Core,True,44,injected_5pct,2.5,0.22188598446647917,0.0736087417701281,0.0400046520157429,42,results/stage6_nfga/predictions/electricity_nfga-core_seed_44_injected_5pct.csv,2,9,31,0,2,11,0.18181818181818182,1.0,0.3076923076923077,0.775,0.225,0.8875,applicable
electricity,NFGA-Core,True,44,injected_5pct,3.0,0.2515414330057494,0.0736087417701281,0.0400046520157429,42,results/stage6_nfga/predictions/electricity_nfga-core_seed_44_injected_5pct.csv,2,7,33,0,2,9,0.2222222222222222,1.0,0.36363636363636365,0.825,0.175,0.9125,applicable
electricity,NFGA-Core,True,44,injected_5pct,3.5,0.2811968815450196,0.0736087417701281,0.0400046520157429,42,results/stage6_nfga/predictions/electricity_nfga-core_seed_44_injected_5pct.csv,2,5,35,0,2,7,0.2857142857142857,1.0,0.4444444444444444,0.875,0.125,0.9375,applicable
electricity,NFGA-Core,True,44,injected_5pct,4.0,0.3108523300842898,0.0736087417701281,0.0400046520157429,42,results/stage6_nfga/predictions/electricity_nfga-core_seed_44_injected_5pct.csv,2,5,35,0,2,7,0.2857142857142857,1.0,0.4444444444444444,0.875,0.125,0.9375,applicable
electricity,NFGA-Core,True,44,injected_5pct,4.5,0.34050777862356,0.0736087417701281,0.0400046520157429,42,results/stage6_nfga/predictions/electricity_nfga-core_seed_44_injected_5pct.csv,2,5,35,0,2,7,0.2857142857142857,1.0,0.4444444444444444,0.875,0.125,0.9375,applicable
electricity,NFGA-Core,True,44,injected_5pct,5.0,0.37016322716283023,0.0736087417701281,0.0400046520157429,42,results/stage6_nfga/predictions/electricity_nfga-core_seed_44_injected_5pct.csv,2,5,35,0,2,7,0.2857142857142857,1.0,0.4444444444444444,0.875,0.125,0.9375,applicable
electricity,NFGA-Core,True,55,injected_5pct,2.0,0.19223053592720896,0.0736087417701281,0.0400046520157429,42,results/stage6_nfga/predictions/electricity_nfga-core_seed_55_injected_5pct.csv,2,11,29,0,2,13,0.15384615384615385,1.0,0.26666666666666666,0.725,0.275,0.8625,applicable
electricity,NFGA-Core,True,55,injected_5pct,2.5,0.22188598446647917,0.0736087417701281,0.0400046520157429,42,results/stage6_nfga/predictions/electricity_nfga-core_seed_55_injected_5pct.csv,2,6,34,0,2,8,0.25,1.0,0.4,0.85,0.15,0.925,applicable
electricity,NFGA-Core,True,55,injected_5pct,3.0,0.2515414330057494,0.0736087417701281,0.0400046520157429,42,results/stage6_nfga/predictions/electricity_nfga-core_seed_55_injected_5pct.csv,2,6,34,0,2,8,0.25,1.0,0.4,0.85,0.15,0.925,applicable
electricity,NFGA-Core,True,55,injected_5pct,3.5,0.2811968815450196,0.0736087417701281,0.0400046520157429,42,results/stage6_nfga/predictions/electricity_nfga-core_seed_55_injected_5pct.csv,2,6,34,0,2,8,0.25,1.0,0.4,0.85,0.15,0.925,applicable
electricity,NFGA-Core,True,55,injected_5pct,4.0,0.3108523300842898,0.0736087417701281,0.0400046520157429,42,results/stage6_nfga/predictions/electricity_nfga-core_seed_55_injected_5pct.csv,2,4,36,0,2,6,0.3333333333333333,1.0,0.5,0.9,0.1,0.95,applicable
electricity,NFGA-Core,True,55,injected_5pct,4.5,0.34050777862356,0.0736087417701281,0.0400046520157429,42,results/stage6_nfga/predictions/electricity_nfga-core_seed_55_injected_5pct.csv,2,3,37,0,2,5,0.4,1.0,0.5714285714285714,0.925,0.075,0.9625,applicable
electricity,NFGA-Core,True,55,injected_5pct,5.0,0.37016322716283023,0.0736087417701281,0.0400046520157429,42,results/stage6_nfga/predictions/electricity_nfga-core_seed_55_injected_5pct.csv,2,2,38,0,2,4,0.5,1.0,0.6666666666666666,0.95,0.05,0.975,applicable
electricity,NFGA-Core,True,66,injected_5pct,2.0,0.19223053592720896,0.0736087417701281,0.0400046520157429,42,results/stage6_nfga/predictions/electricity_nfga-core_seed_66_injected_5pct.csv,2,9,31,0,2,11,0.18181818181818182,1.0,0.3076923076923077,0.775,0.225,0.8875,applicable
electricity,NFGA-Core,True,66,injected_5pct,2.5,0.22188598446647917,0.0736087417701281,0.0400046520157429,42,results/stage6_nfga/predictions/electricity_nfga-core_seed_66_injected_5pct.csv,2,9,31,0,2,11,0.18181818181818182,1.0,0.3076923076923077,0.775,0.225,0.8875,applicable
electricity,NFGA-Core,True,66,injected_5pct,3.0,0.2515414330057494,0.0736087417701281,0.0400046520157429,42,results/stage6_nfga/predictions/electricity_nfga-core_seed_66_injected_5pct.csv,2,5,35,0,2,7,0.2857142857142857,1.0,0.4444444444444444,0.875,0.125,0.9375,applicable
electricity,NFGA-Core,True,66,injected_5pct,3.5,0.2811968815450196,0.0736087417701281,0.0400046520157429,42,results/stage6_nfga/predictions/electricity_nfga-core_seed_66_injected_5pct.csv,2,5,35,0,2,7,0.2857142857142857,1.0,0.4444444444444444,0.875,0.125,0.9375,applicable
electricity,NFGA-Core,True,66,injected_5pct,4.0,0.3108523300842898,0.0736087417701281,0.0400046520157429,42,results/stage6_nfga/predictions/electricity_nfga-core_seed_66_injected_5pct.csv,2,4,36,0,2,6,0.3333333333333333,1.0,0.5,0.9,0.1,0.95,applicable
electricity,NFGA-Core,True,66,injected_5pct,4.5,0.34050777862356,0.0736087417701281,0.0400046520157429,42,results/stage6_nfga/predictions/electricity_nfga-core_seed_66_injected_5pct.csv,2,4,36,0,2,6,0.3333333333333333,1.0,0.5,0.9,0.1,0.95,applicable
electricity,NFGA-Core,True,66,injected_5pct,5.0,0.37016322716283023,0.0736087417701281,0.0400046520157429,42,results/stage6_nfga/predictions/electricity_nfga-core_seed_66_injected_5pct.csv,2,4,36,0,2,6,0.3333333333333333,1.0,0.5,0.9,0.1,0.95,applicable
electricity,NFGA-Core,True,77,injected_5pct,2.0,0.19223053592720896,0.0736087417701281,0.0400046520157429,42,results/stage6_nfga/predictions/electricity_nfga-core_seed_77_injected_5pct.csv,2,7,33,0,2,9,0.2222222222222222,1.0,0.36363636363636365,0.825,0.175,0.9125,applicable
electricity,NFGA-Core,True,77,injected_5pct,2.5,0.22188598446647917,0.0736087417701281,0.0400046520157429,42,results/stage6_nfga/predictions/electricity_nfga-core_seed_77_injected_5pct.csv,2,6,34,0,2,8,0.25,1.0,0.4,0.85,0.15,0.925,applicable
electricity,NFGA-Core,True,77,injected_5pct,3.0,0.2515414330057494,0.0736087417701281,0.0400046520157429,42,results/stage6_nfga/predictions/electricity_nfga-core_seed_77_injected_5pct.csv,2,4,36,0,2,6,0.3333333333333333,1.0,0.5,0.9,0.1,0.95,applicable
electricity,NFGA-Core,True,77,injected_5pct,3.5,0.2811968815450196,0.0736087417701281,0.0400046520157429,42,results/stage6_nfga/predictions/electricity_nfga-core_seed_77_injected_5pct.csv,2,3,37,0,2,5,0.4,1.0,0.5714285714285714,0.925,0.075,0.9625,applicable
electricity,NFGA-Core,True,77,injected_5pct,4.0,0.3108523300842898,0.0736087417701281,0.0400046520157429,42,results/stage6_nfga/predictions/electricity_nfga-core_seed_77_injected_5pct.csv,2,3,37,0,2,5,0.4,1.0,0.5714285714285714,0.925,0.075,0.9625,applicable
electricity,NFGA-Core,True,77,injected_5pct,4.5,0.34050777862356,0.0736087417701281,0.0400046520157429,42,results/stage6_nfga/predictions/electricity_nfga-core_seed_77_injected_5pct.csv,2,3,37,0,2,5,0.4,1.0,0.5714285714285714,0.925,0.075,0.9625,applicable
electricity,NFGA-Core,True,77,injected_5pct,5.0,0.37016322716283023,0.0736087417701281,0.0400046520157429,42,results/stage6_nfga/predictions/electricity_nfga-core_seed_77_injected_5pct.csv,2,3,37,0,2,5,0.4,1.0,0.5714285714285714,0.925,0.075,0.9625,applicable
electricity,NFGA-Core,True,88,injected_5pct,2.0,0.19223053592720896,0.0736087417701281,0.0400046520157429,42,results/stage6_nfga/predictions/electricity_nfga-core_seed_88_injected_5pct.csv,2,9,31,0,2,11,0.18181818181818182,1.0,0.3076923076923077,0.775,0.225,0.8875,applicable
electricity,NFGA-Core,True,88,injected_5pct,2.5,0.22188598446647917,0.0736087417701281,0.0400046520157429,42,results/stage6_nfga/predictions/electricity_nfga-core_seed_88_injected_5pct.csv,2,8,32,0,2,10,0.2,1.0,0.3333333333333333,0.8,0.2,0.9,applicable
electricity,NFGA-Core,True,88,injected_5pct,3.0,0.2515414330057494,0.0736087417701281,0.0400046520157429,42,results/stage6_nfga/predictions/electricity_nfga-core_seed_88_injected_5pct.csv,2,8,32,0,2,10,0.2,1.0,0.3333333333333333,0.8,0.2,0.9,applicable
electricity,NFGA-Core,True,88,injected_5pct,3.5,0.2811968815450196,0.0736087417701281,0.0400046520157429,42,results/stage6_nfga/predictions/electricity_nfga-core_seed_88_injected_5pct.csv,2,8,32,0,2,10,0.2,1.0,0.3333333333333333,0.8,0.2,0.9,applicable
electricity,NFGA-Core,True,88,injected_5pct,4.0,0.3108523300842898,0.0736087417701281,0.0400046520157429,42,results/stage6_nfga/predictions/electricity_nfga-core_seed_88_injected_5pct.csv,2,5,35,0,2,7,0.2857142857142857,1.0,0.4444444444444444,0.875,0.125,0.9375,applicable
electricity,NFGA-Core,True,88,injected_5pct,4.5,0.34050777862356,0.0736087417701281,0.0400046520157429,42,results/stage6_nfga/predictions/electricity_nfga-core_seed_88_injected_5pct.csv,2,4,36,0,2,6,0.3333333333333333,1.0,0.5,0.9,0.1,0.95,applicable
electricity,NFGA-Core,True,88,injected_5pct,5.0,0.37016322716283023,0.0736087417701281,0.0400046520157429,42,results/stage6_nfga/predictions/electricity_nfga-core_seed_88_injected_5pct.csv,2,4,36,0,2,6,0.3333333333333333,1.0,0.5,0.9,0.1,0.95,applicable
electricity,NFGA-Core,True,99,injected_5pct,2.0,0.19223053592720896,0.0736087417701281,0.0400046520157429,42,results/stage6_nfga/predictions/electricity_nfga-core_seed_99_injected_5pct.csv,2,11,29,0,2,13,0.15384615384615385,1.0,0.26666666666666666,0.725,0.275,0.8625,applicable
electricity,NFGA-Core,True,99,injected_5pct,2.5,0.22188598446647917,0.0736087417701281,0.0400046520157429,42,results/stage6_nfga/predictions/electricity_nfga-core_seed_99_injected_5pct.csv,2,8,32,0,2,10,0.2,1.0,0.3333333333333333,0.8,0.2,0.9,applicable
electricity,NFGA-Core,True,99,injected_5pct,3.0,0.2515414330057494,0.0736087417701281,0.0400046520157429,42,results/stage6_nfga/predictions/electricity_nfga-core_seed_99_injected_5pct.csv,2,7,33,0,2,9,0.2222222222222222,1.0,0.36363636363636365,0.825,0.175,0.9125,applicable
electricity,NFGA-Core,True,99,injected_5pct,3.5,0.2811968815450196,0.0736087417701281,0.0400046520157429,42,results/stage6_nfga/predictions/electricity_nfga-core_seed_99_injected_5pct.csv,2,5,35,0,2,7,0.2857142857142857,1.0,0.4444444444444444,0.875,0.125,0.9375,applicable
electricity,NFGA-Core,True,99,injected_5pct,4.0,0.3108523300842898,0.0736087417701281,0.0400046520157429,42,results/stage6_nfga/predictions/electricity_nfga-core_seed_99_injected_5pct.csv,2,5,35,0,2,7,0.2857142857142857,1.0,0.4444444444444444,0.875,0.125,0.9375,applicable
electricity,NFGA-Core,True,99,injected_5pct,4.5,0.34050777862356,0.0736087417701281,0.0400046520157429,42,results/stage6_nfga/predictions/electricity_nfga-core_seed_99_injected_5pct.csv,2,4,36,0,2,6,0.3333333333333333,1.0,0.5,0.9,0.1,0.95,applicable
electricity,NFGA-Core,True,99,injected_5pct,5.0,0.37016322716283023,0.0736087417701281,0.0400046520157429,42,results/stage6_nfga/predictions/electricity_nfga-core_seed_99_injected_5pct.csv,2,4,36,0,2,6,0.3333333333333333,1.0,0.5,0.9,0.1,0.95,applicable
electricity,NFGA-Core,True,110,injected_10pct,2.0,0.19223053592720896,0.0736087417701281,0.0400046520157429,42,results/stage6_nfga/predictions/electricity_nfga-core_seed_110_injected_10pct.csv,4,23,15,0,4,27,0.14814814814814814,1.0,0.25806451612903225,0.39473684210526316,0.6052631578947368,0.6973684210526316,applicable
electricity,NFGA-Core,True,110,injected_10pct,2.5,0.22188598446647917,0.0736087417701281,0.0400046520157429,42,results/stage6_nfga/predictions/electricity_nfga-core_seed_110_injected_10pct.csv,4,21,17,0,4,25,0.16,1.0,0.27586206896551724,0.4473684210526316,0.5526315789473685,0.7236842105263158,applicable
electricity,NFGA-Core,True,110,injected_10pct,3.0,0.2515414330057494,0.0736087417701281,0.0400046520157429,42,results/stage6_nfga/predictions/electricity_nfga-core_seed_110_injected_10pct.csv,4,19,19,0,4,23,0.17391304347826086,1.0,0.2962962962962963,0.5,0.5,0.75,applicable
electricity,NFGA-Core,True,110,injected_10pct,3.5,0.2811968815450196,0.0736087417701281,0.0400046520157429,42,results/stage6_nfga/predictions/electricity_nfga-core_seed_110_injected_10pct.csv,4,14,24,0,4,18,0.2222222222222222,1.0,0.36363636363636365,0.631578947368421,0.3684210526315789,0.8157894736842105,applicable
electricity,NFGA-Core,True,110,injected_10pct,4.0,0.3108523300842898,0.0736087417701281,0.0400046520157429,42,results/stage6_nfga/predictions/electricity_nfga-core_seed_110_injected_10pct.csv,4,11,27,0,4,15,0.26666666666666666,1.0,0.42105263157894735,0.7105263157894737,0.2894736842105263,0.8552631578947368,applicable
electricity,NFGA-Core,True,110,injected_10pct,4.5,0.34050777862356,0.0736087417701281,0.0400046520157429,42,results/stage6_nfga/predictions/electricity_nfga-core_seed_110_injected_10pct.csv,4,10,28,0,4,14,0.2857142857142857,1.0,0.4444444444444444,0.7368421052631579,0.2631578947368421,0.868421052631579,applicable
electricity,NFGA-Core,True,110,injected_10pct,5.0,0.37016322716283023,0.0736087417701281,0.0400046520157429,42,results/stage6_nfga/predictions/electricity_nfga-core_seed_110_injected_10pct.csv,4,7,31,0,4,11,0.36363636363636365,1.0,0.5333333333333333,0.8157894736842105,0.18421052631578946,0.9078947368421053,applicable
electricity,NFGA-Core,True,11,injected_10pct,2.0,0.19223053592720896,0.0736087417701281,0.0400046520157429,42,results/stage6_nfga/predictions/electricity_nfga-core_seed_11_injected_10pct.csv,4,19,19,0,4,23,0.17391304347826086,1.0,0.2962962962962963,0.5,0.5,0.75,applicable
electricity,NFGA-Core,True,11,injected_10pct,2.5,0.22188598446647917,0.0736087417701281,0.0400046520157429,42,results/stage6_nfga/predictions/electricity_nfga-core_seed_11_injected_10pct.csv,4,17,21,0,4,21,0.19047619047619047,1.0,0.32,0.5526315789473685,0.4473684210526316,0.7763157894736843,applicable
electricity,NFGA-Core,True,11,injected_10pct,3.0,0.2515414330057494,0.0736087417701281,0.0400046520157429,42,results/stage6_nfga/predictions/electricity_nfga-core_seed_11_injected_10pct.csv,4,15,23,0,4,19,0.21052631578947367,1.0,0.34782608695652173,0.6052631578947368,0.39473684210526316,0.8026315789473684,applicable
electricity,NFGA-Core,True,11,injected_10pct,3.5,0.2811968815450196,0.0736087417701281,0.0400046520157429,42,results/stage6_nfga/predictions/electricity_nfga-core_seed_11_injected_10pct.csv,4,10,28,0,4,14,0.2857142857142857,1.0,0.4444444444444444,0.7368421052631579,0.2631578947368421,0.868421052631579,applicable
electricity,NFGA-Core,True,11,injected_10pct,4.0,0.3108523300842898,0.0736087417701281,0.0400046520157429,42,results/stage6_nfga/predictions/electricity_nfga-core_seed_11_injected_10pct.csv,4,8,30,0,4,12,0.3333333333333333,1.0,0.5,0.7894736842105263,0.21052631578947367,0.8947368421052632,applicable
electricity,NFGA-Core,True,11,injected_10pct,4.5,0.34050777862356,0.0736087417701281,0.0400046520157429,42,results/stage6_nfga/predictions/electricity_nfga-core_seed_11_injected_10pct.csv,4,8,30,0,4,12,0.3333333333333333,1.0,0.5,0.7894736842105263,0.21052631578947367,0.8947368421052632,applicable
electricity,NFGA-Core,True,11,injected_10pct,5.0,0.37016322716283023,0.0736087417701281,0.0400046520157429,42,results/stage6_nfga/predictions/electricity_nfga-core_seed_11_injected_10pct.csv,4,5,33,0,4,9,0.4444444444444444,1.0,0.6153846153846154,0.868421052631579,0.13157894736842105,0.9342105263157895,applicable
electricity,NFGA-Core,True,22,injected_10pct,2.0,0.19223053592720896,0.0736087417701281,0.0400046520157429,42,results/stage6_nfga/predictions/electricity_nfga-core_seed_22_injected_10pct.csv,4,20,18,0,4,24,0.16666666666666666,1.0,0.2857142857142857,0.47368421052631576,0.5263157894736842,0.7368421052631579,applicable
electricity,NFGA-Core,True,22,injected_10pct,2.5,0.22188598446647917,0.0736087417701281,0.0400046520157429,42,results/stage6_nfga/predictions/electricity_nfga-core_seed_22_injected_10pct.csv,4,18,20,0,4,22,0.18181818181818182,1.0,0.3076923076923077,0.5263157894736842,0.47368421052631576,0.763157894736842,applicable
electricity,NFGA-Core,True,22,injected_10pct,3.0,0.2515414330057494,0.0736087417701281,0.0400046520157429,42,results/stage6_nfga/predictions/electricity_nfga-core_seed_22_injected_10pct.csv,4,14,24,0,4,18,0.2222222222222222,1.0,0.36363636363636365,0.631578947368421,0.3684210526315789,0.8157894736842105,applicable
electricity,NFGA-Core,True,22,injected_10pct,3.5,0.2811968815450196,0.0736087417701281,0.0400046520157429,42,results/stage6_nfga/predictions/electricity_nfga-core_seed_22_injected_10pct.csv,4,10,28,0,4,14,0.2857142857142857,1.0,0.4444444444444444,0.7368421052631579,0.2631578947368421,0.868421052631579,applicable
electricity,NFGA-Core,True,22,injected_10pct,4.0,0.3108523300842898,0.0736087417701281,0.0400046520157429,42,results/stage6_nfga/predictions/electricity_nfga-core_seed_22_injected_10pct.csv,4,10,28,0,4,14,0.2857142857142857,1.0,0.4444444444444444,0.7368421052631579,0.2631578947368421,0.868421052631579,applicable
electricity,NFGA-Core,True,22,injected_10pct,4.5,0.34050777862356,0.0736087417701281,0.0400046520157429,42,results/stage6_nfga/predictions/electricity_nfga-core_seed_22_injected_10pct.csv,4,8,30,0,4,12,0.3333333333333333,1.0,0.5,0.7894736842105263,0.21052631578947367,0.8947368421052632,applicable
electricity,NFGA-Core,True,22,injected_10pct,5.0,0.37016322716283023,0.0736087417701281,0.0400046520157429,42,results/stage6_nfga/predictions/electricity_nfga-core_seed_22_injected_10pct.csv,4,6,32,0,4,10,0.4,1.0,0.5714285714285714,0.8421052631578947,0.15789473684210525,0.9210526315789473,applicable
electricity,NFGA-Core,True,33,injected_10pct,2.0,0.19223053592720896,0.0736087417701281,0.0400046520157429,42,results/stage6_nfga/predictions/electricity_nfga-core_seed_33_injected_10pct.csv,4,21,17,0,4,25,0.16,1.0,0.27586206896551724,0.4473684210526316,0.5526315789473685,0.7236842105263158,applicable
electricity,NFGA-Core,True,33,injected_10pct,2.5,0.22188598446647917,0.0736087417701281,0.0400046520157429,42,results/stage6_nfga/predictions/electricity_nfga-core_seed_33_injected_10pct.csv,4,18,20,0,4,22,0.18181818181818182,1.0,0.3076923076923077,0.5263157894736842,0.47368421052631576,0.763157894736842,applicable
electricity,NFGA-Core,True,33,injected_10pct,3.0,0.2515414330057494,0.0736087417701281,0.0400046520157429,42,results/stage6_nfga/predictions/electricity_nfga-core_seed_33_injected_10pct.csv,4,17,21,0,4,21,0.19047619047619047,1.0,0.32,0.5526315789473685,0.4473684210526316,0.7763157894736843,applicable
electricity,NFGA-Core,True,33,injected_10pct,3.5,0.2811968815450196,0.0736087417701281,0.0400046520157429,42,results/stage6_nfga/predictions/electricity_nfga-core_seed_33_injected_10pct.csv,4,14,24,0,4,18,0.2222222222222222,1.0,0.36363636363636365,0.631578947368421,0.3684210526315789,0.8157894736842105,applicable
electricity,NFGA-Core,True,33,injected_10pct,4.0,0.3108523300842898,0.0736087417701281,0.0400046520157429,42,results/stage6_nfga/predictions/electricity_nfga-core_seed_33_injected_10pct.csv,4,10,28,0,4,14,0.2857142857142857,1.0,0.4444444444444444,0.7368421052631579,0.2631578947368421,0.868421052631579,applicable
electricity,NFGA-Core,True,33,injected_10pct,4.5,0.34050777862356,0.0736087417701281,0.0400046520157429,42,results/stage6_nfga/predictions/electricity_nfga-core_seed_33_injected_10pct.csv,4,9,29,0,4,13,0.3076923076923077,1.0,0.47058823529411764,0.7631578947368421,0.23684210526315788,0.881578947368421,applicable
electricity,NFGA-Core,True,33,injected_10pct,5.0,0.37016322716283023,0.0736087417701281,0.0400046520157429,42,results/stage6_nfga/predictions/electricity_nfga-core_seed_33_injected_10pct.csv,4,7,31,0,4,11,0.36363636363636365,1.0,0.5333333333333333,0.8157894736842105,0.18421052631578946,0.9078947368421053,applicable
electricity,NFGA-Core,True,44,injected_10pct,2.0,0.19223053592720896,0.0736087417701281,0.0400046520157429,42,results/stage6_nfga/predictions/electricity_nfga-core_seed_44_injected_10pct.csv,4,23,15,0,4,27,0.14814814814814814,1.0,0.25806451612903225,0.39473684210526316,0.6052631578947368,0.6973684210526316,applicable
electricity,NFGA-Core,True,44,injected_10pct,2.5,0.22188598446647917,0.0736087417701281,0.0400046520157429,42,results/stage6_nfga/predictions/electricity_nfga-core_seed_44_injected_10pct.csv,4,22,16,0,4,26,0.15384615384615385,1.0,0.26666666666666666,0.42105263157894735,0.5789473684210527,0.7105263157894737,applicable
electricity,NFGA-Core,True,44,injected_10pct,3.0,0.2515414330057494,0.0736087417701281,0.0400046520157429,42,results/stage6_nfga/predictions/electricity_nfga-core_seed_44_injected_10pct.csv,4,21,17,0,4,25,0.16,1.0,0.27586206896551724,0.4473684210526316,0.5526315789473685,0.7236842105263158,applicable
electricity,NFGA-Core,True,44,injected_10pct,3.5,0.2811968815450196,0.0736087417701281,0.0400046520157429,42,results/stage6_nfga/predictions/electricity_nfga-core_seed_44_injected_10pct.csv,4,17,21,0,4,21,0.19047619047619047,1.0,0.32,0.5526315789473685,0.4473684210526316,0.7763157894736843,applicable
electricity,NFGA-Core,True,44,injected_10pct,4.0,0.3108523300842898,0.0736087417701281,0.0400046520157429,42,results/stage6_nfga/predictions/electricity_nfga-core_seed_44_injected_10pct.csv,4,13,25,0,4,17,0.23529411764705882,1.0,0.38095238095238093,0.6578947368421053,0.34210526315789475,0.8289473684210527,applicable
electricity,NFGA-Core,True,44,injected_10pct,4.5,0.34050777862356,0.0736087417701281,0.0400046520157429,42,results/stage6_nfga/predictions/electricity_nfga-core_seed_44_injected_10pct.csv,4,11,27,0,4,15,0.26666666666666666,1.0,0.42105263157894735,0.7105263157894737,0.2894736842105263,0.8552631578947368,applicable
electricity,NFGA-Core,True,44,injected_10pct,5.0,0.37016322716283023,0.0736087417701281,0.0400046520157429,42,results/stage6_nfga/predictions/electricity_nfga-core_seed_44_injected_10pct.csv,4,9,29,0,4,13,0.3076923076923077,1.0,0.47058823529411764,0.7631578947368421,0.23684210526315788,0.881578947368421,applicable
electricity,NFGA-Core,True,55,injected_10pct,2.0,0.19223053592720896,0.0736087417701281,0.0400046520157429,42,results/stage6_nfga/predictions/electricity_nfga-core_seed_55_injected_10pct.csv,4,18,20,0,4,22,0.18181818181818182,1.0,0.3076923076923077,0.5263157894736842,0.47368421052631576,0.763157894736842,applicable
electricity,NFGA-Core,True,55,injected_10pct,2.5,0.22188598446647917,0.0736087417701281,0.0400046520157429,42,results/stage6_nfga/predictions/electricity_nfga-core_seed_55_injected_10pct.csv,4,15,23,0,4,19,0.21052631578947367,1.0,0.34782608695652173,0.6052631578947368,0.39473684210526316,0.8026315789473684,applicable
electricity,NFGA-Core,True,55,injected_10pct,3.0,0.2515414330057494,0.0736087417701281,0.0400046520157429,42,results/stage6_nfga/predictions/electricity_nfga-core_seed_55_injected_10pct.csv,4,12,26,0,4,16,0.25,1.0,0.4,0.6842105263157895,0.3157894736842105,0.8421052631578947,applicable
electricity,NFGA-Core,True,55,injected_10pct,3.5,0.2811968815450196,0.0736087417701281,0.0400046520157429,42,results/stage6_nfga/predictions/electricity_nfga-core_seed_55_injected_10pct.csv,4,12,26,0,4,16,0.25,1.0,0.4,0.6842105263157895,0.3157894736842105,0.8421052631578947,applicable
electricity,NFGA-Core,True,55,injected_10pct,4.0,0.3108523300842898,0.0736087417701281,0.0400046520157429,42,results/stage6_nfga/predictions/electricity_nfga-core_seed_55_injected_10pct.csv,4,7,31,0,4,11,0.36363636363636365,1.0,0.5333333333333333,0.8157894736842105,0.18421052631578946,0.9078947368421053,applicable
electricity,NFGA-Core,True,55,injected_10pct,4.5,0.34050777862356,0.0736087417701281,0.0400046520157429,42,results/stage6_nfga/predictions/electricity_nfga-core_seed_55_injected_10pct.csv,4,7,31,0,4,11,0.36363636363636365,1.0,0.5333333333333333,0.8157894736842105,0.18421052631578946,0.9078947368421053,applicable
electricity,NFGA-Core,True,55,injected_10pct,5.0,0.37016322716283023,0.0736087417701281,0.0400046520157429,42,results/stage6_nfga/predictions/electricity_nfga-core_seed_55_injected_10pct.csv,4,5,33,0,4,9,0.4444444444444444,1.0,0.6153846153846154,0.868421052631579,0.13157894736842105,0.9342105263157895,applicable
electricity,NFGA-Core,True,66,injected_10pct,2.0,0.19223053592720896,0.0736087417701281,0.0400046520157429,42,results/stage6_nfga/predictions/electricity_nfga-core_seed_66_injected_10pct.csv,4,17,21,0,4,21,0.19047619047619047,1.0,0.32,0.5526315789473685,0.4473684210526316,0.7763157894736843,applicable
electricity,NFGA-Core,True,66,injected_10pct,2.5,0.22188598446647917,0.0736087417701281,0.0400046520157429,42,results/stage6_nfga/predictions/electricity_nfga-core_seed_66_injected_10pct.csv,4,15,23,0,4,19,0.21052631578947367,1.0,0.34782608695652173,0.6052631578947368,0.39473684210526316,0.8026315789473684,applicable
electricity,NFGA-Core,True,66,injected_10pct,3.0,0.2515414330057494,0.0736087417701281,0.0400046520157429,42,results/stage6_nfga/predictions/electricity_nfga-core_seed_66_injected_10pct.csv,4,11,27,0,4,15,0.26666666666666666,1.0,0.42105263157894735,0.7105263157894737,0.2894736842105263,0.8552631578947368,applicable
electricity,NFGA-Core,True,66,injected_10pct,3.5,0.2811968815450196,0.0736087417701281,0.0400046520157429,42,results/stage6_nfga/predictions/electricity_nfga-core_seed_66_injected_10pct.csv,4,9,29,0,4,13,0.3076923076923077,1.0,0.47058823529411764,0.7631578947368421,0.23684210526315788,0.881578947368421,applicable
electricity,NFGA-Core,True,66,injected_10pct,4.0,0.3108523300842898,0.0736087417701281,0.0400046520157429,42,results/stage6_nfga/predictions/electricity_nfga-core_seed_66_injected_10pct.csv,4,6,32,0,4,10,0.4,1.0,0.5714285714285714,0.8421052631578947,0.15789473684210525,0.9210526315789473,applicable
electricity,NFGA-Core,True,66,injected_10pct,4.5,0.34050777862356,0.0736087417701281,0.0400046520157429,42,results/stage6_nfga/predictions/electricity_nfga-core_seed_66_injected_10pct.csv,4,6,32,0,4,10,0.4,1.0,0.5714285714285714,0.8421052631578947,0.15789473684210525,0.9210526315789473,applicable
electricity,NFGA-Core,True,66,injected_10pct,5.0,0.37016322716283023,0.0736087417701281,0.0400046520157429,42,results/stage6_nfga/predictions/electricity_nfga-core_seed_66_injected_10pct.csv,4,4,34,0,4,8,0.5,1.0,0.6666666666666666,0.8947368421052632,0.10526315789473684,0.9473684210526316,applicable
electricity,NFGA-Core,True,77,injected_10pct,2.0,0.19223053592720896,0.0736087417701281,0.0400046520157429,42,results/stage6_nfga/predictions/electricity_nfga-core_seed_77_injected_10pct.csv,4,22,16,0,4,26,0.15384615384615385,1.0,0.26666666666666666,0.42105263157894735,0.5789473684210527,0.7105263157894737,applicable
electricity,NFGA-Core,True,77,injected_10pct,2.5,0.22188598446647917,0.0736087417701281,0.0400046520157429,42,results/stage6_nfga/predictions/electricity_nfga-core_seed_77_injected_10pct.csv,4,21,17,0,4,25,0.16,1.0,0.27586206896551724,0.4473684210526316,0.5526315789473685,0.7236842105263158,applicable
electricity,NFGA-Core,True,77,injected_10pct,3.0,0.2515414330057494,0.0736087417701281,0.0400046520157429,42,results/stage6_nfga/predictions/electricity_nfga-core_seed_77_injected_10pct.csv,4,18,20,0,4,22,0.18181818181818182,1.0,0.3076923076923077,0.5263157894736842,0.47368421052631576,0.763157894736842,applicable
electricity,NFGA-Core,True,77,injected_10pct,3.5,0.2811968815450196,0.0736087417701281,0.0400046520157429,42,results/stage6_nfga/predictions/electricity_nfga-core_seed_77_injected_10pct.csv,4,14,24,0,4,18,0.2222222222222222,1.0,0.36363636363636365,0.631578947368421,0.3684210526315789,0.8157894736842105,applicable
electricity,NFGA-Core,True,77,injected_10pct,4.0,0.3108523300842898,0.0736087417701281,0.0400046520157429,42,results/stage6_nfga/predictions/electricity_nfga-core_seed_77_injected_10pct.csv,4,9,29,0,4,13,0.3076923076923077,1.0,0.47058823529411764,0.7631578947368421,0.23684210526315788,0.881578947368421,applicable
electricity,NFGA-Core,True,77,injected_10pct,4.5,0.34050777862356,0.0736087417701281,0.0400046520157429,42,results/stage6_nfga/predictions/electricity_nfga-core_seed_77_injected_10pct.csv,4,9,29,0,4,13,0.3076923076923077,1.0,0.47058823529411764,0.7631578947368421,0.23684210526315788,0.881578947368421,applicable
electricity,NFGA-Core,True,77,injected_10pct,5.0,0.37016322716283023,0.0736087417701281,0.0400046520157429,42,results/stage6_nfga/predictions/electricity_nfga-core_seed_77_injected_10pct.csv,4,9,29,0,4,13,0.3076923076923077,1.0,0.47058823529411764,0.7631578947368421,0.23684210526315788,0.881578947368421,applicable
electricity,NFGA-Core,True,88,injected_10pct,2.0,0.19223053592720896,0.0736087417701281,0.0400046520157429,42,results/stage6_nfga/predictions/electricity_nfga-core_seed_88_injected_10pct.csv,4,9,29,0,4,13,0.3076923076923077,1.0,0.47058823529411764,0.7631578947368421,0.23684210526315788,0.881578947368421,applicable
electricity,NFGA-Core,True,88,injected_10pct,2.5,0.22188598446647917,0.0736087417701281,0.0400046520157429,42,results/stage6_nfga/predictions/electricity_nfga-core_seed_88_injected_10pct.csv,4,8,30,0,4,12,0.3333333333333333,1.0,0.5,0.7894736842105263,0.21052631578947367,0.8947368421052632,applicable
electricity,NFGA-Core,True,88,injected_10pct,3.0,0.2515414330057494,0.0736087417701281,0.0400046520157429,42,results/stage6_nfga/predictions/electricity_nfga-core_seed_88_injected_10pct.csv,4,8,30,0,4,12,0.3333333333333333,1.0,0.5,0.7894736842105263,0.21052631578947367,0.8947368421052632,applicable
electricity,NFGA-Core,True,88,injected_10pct,3.5,0.2811968815450196,0.0736087417701281,0.0400046520157429,42,results/stage6_nfga/predictions/electricity_nfga-core_seed_88_injected_10pct.csv,4,7,31,0,4,11,0.36363636363636365,1.0,0.5333333333333333,0.8157894736842105,0.18421052631578946,0.9078947368421053,applicable
electricity,NFGA-Core,True,88,injected_10pct,4.0,0.3108523300842898,0.0736087417701281,0.0400046520157429,42,results/stage6_nfga/predictions/electricity_nfga-core_seed_88_injected_10pct.csv,4,5,33,0,4,9,0.4444444444444444,1.0,0.6153846153846154,0.868421052631579,0.13157894736842105,0.9342105263157895,applicable
electricity,NFGA-Core,True,88,injected_10pct,4.5,0.34050777862356,0.0736087417701281,0.0400046520157429,42,results/stage6_nfga/predictions/electricity_nfga-core_seed_88_injected_10pct.csv,4,4,34,0,4,8,0.5,1.0,0.6666666666666666,0.8947368421052632,0.10526315789473684,0.9473684210526316,applicable
electricity,NFGA-Core,True,88,injected_10pct,5.0,0.37016322716283023,0.0736087417701281,0.0400046520157429,42,results/stage6_nfga/predictions/electricity_nfga-core_seed_88_injected_10pct.csv,4,4,34,0,4,8,0.5,1.0,0.6666666666666666,0.8947368421052632,0.10526315789473684,0.9473684210526316,applicable
electricity,NFGA-Core,True,99,injected_10pct,2.0,0.19223053592720896,0.0736087417701281,0.0400046520157429,42,results/stage6_nfga/predictions/electricity_nfga-core_seed_99_injected_10pct.csv,4,22,16,0,4,26,0.15384615384615385,1.0,0.26666666666666666,0.42105263157894735,0.5789473684210527,0.7105263157894737,applicable
electricity,NFGA-Core,True,99,injected_10pct,2.5,0.22188598446647917,0.0736087417701281,0.0400046520157429,42,results/stage6_nfga/predictions/electricity_nfga-core_seed_99_injected_10pct.csv,4,22,16,0,4,26,0.15384615384615385,1.0,0.26666666666666666,0.42105263157894735,0.5789473684210527,0.7105263157894737,applicable
electricity,NFGA-Core,True,99,injected_10pct,3.0,0.2515414330057494,0.0736087417701281,0.0400046520157429,42,results/stage6_nfga/predictions/electricity_nfga-core_seed_99_injected_10pct.csv,4,22,16,0,4,26,0.15384615384615385,1.0,0.26666666666666666,0.42105263157894735,0.5789473684210527,0.7105263157894737,applicable
electricity,NFGA-Core,True,99,injected_10pct,3.5,0.2811968815450196,0.0736087417701281,0.0400046520157429,42,results/stage6_nfga/predictions/electricity_nfga-core_seed_99_injected_10pct.csv,4,16,22,0,4,20,0.2,1.0,0.3333333333333333,0.5789473684210527,0.42105263157894735,0.7894736842105263,applicable
electricity,NFGA-Core,True,99,injected_10pct,4.0,0.3108523300842898,0.0736087417701281,0.0400046520157429,42,results/stage6_nfga/predictions/electricity_nfga-core_seed_99_injected_10pct.csv,4,12,26,0,4,16,0.25,1.0,0.4,0.6842105263157895,0.3157894736842105,0.8421052631578947,applicable
electricity,NFGA-Core,True,99,injected_10pct,4.5,0.34050777862356,0.0736087417701281,0.0400046520157429,42,results/stage6_nfga/predictions/electricity_nfga-core_seed_99_injected_10pct.csv,4,12,26,0,4,16,0.25,1.0,0.4,0.6842105263157895,0.3157894736842105,0.8421052631578947,applicable
electricity,NFGA-Core,True,99,injected_10pct,5.0,0.37016322716283023,0.0736087417701281,0.0400046520157429,42,results/stage6_nfga/predictions/electricity_nfga-core_seed_99_injected_10pct.csv,4,11,27,0,4,15,0.26666666666666666,1.0,0.42105263157894735,0.7105263157894737,0.2894736842105263,0.8552631578947368,applicable
electricity,NFGA-Core,True,110,proxy_robust_z,2.0,0.19223053592720896,0.0736087417701281,0.0400046520157429,42,results/stage6_nfga/predictions/electricity_nfga-core_seed_110_proxy_robust_z.csv,0,6,36,0,0,6,,,,0.8571428571428571,0.14285714285714285,,not_applicable_no_positive_reference
electricity,NFGA-Core,True,110,proxy_robust_z,2.5,0.22188598446647917,0.0736087417701281,0.0400046520157429,42,results/stage6_nfga/predictions/electricity_nfga-core_seed_110_proxy_robust_z.csv,0,6,36,0,0,6,,,,0.8571428571428571,0.14285714285714285,,not_applicable_no_positive_reference
electricity,NFGA-Core,True,110,proxy_robust_z,3.0,0.2515414330057494,0.0736087417701281,0.0400046520157429,42,results/stage6_nfga/predictions/electricity_nfga-core_seed_110_proxy_robust_z.csv,0,4,38,0,0,4,,,,0.9047619047619048,0.09523809523809523,,not_applicable_no_positive_reference
electricity,NFGA-Core,True,110,proxy_robust_z,3.5,0.2811968815450196,0.0736087417701281,0.0400046520157429,42,results/stage6_nfga/predictions/electricity_nfga-core_seed_110_proxy_robust_z.csv,0,3,39,0,0,3,,,,0.9285714285714286,0.07142857142857142,,not_applicable_no_positive_reference
electricity,NFGA-Core,True,110,proxy_robust_z,4.0,0.3108523300842898,0.0736087417701281,0.0400046520157429,42,results/stage6_nfga/predictions/electricity_nfga-core_seed_110_proxy_robust_z.csv,0,2,40,0,0,2,,,,0.9523809523809523,0.047619047619047616,,not_applicable_no_positive_reference
electricity,NFGA-Core,True,110,proxy_robust_z,4.5,0.34050777862356,0.0736087417701281,0.0400046520157429,42,results/stage6_nfga/predictions/electricity_nfga-core_seed_110_proxy_robust_z.csv,0,1,41,0,0,1,,,,0.9761904761904762,0.023809523809523808,,not_applicable_no_positive_reference
electricity,NFGA-Core,True,110,proxy_robust_z,5.0,0.37016322716283023,0.0736087417701281,0.0400046520157429,42,results/stage6_nfga/predictions/electricity_nfga-core_seed_110_proxy_robust_z.csv,0,1,41,0,0,1,,,,0.9761904761904762,0.023809523809523808,,not_applicable_no_positive_reference
electricity,NFGA-Core,True,11,proxy_robust_z,2.0,0.19223053592720896,0.0736087417701281,0.0400046520157429,42,results/stage6_nfga/predictions/electricity_nfga-core_seed_11_proxy_robust_z.csv,0,8,34,0,0,8,,,,0.8095238095238095,0.19047619047619047,,not_applicable_no_positive_reference
electricity,NFGA-Core,True,11,proxy_robust_z,2.5,0.22188598446647917,0.0736087417701281,0.0400046520157429,42,results/stage6_nfga/predictions/electricity_nfga-core_seed_11_proxy_robust_z.csv,0,4,38,0,0,4,,,,0.9047619047619048,0.09523809523809523,,not_applicable_no_positive_reference
electricity,NFGA-Core,True,11,proxy_robust_z,3.0,0.2515414330057494,0.0736087417701281,0.0400046520157429,42,results/stage6_nfga/predictions/electricity_nfga-core_seed_11_proxy_robust_z.csv,0,3,39,0,0,3,,,,0.9285714285714286,0.07142857142857142,,not_applicable_no_positive_reference
electricity,NFGA-Core,True,11,proxy_robust_z,3.5,0.2811968815450196,0.0736087417701281,0.0400046520157429,42,results/stage6_nfga/predictions/electricity_nfga-core_seed_11_proxy_robust_z.csv,0,2,40,0,0,2,,,,0.9523809523809523,0.047619047619047616,,not_applicable_no_positive_reference
electricity,NFGA-Core,True,11,proxy_robust_z,4.0,0.3108523300842898,0.0736087417701281,0.0400046520157429,42,results/stage6_nfga/predictions/electricity_nfga-core_seed_11_proxy_robust_z.csv,0,1,41,0,0,1,,,,0.9761904761904762,0.023809523809523808,,not_applicable_no_positive_reference
electricity,NFGA-Core,True,11,proxy_robust_z,4.5,0.34050777862356,0.0736087417701281,0.0400046520157429,42,results/stage6_nfga/predictions/electricity_nfga-core_seed_11_proxy_robust_z.csv,0,1,41,0,0,1,,,,0.9761904761904762,0.023809523809523808,,not_applicable_no_positive_reference
electricity,NFGA-Core,True,11,proxy_robust_z,5.0,0.37016322716283023,0.0736087417701281,0.0400046520157429,42,results/stage6_nfga/predictions/electricity_nfga-core_seed_11_proxy_robust_z.csv,0,1,41,0,0,1,,,,0.9761904761904762,0.023809523809523808,,not_applicable_no_positive_reference
electricity,NFGA-Core,True,22,proxy_robust_z,2.0,0.19223053592720896,0.0736087417701281,0.0400046520157429,42,results/stage6_nfga/predictions/electricity_nfga-core_seed_22_proxy_robust_z.csv,0,11,31,0,0,11,,,,0.7380952380952381,0.2619047619047619,,not_applicable_no_positive_reference
electricity,NFGA-Core,True,22,proxy_robust_z,2.5,0.22188598446647917,0.0736087417701281,0.0400046520157429,42,results/stage6_nfga/predictions/electricity_nfga-core_seed_22_proxy_robust_z.csv,0,11,31,0,0,11,,,,0.7380952380952381,0.2619047619047619,,not_applicable_no_positive_reference
electricity,NFGA-Core,True,22,proxy_robust_z,3.0,0.2515414330057494,0.0736087417701281,0.0400046520157429,42,results/stage6_nfga/predictions/electricity_nfga-core_seed_22_proxy_robust_z.csv,0,7,35,0,0,7,,,,0.8333333333333334,0.16666666666666666,,not_applicable_no_positive_reference
electricity,NFGA-Core,True,22,proxy_robust_z,3.5,0.2811968815450196,0.0736087417701281,0.0400046520157429,42,results/stage6_nfga/predictions/electricity_nfga-core_seed_22_proxy_robust_z.csv,0,7,35,0,0,7,,,,0.8333333333333334,0.16666666666666666,,not_applicable_no_positive_reference
electricity,NFGA-Core,True,22,proxy_robust_z,4.0,0.3108523300842898,0.0736087417701281,0.0400046520157429,42,results/stage6_nfga/predictions/electricity_nfga-core_seed_22_proxy_robust_z.csv,0,4,38,0,0,4,,,,0.9047619047619048,0.09523809523809523,,not_applicable_no_positive_reference
electricity,NFGA-Core,True,22,proxy_robust_z,4.5,0.34050777862356,0.0736087417701281,0.0400046520157429,42,results/stage6_nfga/predictions/electricity_nfga-core_seed_22_proxy_robust_z.csv,0,2,40,0,0,2,,,,0.9523809523809523,0.047619047619047616,,not_applicable_no_positive_reference
electricity,NFGA-Core,True,22,proxy_robust_z,5.0,0.37016322716283023,0.0736087417701281,0.0400046520157429,42,results/stage6_nfga/predictions/electricity_nfga-core_seed_22_proxy_robust_z.csv,0,1,41,0,0,1,,,,0.9761904761904762,0.023809523809523808,,not_applicable_no_positive_reference
electricity,NFGA-Core,True,33,proxy_robust_z,2.0,0.19223053592720896,0.0736087417701281,0.0400046520157429,42,results/stage6_nfga/predictions/electricity_nfga-core_seed_33_proxy_robust_z.csv,0,8,34,0,0,8,,,,0.8095238095238095,0.19047619047619047,,not_applicable_no_positive_reference
electricity,NFGA-Core,True,33,proxy_robust_z,2.5,0.22188598446647917,0.0736087417701281,0.0400046520157429,42,results/stage6_nfga/predictions/electricity_nfga-core_seed_33_proxy_robust_z.csv,0,6,36,0,0,6,,,,0.8571428571428571,0.14285714285714285,,not_applicable_no_positive_reference
electricity,NFGA-Core,True,33,proxy_robust_z,3.0,0.2515414330057494,0.0736087417701281,0.0400046520157429,42,results/stage6_nfga/predictions/electricity_nfga-core_seed_33_proxy_robust_z.csv,0,4,38,0,0,4,,,,0.9047619047619048,0.09523809523809523,,not_applicable_no_positive_reference
electricity,NFGA-Core,True,33,proxy_robust_z,3.5,0.2811968815450196,0.0736087417701281,0.0400046520157429,42,results/stage6_nfga/predictions/electricity_nfga-core_seed_33_proxy_robust_z.csv,0,3,39,0,0,3,,,,0.9285714285714286,0.07142857142857142,,not_applicable_no_positive_reference
electricity,NFGA-Core,True,33,proxy_robust_z,4.0,0.3108523300842898,0.0736087417701281,0.0400046520157429,42,results/stage6_nfga/predictions/electricity_nfga-core_seed_33_proxy_robust_z.csv,0,2,40,0,0,2,,,,0.9523809523809523,0.047619047619047616,,not_applicable_no_positive_reference
electricity,NFGA-Core,True,33,proxy_robust_z,4.5,0.34050777862356,0.0736087417701281,0.0400046520157429,42,results/stage6_nfga/predictions/electricity_nfga-core_seed_33_proxy_robust_z.csv,0,1,41,0,0,1,,,,0.9761904761904762,0.023809523809523808,,not_applicable_no_positive_reference
electricity,NFGA-Core,True,33,proxy_robust_z,5.0,0.37016322716283023,0.0736087417701281,0.0400046520157429,42,results/stage6_nfga/predictions/electricity_nfga-core_seed_33_proxy_robust_z.csv,0,1,41,0,0,1,,,,0.9761904761904762,0.023809523809523808,,not_applicable_no_positive_reference
electricity,NFGA-Core,True,44,proxy_robust_z,2.0,0.19223053592720896,0.0736087417701281,0.0400046520157429,42,results/stage6_nfga/predictions/electricity_nfga-core_seed_44_proxy_robust_z.csv,0,6,36,0,0,6,,,,0.8571428571428571,0.14285714285714285,,not_applicable_no_positive_reference
electricity,NFGA-Core,True,44,proxy_robust_z,2.5,0.22188598446647917,0.0736087417701281,0.0400046520157429,42,results/stage6_nfga/predictions/electricity_nfga-core_seed_44_proxy_robust_z.csv,0,5,37,0,0,5,,,,0.8809523809523809,0.11904761904761904,,not_applicable_no_positive_reference
electricity,NFGA-Core,True,44,proxy_robust_z,3.0,0.2515414330057494,0.0736087417701281,0.0400046520157429,42,results/stage6_nfga/predictions/electricity_nfga-core_seed_44_proxy_robust_z.csv,0,3,39,0,0,3,,,,0.9285714285714286,0.07142857142857142,,not_applicable_no_positive_reference
electricity,NFGA-Core,True,44,proxy_robust_z,3.5,0.2811968815450196,0.0736087417701281,0.0400046520157429,42,results/stage6_nfga/predictions/electricity_nfga-core_seed_44_proxy_robust_z.csv,0,1,41,0,0,1,,,,0.9761904761904762,0.023809523809523808,,not_applicable_no_positive_reference
electricity,NFGA-Core,True,44,proxy_robust_z,4.0,0.3108523300842898,0.0736087417701281,0.0400046520157429,42,results/stage6_nfga/predictions/electricity_nfga-core_seed_44_proxy_robust_z.csv,0,1,41,0,0,1,,,,0.9761904761904762,0.023809523809523808,,not_applicable_no_positive_reference
electricity,NFGA-Core,True,44,proxy_robust_z,4.5,0.34050777862356,0.0736087417701281,0.0400046520157429,42,results/stage6_nfga/predictions/electricity_nfga-core_seed_44_proxy_robust_z.csv,0,1,41,0,0,1,,,,0.9761904761904762,0.023809523809523808,,not_applicable_no_positive_reference
electricity,NFGA-Core,True,44,proxy_robust_z,5.0,0.37016322716283023,0.0736087417701281,0.0400046520157429,42,results/stage6_nfga/predictions/electricity_nfga-core_seed_44_proxy_robust_z.csv,0,1,41,0,0,1,,,,0.9761904761904762,0.023809523809523808,,not_applicable_no_positive_reference
electricity,NFGA-Core,True,55,proxy_robust_z,2.0,0.19223053592720896,0.0736087417701281,0.0400046520157429,42,results/stage6_nfga/predictions/electricity_nfga-core_seed_55_proxy_robust_z.csv,0,11,31,0,0,11,,,,0.7380952380952381,0.2619047619047619,,not_applicable_no_positive_reference
electricity,NFGA-Core,True,55,proxy_robust_z,2.5,0.22188598446647917,0.0736087417701281,0.0400046520157429,42,results/stage6_nfga/predictions/electricity_nfga-core_seed_55_proxy_robust_z.csv,0,8,34,0,0,8,,,,0.8095238095238095,0.19047619047619047,,not_applicable_no_positive_reference
electricity,NFGA-Core,True,55,proxy_robust_z,3.0,0.2515414330057494,0.0736087417701281,0.0400046520157429,42,results/stage6_nfga/predictions/electricity_nfga-core_seed_55_proxy_robust_z.csv,0,7,35,0,0,7,,,,0.8333333333333334,0.16666666666666666,,not_applicable_no_positive_reference
electricity,NFGA-Core,True,55,proxy_robust_z,3.5,0.2811968815450196,0.0736087417701281,0.0400046520157429,42,results/stage6_nfga/predictions/electricity_nfga-core_seed_55_proxy_robust_z.csv,0,6,36,0,0,6,,,,0.8571428571428571,0.14285714285714285,,not_applicable_no_positive_reference
electricity,NFGA-Core,True,55,proxy_robust_z,4.0,0.3108523300842898,0.0736087417701281,0.0400046520157429,42,results/stage6_nfga/predictions/electricity_nfga-core_seed_55_proxy_robust_z.csv,0,2,40,0,0,2,,,,0.9523809523809523,0.047619047619047616,,not_applicable_no_positive_reference
electricity,NFGA-Core,True,55,proxy_robust_z,4.5,0.34050777862356,0.0736087417701281,0.0400046520157429,42,results/stage6_nfga/predictions/electricity_nfga-core_seed_55_proxy_robust_z.csv,0,1,41,0,0,1,,,,0.9761904761904762,0.023809523809523808,,not_applicable_no_positive_reference
electricity,NFGA-Core,True,55,proxy_robust_z,5.0,0.37016322716283023,0.0736087417701281,0.0400046520157429,42,results/stage6_nfga/predictions/electricity_nfga-core_seed_55_proxy_robust_z.csv,0,1,41,0,0,1,,,,0.9761904761904762,0.023809523809523808,,not_applicable_no_positive_reference
electricity,NFGA-Core,True,66,proxy_robust_z,2.0,0.19223053592720896,0.0736087417701281,0.0400046520157429,42,results/stage6_nfga/predictions/electricity_nfga-core_seed_66_proxy_robust_z.csv,0,8,34,0,0,8,,,,0.8095238095238095,0.19047619047619047,,not_applicable_no_positive_reference
electricity,NFGA-Core,True,66,proxy_robust_z,2.5,0.22188598446647917,0.0736087417701281,0.0400046520157429,42,results/stage6_nfga/predictions/electricity_nfga-core_seed_66_proxy_robust_z.csv,0,8,34,0,0,8,,,,0.8095238095238095,0.19047619047619047,,not_applicable_no_positive_reference
electricity,NFGA-Core,True,66,proxy_robust_z,3.0,0.2515414330057494,0.0736087417701281,0.0400046520157429,42,results/stage6_nfga/predictions/electricity_nfga-core_seed_66_proxy_robust_z.csv,0,5,37,0,0,5,,,,0.8809523809523809,0.11904761904761904,,not_applicable_no_positive_reference
electricity,NFGA-Core,True,66,proxy_robust_z,3.5,0.2811968815450196,0.0736087417701281,0.0400046520157429,42,results/stage6_nfga/predictions/electricity_nfga-core_seed_66_proxy_robust_z.csv,0,4,38,0,0,4,,,,0.9047619047619048,0.09523809523809523,,not_applicable_no_positive_reference
electricity,NFGA-Core,True,66,proxy_robust_z,4.0,0.3108523300842898,0.0736087417701281,0.0400046520157429,42,results/stage6_nfga/predictions/electricity_nfga-core_seed_66_proxy_robust_z.csv,0,2,40,0,0,2,,,,0.9523809523809523,0.047619047619047616,,not_applicable_no_positive_reference
electricity,NFGA-Core,True,66,proxy_robust_z,4.5,0.34050777862356,0.0736087417701281,0.0400046520157429,42,results/stage6_nfga/predictions/electricity_nfga-core_seed_66_proxy_robust_z.csv,0,2,40,0,0,2,,,,0.9523809523809523,0.047619047619047616,,not_applicable_no_positive_reference
electricity,NFGA-Core,True,66,proxy_robust_z,5.0,0.37016322716283023,0.0736087417701281,0.0400046520157429,42,results/stage6_nfga/predictions/electricity_nfga-core_seed_66_proxy_robust_z.csv,0,1,41,0,0,1,,,,0.9761904761904762,0.023809523809523808,,not_applicable_no_positive_reference
electricity,NFGA-Core,True,77,proxy_robust_z,2.0,0.19223053592720896,0.0736087417701281,0.0400046520157429,42,results/stage6_nfga/predictions/electricity_nfga-core_seed_77_proxy_robust_z.csv,0,9,33,0,0,9,,,,0.7857142857142857,0.21428571428571427,,not_applicable_no_positive_reference
electricity,NFGA-Core,True,77,proxy_robust_z,2.5,0.22188598446647917,0.0736087417701281,0.0400046520157429,42,results/stage6_nfga/predictions/electricity_nfga-core_seed_77_proxy_robust_z.csv,0,8,34,0,0,8,,,,0.8095238095238095,0.19047619047619047,,not_applicable_no_positive_reference
electricity,NFGA-Core,True,77,proxy_robust_z,3.0,0.2515414330057494,0.0736087417701281,0.0400046520157429,42,results/stage6_nfga/predictions/electricity_nfga-core_seed_77_proxy_robust_z.csv,0,3,39,0,0,3,,,,0.9285714285714286,0.07142857142857142,,not_applicable_no_positive_reference
electricity,NFGA-Core,True,77,proxy_robust_z,3.5,0.2811968815450196,0.0736087417701281,0.0400046520157429,42,results/stage6_nfga/predictions/electricity_nfga-core_seed_77_proxy_robust_z.csv,0,3,39,0,0,3,,,,0.9285714285714286,0.07142857142857142,,not_applicable_no_positive_reference
electricity,NFGA-Core,True,77,proxy_robust_z,4.0,0.3108523300842898,0.0736087417701281,0.0400046520157429,42,results/stage6_nfga/predictions/electricity_nfga-core_seed_77_proxy_robust_z.csv,0,2,40,0,0,2,,,,0.9523809523809523,0.047619047619047616,,not_applicable_no_positive_reference
electricity,NFGA-Core,True,77,proxy_robust_z,4.5,0.34050777862356,0.0736087417701281,0.0400046520157429,42,results/stage6_nfga/predictions/electricity_nfga-core_seed_77_proxy_robust_z.csv,0,1,41,0,0,1,,,,0.9761904761904762,0.023809523809523808,,not_applicable_no_positive_reference
electricity,NFGA-Core,True,77,proxy_robust_z,5.0,0.37016322716283023,0.0736087417701281,0.0400046520157429,42,results/stage6_nfga/predictions/electricity_nfga-core_seed_77_proxy_robust_z.csv,0,1,41,0,0,1,,,,0.9761904761904762,0.023809523809523808,,not_applicable_no_positive_reference
electricity,NFGA-Core,True,88,proxy_robust_z,2.0,0.19223053592720896,0.0736087417701281,0.0400046520157429,42,results/stage6_nfga/predictions/electricity_nfga-core_seed_88_proxy_robust_z.csv,0,7,35,0,0,7,,,,0.8333333333333334,0.16666666666666666,,not_applicable_no_positive_reference
electricity,NFGA-Core,True,88,proxy_robust_z,2.5,0.22188598446647917,0.0736087417701281,0.0400046520157429,42,results/stage6_nfga/predictions/electricity_nfga-core_seed_88_proxy_robust_z.csv,0,7,35,0,0,7,,,,0.8333333333333334,0.16666666666666666,,not_applicable_no_positive_reference
electricity,NFGA-Core,True,88,proxy_robust_z,3.0,0.2515414330057494,0.0736087417701281,0.0400046520157429,42,results/stage6_nfga/predictions/electricity_nfga-core_seed_88_proxy_robust_z.csv,0,6,36,0,0,6,,,,0.8571428571428571,0.14285714285714285,,not_applicable_no_positive_reference
electricity,NFGA-Core,True,88,proxy_robust_z,3.5,0.2811968815450196,0.0736087417701281,0.0400046520157429,42,results/stage6_nfga/predictions/electricity_nfga-core_seed_88_proxy_robust_z.csv,0,5,37,0,0,5,,,,0.8809523809523809,0.11904761904761904,,not_applicable_no_positive_reference
electricity,NFGA-Core,True,88,proxy_robust_z,4.0,0.3108523300842898,0.0736087417701281,0.0400046520157429,42,results/stage6_nfga/predictions/electricity_nfga-core_seed_88_proxy_robust_z.csv,0,2,40,0,0,2,,,,0.9523809523809523,0.047619047619047616,,not_applicable_no_positive_reference
electricity,NFGA-Core,True,88,proxy_robust_z,4.5,0.34050777862356,0.0736087417701281,0.0400046520157429,42,results/stage6_nfga/predictions/electricity_nfga-core_seed_88_proxy_robust_z.csv,0,1,41,0,0,1,,,,0.9761904761904762,0.023809523809523808,,not_applicable_no_positive_reference
electricity,NFGA-Core,True,88,proxy_robust_z,5.0,0.37016322716283023,0.0736087417701281,0.0400046520157429,42,results/stage6_nfga/predictions/electricity_nfga-core_seed_88_proxy_robust_z.csv,0,1,41,0,0,1,,,,0.9761904761904762,0.023809523809523808,,not_applicable_no_positive_reference
electricity,NFGA-Core,True,99,proxy_robust_z,2.0,0.19223053592720896,0.0736087417701281,0.0400046520157429,42,results/stage6_nfga/predictions/electricity_nfga-core_seed_99_proxy_robust_z.csv,0,10,32,0,0,10,,,,0.7619047619047619,0.23809523809523808,,not_applicable_no_positive_reference
electricity,NFGA-Core,True,99,proxy_robust_z,2.5,0.22188598446647917,0.0736087417701281,0.0400046520157429,42,results/stage6_nfga/predictions/electricity_nfga-core_seed_99_proxy_robust_z.csv,0,8,34,0,0,8,,,,0.8095238095238095,0.19047619047619047,,not_applicable_no_positive_reference
electricity,NFGA-Core,True,99,proxy_robust_z,3.0,0.2515414330057494,0.0736087417701281,0.0400046520157429,42,results/stage6_nfga/predictions/electricity_nfga-core_seed_99_proxy_robust_z.csv,0,7,35,0,0,7,,,,0.8333333333333334,0.16666666666666666,,not_applicable_no_positive_reference
electricity,NFGA-Core,True,99,proxy_robust_z,3.5,0.2811968815450196,0.0736087417701281,0.0400046520157429,42,results/stage6_nfga/predictions/electricity_nfga-core_seed_99_proxy_robust_z.csv,0,6,36,0,0,6,,,,0.8571428571428571,0.14285714285714285,,not_applicable_no_positive_reference
electricity,NFGA-Core,True,99,proxy_robust_z,4.0,0.3108523300842898,0.0736087417701281,0.0400046520157429,42,results/stage6_nfga/predictions/electricity_nfga-core_seed_99_proxy_robust_z.csv,0,3,39,0,0,3,,,,0.9285714285714286,0.07142857142857142,,not_applicable_no_positive_reference
electricity,NFGA-Core,True,99,proxy_robust_z,4.5,0.34050777862356,0.0736087417701281,0.0400046520157429,42,results/stage6_nfga/predictions/electricity_nfga-core_seed_99_proxy_robust_z.csv,0,1,41,0,0,1,,,,0.9761904761904762,0.023809523809523808,,not_applicable_no_positive_reference
electricity,NFGA-Core,True,99,proxy_robust_z,5.0,0.37016322716283023,0.0736087417701281,0.0400046520157429,42,results/stage6_nfga/predictions/electricity_nfga-core_seed_99_proxy_robust_z.csv,0,1,41,0,0,1,,,,0.9761904761904762,0.023809523809523808,,not_applicable_no_positive_reference
electricity,NFGA-LINEAR,True,110,injected_5pct,2.0,0.28595759037385376,0.0966033221209903,0.0638588521020044,42,results/stage6_nfga/predictions/electricity_nfga-linear_seed_110_injected_5pct.csv,2,6,34,0,2,8,0.25,1.0,0.4,0.85,0.15,0.925,applicable
electricity,NFGA-LINEAR,True,110,injected_5pct,2.5,0.3332961574370696,0.0966033221209903,0.0638588521020044,42,results/stage6_nfga/predictions/electricity_nfga-linear_seed_110_injected_5pct.csv,2,3,37,0,2,5,0.4,1.0,0.5714285714285714,0.925,0.075,0.9625,applicable
electricity,NFGA-LINEAR,True,110,injected_5pct,3.0,0.38063472450028546,0.0966033221209903,0.0638588521020044,42,results/stage6_nfga/predictions/electricity_nfga-linear_seed_110_injected_5pct.csv,2,2,38,0,2,4,0.5,1.0,0.6666666666666666,0.95,0.05,0.975,applicable
electricity,NFGA-LINEAR,True,110,injected_5pct,3.5,0.42797329156350133,0.0966033221209903,0.0638588521020044,42,results/stage6_nfga/predictions/electricity_nfga-linear_seed_110_injected_5pct.csv,2,2,38,0,2,4,0.5,1.0,0.6666666666666666,0.95,0.05,0.975,applicable
electricity,NFGA-LINEAR,True,110,injected_5pct,4.0,0.4753118586267172,0.0966033221209903,0.0638588521020044,42,results/stage6_nfga/predictions/electricity_nfga-linear_seed_110_injected_5pct.csv,2,2,38,0,2,4,0.5,1.0,0.6666666666666666,0.95,0.05,0.975,applicable
electricity,NFGA-LINEAR,True,110,injected_5pct,4.5,0.522650425689933,0.0966033221209903,0.0638588521020044,42,results/stage6_nfga/predictions/electricity_nfga-linear_seed_110_injected_5pct.csv,2,2,38,0,2,4,0.5,1.0,0.6666666666666666,0.95,0.05,0.975,applicable
electricity,NFGA-LINEAR,True,110,injected_5pct,5.0,0.5699889927531488,0.0966033221209903,0.0638588521020044,42,results/stage6_nfga/predictions/electricity_nfga-linear_seed_110_injected_5pct.csv,2,2,38,0,2,4,0.5,1.0,0.6666666666666666,0.95,0.05,0.975,applicable
electricity,NFGA-LINEAR,True,11,injected_5pct,2.0,0.28595759037385376,0.0966033221209903,0.0638588521020044,42,results/stage6_nfga/predictions/electricity_nfga-linear_seed_11_injected_5pct.csv,2,6,34,0,2,8,0.25,1.0,0.4,0.85,0.15,0.925,applicable
electricity,NFGA-LINEAR,True,11,injected_5pct,2.5,0.3332961574370696,0.0966033221209903,0.0638588521020044,42,results/stage6_nfga/predictions/electricity_nfga-linear_seed_11_injected_5pct.csv,2,4,36,0,2,6,0.3333333333333333,1.0,0.5,0.9,0.1,0.95,applicable
electricity,NFGA-LINEAR,True,11,injected_5pct,3.0,0.38063472450028546,0.0966033221209903,0.0638588521020044,42,results/stage6_nfga/predictions/electricity_nfga-linear_seed_11_injected_5pct.csv,2,2,38,0,2,4,0.5,1.0,0.6666666666666666,0.95,0.05,0.975,applicable
electricity,NFGA-LINEAR,True,11,injected_5pct,3.5,0.42797329156350133,0.0966033221209903,0.0638588521020044,42,results/stage6_nfga/predictions/electricity_nfga-linear_seed_11_injected_5pct.csv,2,2,38,0,2,4,0.5,1.0,0.6666666666666666,0.95,0.05,0.975,applicable
electricity,NFGA-LINEAR,True,11,injected_5pct,4.0,0.4753118586267172,0.0966033221209903,0.0638588521020044,42,results/stage6_nfga/predictions/electricity_nfga-linear_seed_11_injected_5pct.csv,2,2,38,0,2,4,0.5,1.0,0.6666666666666666,0.95,0.05,0.975,applicable
electricity,NFGA-LINEAR,True,11,injected_5pct,4.5,0.522650425689933,0.0966033221209903,0.0638588521020044,42,results/stage6_nfga/predictions/electricity_nfga-linear_seed_11_injected_5pct.csv,2,2,38,0,2,4,0.5,1.0,0.6666666666666666,0.95,0.05,0.975,applicable
electricity,NFGA-LINEAR,True,11,injected_5pct,5.0,0.5699889927531488,0.0966033221209903,0.0638588521020044,42,results/stage6_nfga/predictions/electricity_nfga-linear_seed_11_injected_5pct.csv,2,1,39,0,2,3,0.6666666666666666,1.0,0.8,0.975,0.025,0.9875,applicable
electricity,NFGA-LINEAR,True,22,injected_5pct,2.0,0.28595759037385376,0.0966033221209903,0.0638588521020044,42,results/stage6_nfga/predictions/electricity_nfga-linear_seed_22_injected_5pct.csv,2,7,33,0,2,9,0.2222222222222222,1.0,0.36363636363636365,0.825,0.175,0.9125,applicable
electricity,NFGA-LINEAR,True,22,injected_5pct,2.5,0.3332961574370696,0.0966033221209903,0.0638588521020044,42,results/stage6_nfga/predictions/electricity_nfga-linear_seed_22_injected_5pct.csv,2,4,36,0,2,6,0.3333333333333333,1.0,0.5,0.9,0.1,0.95,applicable
electricity,NFGA-LINEAR,True,22,injected_5pct,3.0,0.38063472450028546,0.0966033221209903,0.0638588521020044,42,results/stage6_nfga/predictions/electricity_nfga-linear_seed_22_injected_5pct.csv,2,3,37,0,2,5,0.4,1.0,0.5714285714285714,0.925,0.075,0.9625,applicable
electricity,NFGA-LINEAR,True,22,injected_5pct,3.5,0.42797329156350133,0.0966033221209903,0.0638588521020044,42,results/stage6_nfga/predictions/electricity_nfga-linear_seed_22_injected_5pct.csv,2,3,37,0,2,5,0.4,1.0,0.5714285714285714,0.925,0.075,0.9625,applicable
electricity,NFGA-LINEAR,True,22,injected_5pct,4.0,0.4753118586267172,0.0966033221209903,0.0638588521020044,42,results/stage6_nfga/predictions/electricity_nfga-linear_seed_22_injected_5pct.csv,2,2,38,0,2,4,0.5,1.0,0.6666666666666666,0.95,0.05,0.975,applicable
electricity,NFGA-LINEAR,True,22,injected_5pct,4.5,0.522650425689933,0.0966033221209903,0.0638588521020044,42,results/stage6_nfga/predictions/electricity_nfga-linear_seed_22_injected_5pct.csv,2,2,38,0,2,4,0.5,1.0,0.6666666666666666,0.95,0.05,0.975,applicable
electricity,NFGA-LINEAR,True,22,injected_5pct,5.0,0.5699889927531488,0.0966033221209903,0.0638588521020044,42,results/stage6_nfga/predictions/electricity_nfga-linear_seed_22_injected_5pct.csv,2,1,39,0,2,3,0.6666666666666666,1.0,0.8,0.975,0.025,0.9875,applicable
electricity,NFGA-LINEAR,True,33,injected_5pct,2.0,0.28595759037385376,0.0966033221209903,0.0638588521020044,42,results/stage6_nfga/predictions/electricity_nfga-linear_seed_33_injected_5pct.csv,2,5,35,0,2,7,0.2857142857142857,1.0,0.4444444444444444,0.875,0.125,0.9375,applicable
electricity,NFGA-LINEAR,True,33,injected_5pct,2.5,0.3332961574370696,0.0966033221209903,0.0638588521020044,42,results/stage6_nfga/predictions/electricity_nfga-linear_seed_33_injected_5pct.csv,2,4,36,0,2,6,0.3333333333333333,1.0,0.5,0.9,0.1,0.95,applicable
electricity,NFGA-LINEAR,True,33,injected_5pct,3.0,0.38063472450028546,0.0966033221209903,0.0638588521020044,42,results/stage6_nfga/predictions/electricity_nfga-linear_seed_33_injected_5pct.csv,2,2,38,0,2,4,0.5,1.0,0.6666666666666666,0.95,0.05,0.975,applicable
electricity,NFGA-LINEAR,True,33,injected_5pct,3.5,0.42797329156350133,0.0966033221209903,0.0638588521020044,42,results/stage6_nfga/predictions/electricity_nfga-linear_seed_33_injected_5pct.csv,2,2,38,0,2,4,0.5,1.0,0.6666666666666666,0.95,0.05,0.975,applicable
electricity,NFGA-LINEAR,True,33,injected_5pct,4.0,0.4753118586267172,0.0966033221209903,0.0638588521020044,42,results/stage6_nfga/predictions/electricity_nfga-linear_seed_33_injected_5pct.csv,2,2,38,0,2,4,0.5,1.0,0.6666666666666666,0.95,0.05,0.975,applicable
electricity,NFGA-LINEAR,True,33,injected_5pct,4.5,0.522650425689933,0.0966033221209903,0.0638588521020044,42,results/stage6_nfga/predictions/electricity_nfga-linear_seed_33_injected_5pct.csv,2,2,38,0,2,4,0.5,1.0,0.6666666666666666,0.95,0.05,0.975,applicable
electricity,NFGA-LINEAR,True,33,injected_5pct,5.0,0.5699889927531488,0.0966033221209903,0.0638588521020044,42,results/stage6_nfga/predictions/electricity_nfga-linear_seed_33_injected_5pct.csv,2,1,39,0,2,3,0.6666666666666666,1.0,0.8,0.975,0.025,0.9875,applicable
electricity,NFGA-LINEAR,True,44,injected_5pct,2.0,0.28595759037385376,0.0966033221209903,0.0638588521020044,42,results/stage6_nfga/predictions/electricity_nfga-linear_seed_44_injected_5pct.csv,2,7,33,0,2,9,0.2222222222222222,1.0,0.36363636363636365,0.825,0.175,0.9125,applicable
electricity,NFGA-LINEAR,True,44,injected_5pct,2.5,0.3332961574370696,0.0966033221209903,0.0638588521020044,42,results/stage6_nfga/predictions/electricity_nfga-linear_seed_44_injected_5pct.csv,2,5,35,0,2,7,0.2857142857142857,1.0,0.4444444444444444,0.875,0.125,0.9375,applicable
electricity,NFGA-LINEAR,True,44,injected_5pct,3.0,0.38063472450028546,0.0966033221209903,0.0638588521020044,42,results/stage6_nfga/predictions/electricity_nfga-linear_seed_44_injected_5pct.csv,2,2,38,0,2,4,0.5,1.0,0.6666666666666666,0.95,0.05,0.975,applicable
electricity,NFGA-LINEAR,True,44,injected_5pct,3.5,0.42797329156350133,0.0966033221209903,0.0638588521020044,42,results/stage6_nfga/predictions/electricity_nfga-linear_seed_44_injected_5pct.csv,2,2,38,0,2,4,0.5,1.0,0.6666666666666666,0.95,0.05,0.975,applicable
electricity,NFGA-LINEAR,True,44,injected_5pct,4.0,0.4753118586267172,0.0966033221209903,0.0638588521020044,42,results/stage6_nfga/predictions/electricity_nfga-linear_seed_44_injected_5pct.csv,2,2,38,0,2,4,0.5,1.0,0.6666666666666666,0.95,0.05,0.975,applicable
electricity,NFGA-LINEAR,True,44,injected_5pct,4.5,0.522650425689933,0.0966033221209903,0.0638588521020044,42,results/stage6_nfga/predictions/electricity_nfga-linear_seed_44_injected_5pct.csv,2,2,38,0,2,4,0.5,1.0,0.6666666666666666,0.95,0.05,0.975,applicable
electricity,NFGA-LINEAR,True,44,injected_5pct,5.0,0.5699889927531488,0.0966033221209903,0.0638588521020044,42,results/stage6_nfga/predictions/electricity_nfga-linear_seed_44_injected_5pct.csv,2,1,39,0,2,3,0.6666666666666666,1.0,0.8,0.975,0.025,0.9875,applicable
electricity,NFGA-LINEAR,True,55,injected_5pct,2.0,0.28595759037385376,0.0966033221209903,0.0638588521020044,42,results/stage6_nfga/predictions/electricity_nfga-linear_seed_55_injected_5pct.csv,2,7,33,0,2,9,0.2222222222222222,1.0,0.36363636363636365,0.825,0.175,0.9125,applicable
electricity,NFGA-LINEAR,True,55,injected_5pct,2.5,0.3332961574370696,0.0966033221209903,0.0638588521020044,42,results/stage6_nfga/predictions/electricity_nfga-linear_seed_55_injected_5pct.csv,2,5,35,0,2,7,0.2857142857142857,1.0,0.4444444444444444,0.875,0.125,0.9375,applicable
electricity,NFGA-LINEAR,True,55,injected_5pct,3.0,0.38063472450028546,0.0966033221209903,0.0638588521020044,42,results/stage6_nfga/predictions/electricity_nfga-linear_seed_55_injected_5pct.csv,2,3,37,0,2,5,0.4,1.0,0.5714285714285714,0.925,0.075,0.9625,applicable
electricity,NFGA-LINEAR,True,55,injected_5pct,3.5,0.42797329156350133,0.0966033221209903,0.0638588521020044,42,results/stage6_nfga/predictions/electricity_nfga-linear_seed_55_injected_5pct.csv,2,2,38,0,2,4,0.5,1.0,0.6666666666666666,0.95,0.05,0.975,applicable
electricity,NFGA-LINEAR,True,55,injected_5pct,4.0,0.4753118586267172,0.0966033221209903,0.0638588521020044,42,results/stage6_nfga/predictions/electricity_nfga-linear_seed_55_injected_5pct.csv,2,2,38,0,2,4,0.5,1.0,0.6666666666666666,0.95,0.05,0.975,applicable
electricity,NFGA-LINEAR,True,55,injected_5pct,4.5,0.522650425689933,0.0966033221209903,0.0638588521020044,42,results/stage6_nfga/predictions/electricity_nfga-linear_seed_55_injected_5pct.csv,2,1,39,0,2,3,0.6666666666666666,1.0,0.8,0.975,0.025,0.9875,applicable
electricity,NFGA-LINEAR,True,55,injected_5pct,5.0,0.5699889927531488,0.0966033221209903,0.0638588521020044,42,results/stage6_nfga/predictions/electricity_nfga-linear_seed_55_injected_5pct.csv,2,1,39,0,2,3,0.6666666666666666,1.0,0.8,0.975,0.025,0.9875,applicable
electricity,NFGA-LINEAR,True,66,injected_5pct,2.0,0.28595759037385376,0.0966033221209903,0.0638588521020044,42,results/stage6_nfga/predictions/electricity_nfga-linear_seed_66_injected_5pct.csv,2,7,33,0,2,9,0.2222222222222222,1.0,0.36363636363636365,0.825,0.175,0.9125,applicable
electricity,NFGA-LINEAR,True,66,injected_5pct,2.5,0.3332961574370696,0.0966033221209903,0.0638588521020044,42,results/stage6_nfga/predictions/electricity_nfga-linear_seed_66_injected_5pct.csv,2,5,35,0,2,7,0.2857142857142857,1.0,0.4444444444444444,0.875,0.125,0.9375,applicable
electricity,NFGA-LINEAR,True,66,injected_5pct,3.0,0.38063472450028546,0.0966033221209903,0.0638588521020044,42,results/stage6_nfga/predictions/electricity_nfga-linear_seed_66_injected_5pct.csv,2,2,38,0,2,4,0.5,1.0,0.6666666666666666,0.95,0.05,0.975,applicable
electricity,NFGA-LINEAR,True,66,injected_5pct,3.5,0.42797329156350133,0.0966033221209903,0.0638588521020044,42,results/stage6_nfga/predictions/electricity_nfga-linear_seed_66_injected_5pct.csv,2,2,38,0,2,4,0.5,1.0,0.6666666666666666,0.95,0.05,0.975,applicable
electricity,NFGA-LINEAR,True,66,injected_5pct,4.0,0.4753118586267172,0.0966033221209903,0.0638588521020044,42,results/stage6_nfga/predictions/electricity_nfga-linear_seed_66_injected_5pct.csv,2,2,38,0,2,4,0.5,1.0,0.6666666666666666,0.95,0.05,0.975,applicable
electricity,NFGA-LINEAR,True,66,injected_5pct,4.5,0.522650425689933,0.0966033221209903,0.0638588521020044,42,results/stage6_nfga/predictions/electricity_nfga-linear_seed_66_injected_5pct.csv,2,2,38,0,2,4,0.5,1.0,0.6666666666666666,0.95,0.05,0.975,applicable
electricity,NFGA-LINEAR,True,66,injected_5pct,5.0,0.5699889927531488,0.0966033221209903,0.0638588521020044,42,results/stage6_nfga/predictions/electricity_nfga-linear_seed_66_injected_5pct.csv,2,1,39,0,2,3,0.6666666666666666,1.0,0.8,0.975,0.025,0.9875,applicable
electricity,NFGA-LINEAR,True,77,injected_5pct,2.0,0.28595759037385376,0.0966033221209903,0.0638588521020044,42,results/stage6_nfga/predictions/electricity_nfga-linear_seed_77_injected_5pct.csv,2,4,36,0,2,6,0.3333333333333333,1.0,0.5,0.9,0.1,0.95,applicable
electricity,NFGA-LINEAR,True,77,injected_5pct,2.5,0.3332961574370696,0.0966033221209903,0.0638588521020044,42,results/stage6_nfga/predictions/electricity_nfga-linear_seed_77_injected_5pct.csv,2,3,37,0,2,5,0.4,1.0,0.5714285714285714,0.925,0.075,0.9625,applicable
electricity,NFGA-LINEAR,True,77,injected_5pct,3.0,0.38063472450028546,0.0966033221209903,0.0638588521020044,42,results/stage6_nfga/predictions/electricity_nfga-linear_seed_77_injected_5pct.csv,2,2,38,0,2,4,0.5,1.0,0.6666666666666666,0.95,0.05,0.975,applicable
electricity,NFGA-LINEAR,True,77,injected_5pct,3.5,0.42797329156350133,0.0966033221209903,0.0638588521020044,42,results/stage6_nfga/predictions/electricity_nfga-linear_seed_77_injected_5pct.csv,2,2,38,0,2,4,0.5,1.0,0.6666666666666666,0.95,0.05,0.975,applicable
electricity,NFGA-LINEAR,True,77,injected_5pct,4.0,0.4753118586267172,0.0966033221209903,0.0638588521020044,42,results/stage6_nfga/predictions/electricity_nfga-linear_seed_77_injected_5pct.csv,2,1,39,0,2,3,0.6666666666666666,1.0,0.8,0.975,0.025,0.9875,applicable
electricity,NFGA-LINEAR,True,77,injected_5pct,4.5,0.522650425689933,0.0966033221209903,0.0638588521020044,42,results/stage6_nfga/predictions/electricity_nfga-linear_seed_77_injected_5pct.csv,2,1,39,0,2,3,0.6666666666666666,1.0,0.8,0.975,0.025,0.9875,applicable
electricity,NFGA-LINEAR,True,77,injected_5pct,5.0,0.5699889927531488,0.0966033221209903,0.0638588521020044,42,results/stage6_nfga/predictions/electricity_nfga-linear_seed_77_injected_5pct.csv,2,1,39,0,2,3,0.6666666666666666,1.0,0.8,0.975,0.025,0.9875,applicable
electricity,NFGA-LINEAR,True,88,injected_5pct,2.0,0.28595759037385376,0.0966033221209903,0.0638588521020044,42,results/stage6_nfga/predictions/electricity_nfga-linear_seed_88_injected_5pct.csv,2,7,33,0,2,9,0.2222222222222222,1.0,0.36363636363636365,0.825,0.175,0.9125,applicable
electricity,NFGA-LINEAR,True,88,injected_5pct,2.5,0.3332961574370696,0.0966033221209903,0.0638588521020044,42,results/stage6_nfga/predictions/electricity_nfga-linear_seed_88_injected_5pct.csv,2,6,34,0,2,8,0.25,1.0,0.4,0.85,0.15,0.925,applicable
electricity,NFGA-LINEAR,True,88,injected_5pct,3.0,0.38063472450028546,0.0966033221209903,0.0638588521020044,42,results/stage6_nfga/predictions/electricity_nfga-linear_seed_88_injected_5pct.csv,2,4,36,0,2,6,0.3333333333333333,1.0,0.5,0.9,0.1,0.95,applicable
electricity,NFGA-LINEAR,True,88,injected_5pct,3.5,0.42797329156350133,0.0966033221209903,0.0638588521020044,42,results/stage6_nfga/predictions/electricity_nfga-linear_seed_88_injected_5pct.csv,2,3,37,0,2,5,0.4,1.0,0.5714285714285714,0.925,0.075,0.9625,applicable
electricity,NFGA-LINEAR,True,88,injected_5pct,4.0,0.4753118586267172,0.0966033221209903,0.0638588521020044,42,results/stage6_nfga/predictions/electricity_nfga-linear_seed_88_injected_5pct.csv,2,1,39,0,2,3,0.6666666666666666,1.0,0.8,0.975,0.025,0.9875,applicable
electricity,NFGA-LINEAR,True,88,injected_5pct,4.5,0.522650425689933,0.0966033221209903,0.0638588521020044,42,results/stage6_nfga/predictions/electricity_nfga-linear_seed_88_injected_5pct.csv,2,1,39,0,2,3,0.6666666666666666,1.0,0.8,0.975,0.025,0.9875,applicable
electricity,NFGA-LINEAR,True,88,injected_5pct,5.0,0.5699889927531488,0.0966033221209903,0.0638588521020044,42,results/stage6_nfga/predictions/electricity_nfga-linear_seed_88_injected_5pct.csv,2,1,39,0,2,3,0.6666666666666666,1.0,0.8,0.975,0.025,0.9875,applicable
electricity,NFGA-LINEAR,True,99,injected_5pct,2.0,0.28595759037385376,0.0966033221209903,0.0638588521020044,42,results/stage6_nfga/predictions/electricity_nfga-linear_seed_99_injected_5pct.csv,2,7,33,0,2,9,0.2222222222222222,1.0,0.36363636363636365,0.825,0.175,0.9125,applicable
electricity,NFGA-LINEAR,True,99,injected_5pct,2.5,0.3332961574370696,0.0966033221209903,0.0638588521020044,42,results/stage6_nfga/predictions/electricity_nfga-linear_seed_99_injected_5pct.csv,2,6,34,0,2,8,0.25,1.0,0.4,0.85,0.15,0.925,applicable
electricity,NFGA-LINEAR,True,99,injected_5pct,3.0,0.38063472450028546,0.0966033221209903,0.0638588521020044,42,results/stage6_nfga/predictions/electricity_nfga-linear_seed_99_injected_5pct.csv,2,2,38,0,2,4,0.5,1.0,0.6666666666666666,0.95,0.05,0.975,applicable
electricity,NFGA-LINEAR,True,99,injected_5pct,3.5,0.42797329156350133,0.0966033221209903,0.0638588521020044,42,results/stage6_nfga/predictions/electricity_nfga-linear_seed_99_injected_5pct.csv,2,2,38,0,2,4,0.5,1.0,0.6666666666666666,0.95,0.05,0.975,applicable
electricity,NFGA-LINEAR,True,99,injected_5pct,4.0,0.4753118586267172,0.0966033221209903,0.0638588521020044,42,results/stage6_nfga/predictions/electricity_nfga-linear_seed_99_injected_5pct.csv,2,2,38,0,2,4,0.5,1.0,0.6666666666666666,0.95,0.05,0.975,applicable
electricity,NFGA-LINEAR,True,99,injected_5pct,4.5,0.522650425689933,0.0966033221209903,0.0638588521020044,42,results/stage6_nfga/predictions/electricity_nfga-linear_seed_99_injected_5pct.csv,2,2,38,0,2,4,0.5,1.0,0.6666666666666666,0.95,0.05,0.975,applicable
electricity,NFGA-LINEAR,True,99,injected_5pct,5.0,0.5699889927531488,0.0966033221209903,0.0638588521020044,42,results/stage6_nfga/predictions/electricity_nfga-linear_seed_99_injected_5pct.csv,2,2,38,0,2,4,0.5,1.0,0.6666666666666666,0.95,0.05,0.975,applicable
electricity,NFGA-LINEAR,True,110,injected_10pct,2.0,0.28595759037385376,0.0966033221209903,0.0638588521020044,42,results/stage6_nfga/predictions/electricity_nfga-linear_seed_110_injected_10pct.csv,4,10,28,0,4,14,0.2857142857142857,1.0,0.4444444444444444,0.7368421052631579,0.2631578947368421,0.868421052631579,applicable
electricity,NFGA-LINEAR,True,110,injected_10pct,2.5,0.3332961574370696,0.0966033221209903,0.0638588521020044,42,results/stage6_nfga/predictions/electricity_nfga-linear_seed_110_injected_10pct.csv,4,9,29,0,4,13,0.3076923076923077,1.0,0.47058823529411764,0.7631578947368421,0.23684210526315788,0.881578947368421,applicable
electricity,NFGA-LINEAR,True,110,injected_10pct,3.0,0.38063472450028546,0.0966033221209903,0.0638588521020044,42,results/stage6_nfga/predictions/electricity_nfga-linear_seed_110_injected_10pct.csv,4,6,32,0,4,10,0.4,1.0,0.5714285714285714,0.8421052631578947,0.15789473684210525,0.9210526315789473,applicable
electricity,NFGA-LINEAR,True,110,injected_10pct,3.5,0.42797329156350133,0.0966033221209903,0.0638588521020044,42,results/stage6_nfga/predictions/electricity_nfga-linear_seed_110_injected_10pct.csv,4,5,33,0,4,9,0.4444444444444444,1.0,0.6153846153846154,0.868421052631579,0.13157894736842105,0.9342105263157895,applicable
electricity,NFGA-LINEAR,True,110,injected_10pct,4.0,0.4753118586267172,0.0966033221209903,0.0638588521020044,42,results/stage6_nfga/predictions/electricity_nfga-linear_seed_110_injected_10pct.csv,4,4,34,0,4,8,0.5,1.0,0.6666666666666666,0.8947368421052632,0.10526315789473684,0.9473684210526316,applicable
electricity,NFGA-LINEAR,True,110,injected_10pct,4.5,0.522650425689933,0.0966033221209903,0.0638588521020044,42,results/stage6_nfga/predictions/electricity_nfga-linear_seed_110_injected_10pct.csv,4,4,34,0,4,8,0.5,1.0,0.6666666666666666,0.8947368421052632,0.10526315789473684,0.9473684210526316,applicable
electricity,NFGA-LINEAR,True,110,injected_10pct,5.0,0.5699889927531488,0.0966033221209903,0.0638588521020044,42,results/stage6_nfga/predictions/electricity_nfga-linear_seed_110_injected_10pct.csv,4,4,34,0,4,8,0.5,1.0,0.6666666666666666,0.8947368421052632,0.10526315789473684,0.9473684210526316,applicable
electricity,NFGA-LINEAR,True,11,injected_10pct,2.0,0.28595759037385376,0.0966033221209903,0.0638588521020044,42,results/stage6_nfga/predictions/electricity_nfga-linear_seed_11_injected_10pct.csv,4,7,31,0,4,11,0.36363636363636365,1.0,0.5333333333333333,0.8157894736842105,0.18421052631578946,0.9078947368421053,applicable
electricity,NFGA-LINEAR,True,11,injected_10pct,2.5,0.3332961574370696,0.0966033221209903,0.0638588521020044,42,results/stage6_nfga/predictions/electricity_nfga-linear_seed_11_injected_10pct.csv,4,7,31,0,4,11,0.36363636363636365,1.0,0.5333333333333333,0.8157894736842105,0.18421052631578946,0.9078947368421053,applicable
electricity,NFGA-LINEAR,True,11,injected_10pct,3.0,0.38063472450028546,0.0966033221209903,0.0638588521020044,42,results/stage6_nfga/predictions/electricity_nfga-linear_seed_11_injected_10pct.csv,4,5,33,0,4,9,0.4444444444444444,1.0,0.6153846153846154,0.868421052631579,0.13157894736842105,0.9342105263157895,applicable
electricity,NFGA-LINEAR,True,11,injected_10pct,3.5,0.42797329156350133,0.0966033221209903,0.0638588521020044,42,results/stage6_nfga/predictions/electricity_nfga-linear_seed_11_injected_10pct.csv,4,4,34,0,4,8,0.5,1.0,0.6666666666666666,0.8947368421052632,0.10526315789473684,0.9473684210526316,applicable
electricity,NFGA-LINEAR,True,11,injected_10pct,4.0,0.4753118586267172,0.0966033221209903,0.0638588521020044,42,results/stage6_nfga/predictions/electricity_nfga-linear_seed_11_injected_10pct.csv,4,4,34,0,4,8,0.5,1.0,0.6666666666666666,0.8947368421052632,0.10526315789473684,0.9473684210526316,applicable
electricity,NFGA-LINEAR,True,11,injected_10pct,4.5,0.522650425689933,0.0966033221209903,0.0638588521020044,42,results/stage6_nfga/predictions/electricity_nfga-linear_seed_11_injected_10pct.csv,4,4,34,0,4,8,0.5,1.0,0.6666666666666666,0.8947368421052632,0.10526315789473684,0.9473684210526316,applicable
electricity,NFGA-LINEAR,True,11,injected_10pct,5.0,0.5699889927531488,0.0966033221209903,0.0638588521020044,42,results/stage6_nfga/predictions/electricity_nfga-linear_seed_11_injected_10pct.csv,4,3,35,0,4,7,0.5714285714285714,1.0,0.7272727272727273,0.9210526315789473,0.07894736842105263,0.9605263157894737,applicable
electricity,NFGA-LINEAR,True,22,injected_10pct,2.0,0.28595759037385376,0.0966033221209903,0.0638588521020044,42,results/stage6_nfga/predictions/electricity_nfga-linear_seed_22_injected_10pct.csv,4,11,27,0,4,15,0.26666666666666666,1.0,0.42105263157894735,0.7105263157894737,0.2894736842105263,0.8552631578947368,applicable
electricity,NFGA-LINEAR,True,22,injected_10pct,2.5,0.3332961574370696,0.0966033221209903,0.0638588521020044,42,results/stage6_nfga/predictions/electricity_nfga-linear_seed_22_injected_10pct.csv,4,8,30,0,4,12,0.3333333333333333,1.0,0.5,0.7894736842105263,0.21052631578947367,0.8947368421052632,applicable
electricity,NFGA-LINEAR,True,22,injected_10pct,3.0,0.38063472450028546,0.0966033221209903,0.0638588521020044,42,results/stage6_nfga/predictions/electricity_nfga-linear_seed_22_injected_10pct.csv,4,6,32,0,4,10,0.4,1.0,0.5714285714285714,0.8421052631578947,0.15789473684210525,0.9210526315789473,applicable
electricity,NFGA-LINEAR,True,22,injected_10pct,3.5,0.42797329156350133,0.0966033221209903,0.0638588521020044,42,results/stage6_nfga/predictions/electricity_nfga-linear_seed_22_injected_10pct.csv,4,5,33,0,4,9,0.4444444444444444,1.0,0.6153846153846154,0.868421052631579,0.13157894736842105,0.9342105263157895,applicable
electricity,NFGA-LINEAR,True,22,injected_10pct,4.0,0.4753118586267172,0.0966033221209903,0.0638588521020044,42,results/stage6_nfga/predictions/electricity_nfga-linear_seed_22_injected_10pct.csv,4,5,33,0,4,9,0.4444444444444444,1.0,0.6153846153846154,0.868421052631579,0.13157894736842105,0.9342105263157895,applicable
electricity,NFGA-LINEAR,True,22,injected_10pct,4.5,0.522650425689933,0.0966033221209903,0.0638588521020044,42,results/stage6_nfga/predictions/electricity_nfga-linear_seed_22_injected_10pct.csv,4,4,34,0,4,8,0.5,1.0,0.6666666666666666,0.8947368421052632,0.10526315789473684,0.9473684210526316,applicable
electricity,NFGA-LINEAR,True,22,injected_10pct,5.0,0.5699889927531488,0.0966033221209903,0.0638588521020044,42,results/stage6_nfga/predictions/electricity_nfga-linear_seed_22_injected_10pct.csv,4,4,34,0,4,8,0.5,1.0,0.6666666666666666,0.8947368421052632,0.10526315789473684,0.9473684210526316,applicable
electricity,NFGA-LINEAR,True,33,injected_10pct,2.0,0.28595759037385376,0.0966033221209903,0.0638588521020044,42,results/stage6_nfga/predictions/electricity_nfga-linear_seed_33_injected_10pct.csv,4,12,26,0,4,16,0.25,1.0,0.4,0.6842105263157895,0.3157894736842105,0.8421052631578947,applicable
electricity,NFGA-LINEAR,True,33,injected_10pct,2.5,0.3332961574370696,0.0966033221209903,0.0638588521020044,42,results/stage6_nfga/predictions/electricity_nfga-linear_seed_33_injected_10pct.csv,4,8,30,0,4,12,0.3333333333333333,1.0,0.5,0.7894736842105263,0.21052631578947367,0.8947368421052632,applicable
electricity,NFGA-LINEAR,True,33,injected_10pct,3.0,0.38063472450028546,0.0966033221209903,0.0638588521020044,42,results/stage6_nfga/predictions/electricity_nfga-linear_seed_33_injected_10pct.csv,4,6,32,0,4,10,0.4,1.0,0.5714285714285714,0.8421052631578947,0.15789473684210525,0.9210526315789473,applicable
electricity,NFGA-LINEAR,True,33,injected_10pct,3.5,0.42797329156350133,0.0966033221209903,0.0638588521020044,42,results/stage6_nfga/predictions/electricity_nfga-linear_seed_33_injected_10pct.csv,4,5,33,0,4,9,0.4444444444444444,1.0,0.6153846153846154,0.868421052631579,0.13157894736842105,0.9342105263157895,applicable
electricity,NFGA-LINEAR,True,33,injected_10pct,4.0,0.4753118586267172,0.0966033221209903,0.0638588521020044,42,results/stage6_nfga/predictions/electricity_nfga-linear_seed_33_injected_10pct.csv,4,5,33,0,4,9,0.4444444444444444,1.0,0.6153846153846154,0.868421052631579,0.13157894736842105,0.9342105263157895,applicable
electricity,NFGA-LINEAR,True,33,injected_10pct,4.5,0.522650425689933,0.0966033221209903,0.0638588521020044,42,results/stage6_nfga/predictions/electricity_nfga-linear_seed_33_injected_10pct.csv,4,4,34,0,4,8,0.5,1.0,0.6666666666666666,0.8947368421052632,0.10526315789473684,0.9473684210526316,applicable
electricity,NFGA-LINEAR,True,33,injected_10pct,5.0,0.5699889927531488,0.0966033221209903,0.0638588521020044,42,results/stage6_nfga/predictions/electricity_nfga-linear_seed_33_injected_10pct.csv,4,4,34,0,4,8,0.5,1.0,0.6666666666666666,0.8947368421052632,0.10526315789473684,0.9473684210526316,applicable
electricity,NFGA-LINEAR,True,44,injected_10pct,2.0,0.28595759037385376,0.0966033221209903,0.0638588521020044,42,results/stage6_nfga/predictions/electricity_nfga-linear_seed_44_injected_10pct.csv,4,13,25,0,4,17,0.23529411764705882,1.0,0.38095238095238093,0.6578947368421053,0.34210526315789475,0.8289473684210527,applicable
electricity,NFGA-LINEAR,True,44,injected_10pct,2.5,0.3332961574370696,0.0966033221209903,0.0638588521020044,42,results/stage6_nfga/predictions/electricity_nfga-linear_seed_44_injected_10pct.csv,4,10,28,0,4,14,0.2857142857142857,1.0,0.4444444444444444,0.7368421052631579,0.2631578947368421,0.868421052631579,applicable
electricity,NFGA-LINEAR,True,44,injected_10pct,3.0,0.38063472450028546,0.0966033221209903,0.0638588521020044,42,results/stage6_nfga/predictions/electricity_nfga-linear_seed_44_injected_10pct.csv,4,8,30,0,4,12,0.3333333333333333,1.0,0.5,0.7894736842105263,0.21052631578947367,0.8947368421052632,applicable
electricity,NFGA-LINEAR,True,44,injected_10pct,3.5,0.42797329156350133,0.0966033221209903,0.0638588521020044,42,results/stage6_nfga/predictions/electricity_nfga-linear_seed_44_injected_10pct.csv,4,6,32,0,4,10,0.4,1.0,0.5714285714285714,0.8421052631578947,0.15789473684210525,0.9210526315789473,applicable
electricity,NFGA-LINEAR,True,44,injected_10pct,4.0,0.4753118586267172,0.0966033221209903,0.0638588521020044,42,results/stage6_nfga/predictions/electricity_nfga-linear_seed_44_injected_10pct.csv,4,5,33,0,4,9,0.4444444444444444,1.0,0.6153846153846154,0.868421052631579,0.13157894736842105,0.9342105263157895,applicable
electricity,NFGA-LINEAR,True,44,injected_10pct,4.5,0.522650425689933,0.0966033221209903,0.0638588521020044,42,results/stage6_nfga/predictions/electricity_nfga-linear_seed_44_injected_10pct.csv,4,4,34,0,4,8,0.5,1.0,0.6666666666666666,0.8947368421052632,0.10526315789473684,0.9473684210526316,applicable
electricity,NFGA-LINEAR,True,44,injected_10pct,5.0,0.5699889927531488,0.0966033221209903,0.0638588521020044,42,results/stage6_nfga/predictions/electricity_nfga-linear_seed_44_injected_10pct.csv,4,4,34,0,4,8,0.5,1.0,0.6666666666666666,0.8947368421052632,0.10526315789473684,0.9473684210526316,applicable
electricity,NFGA-LINEAR,True,55,injected_10pct,2.0,0.28595759037385376,0.0966033221209903,0.0638588521020044,42,results/stage6_nfga/predictions/electricity_nfga-linear_seed_55_injected_10pct.csv,4,9,29,0,4,13,0.3076923076923077,1.0,0.47058823529411764,0.7631578947368421,0.23684210526315788,0.881578947368421,applicable
electricity,NFGA-LINEAR,True,55,injected_10pct,2.5,0.3332961574370696,0.0966033221209903,0.0638588521020044,42,results/stage6_nfga/predictions/electricity_nfga-linear_seed_55_injected_10pct.csv,4,6,32,0,4,10,0.4,1.0,0.5714285714285714,0.8421052631578947,0.15789473684210525,0.9210526315789473,applicable
electricity,NFGA-LINEAR,True,55,injected_10pct,3.0,0.38063472450028546,0.0966033221209903,0.0638588521020044,42,results/stage6_nfga/predictions/electricity_nfga-linear_seed_55_injected_10pct.csv,4,5,33,0,4,9,0.4444444444444444,1.0,0.6153846153846154,0.868421052631579,0.13157894736842105,0.9342105263157895,applicable
electricity,NFGA-LINEAR,True,55,injected_10pct,3.5,0.42797329156350133,0.0966033221209903,0.0638588521020044,42,results/stage6_nfga/predictions/electricity_nfga-linear_seed_55_injected_10pct.csv,4,4,34,0,4,8,0.5,1.0,0.6666666666666666,0.8947368421052632,0.10526315789473684,0.9473684210526316,applicable
electricity,NFGA-LINEAR,True,55,injected_10pct,4.0,0.4753118586267172,0.0966033221209903,0.0638588521020044,42,results/stage6_nfga/predictions/electricity_nfga-linear_seed_55_injected_10pct.csv,4,4,34,0,4,8,0.5,1.0,0.6666666666666666,0.8947368421052632,0.10526315789473684,0.9473684210526316,applicable
electricity,NFGA-LINEAR,True,55,injected_10pct,4.5,0.522650425689933,0.0966033221209903,0.0638588521020044,42,results/stage6_nfga/predictions/electricity_nfga-linear_seed_55_injected_10pct.csv,4,4,34,0,4,8,0.5,1.0,0.6666666666666666,0.8947368421052632,0.10526315789473684,0.9473684210526316,applicable
electricity,NFGA-LINEAR,True,55,injected_10pct,5.0,0.5699889927531488,0.0966033221209903,0.0638588521020044,42,results/stage6_nfga/predictions/electricity_nfga-linear_seed_55_injected_10pct.csv,4,4,34,0,4,8,0.5,1.0,0.6666666666666666,0.8947368421052632,0.10526315789473684,0.9473684210526316,applicable
electricity,NFGA-LINEAR,True,66,injected_10pct,2.0,0.28595759037385376,0.0966033221209903,0.0638588521020044,42,results/stage6_nfga/predictions/electricity_nfga-linear_seed_66_injected_10pct.csv,4,11,27,0,4,15,0.26666666666666666,1.0,0.42105263157894735,0.7105263157894737,0.2894736842105263,0.8552631578947368,applicable
electricity,NFGA-LINEAR,True,66,injected_10pct,2.5,0.3332961574370696,0.0966033221209903,0.0638588521020044,42,results/stage6_nfga/predictions/electricity_nfga-linear_seed_66_injected_10pct.csv,4,7,31,0,4,11,0.36363636363636365,1.0,0.5333333333333333,0.8157894736842105,0.18421052631578946,0.9078947368421053,applicable
electricity,NFGA-LINEAR,True,66,injected_10pct,3.0,0.38063472450028546,0.0966033221209903,0.0638588521020044,42,results/stage6_nfga/predictions/electricity_nfga-linear_seed_66_injected_10pct.csv,4,6,32,0,4,10,0.4,1.0,0.5714285714285714,0.8421052631578947,0.15789473684210525,0.9210526315789473,applicable
electricity,NFGA-LINEAR,True,66,injected_10pct,3.5,0.42797329156350133,0.0966033221209903,0.0638588521020044,42,results/stage6_nfga/predictions/electricity_nfga-linear_seed_66_injected_10pct.csv,4,4,34,0,4,8,0.5,1.0,0.6666666666666666,0.8947368421052632,0.10526315789473684,0.9473684210526316,applicable
electricity,NFGA-LINEAR,True,66,injected_10pct,4.0,0.4753118586267172,0.0966033221209903,0.0638588521020044,42,results/stage6_nfga/predictions/electricity_nfga-linear_seed_66_injected_10pct.csv,4,4,34,0,4,8,0.5,1.0,0.6666666666666666,0.8947368421052632,0.10526315789473684,0.9473684210526316,applicable
electricity,NFGA-LINEAR,True,66,injected_10pct,4.5,0.522650425689933,0.0966033221209903,0.0638588521020044,42,results/stage6_nfga/predictions/electricity_nfga-linear_seed_66_injected_10pct.csv,4,4,34,0,4,8,0.5,1.0,0.6666666666666666,0.8947368421052632,0.10526315789473684,0.9473684210526316,applicable
electricity,NFGA-LINEAR,True,66,injected_10pct,5.0,0.5699889927531488,0.0966033221209903,0.0638588521020044,42,results/stage6_nfga/predictions/electricity_nfga-linear_seed_66_injected_10pct.csv,4,4,34,0,4,8,0.5,1.0,0.6666666666666666,0.8947368421052632,0.10526315789473684,0.9473684210526316,applicable
electricity,NFGA-LINEAR,True,77,injected_10pct,2.0,0.28595759037385376,0.0966033221209903,0.0638588521020044,42,results/stage6_nfga/predictions/electricity_nfga-linear_seed_77_injected_10pct.csv,4,10,28,0,4,14,0.2857142857142857,1.0,0.4444444444444444,0.7368421052631579,0.2631578947368421,0.868421052631579,applicable
electricity,NFGA-LINEAR,True,77,injected_10pct,2.5,0.3332961574370696,0.0966033221209903,0.0638588521020044,42,results/stage6_nfga/predictions/electricity_nfga-linear_seed_77_injected_10pct.csv,4,7,31,0,4,11,0.36363636363636365,1.0,0.5333333333333333,0.8157894736842105,0.18421052631578946,0.9078947368421053,applicable
electricity,NFGA-LINEAR,True,77,injected_10pct,3.0,0.38063472450028546,0.0966033221209903,0.0638588521020044,42,results/stage6_nfga/predictions/electricity_nfga-linear_seed_77_injected_10pct.csv,4,6,32,0,4,10,0.4,1.0,0.5714285714285714,0.8421052631578947,0.15789473684210525,0.9210526315789473,applicable
electricity,NFGA-LINEAR,True,77,injected_10pct,3.5,0.42797329156350133,0.0966033221209903,0.0638588521020044,42,results/stage6_nfga/predictions/electricity_nfga-linear_seed_77_injected_10pct.csv,4,5,33,0,4,9,0.4444444444444444,1.0,0.6153846153846154,0.868421052631579,0.13157894736842105,0.9342105263157895,applicable
electricity,NFGA-LINEAR,True,77,injected_10pct,4.0,0.4753118586267172,0.0966033221209903,0.0638588521020044,42,results/stage6_nfga/predictions/electricity_nfga-linear_seed_77_injected_10pct.csv,4,4,34,0,4,8,0.5,1.0,0.6666666666666666,0.8947368421052632,0.10526315789473684,0.9473684210526316,applicable
electricity,NFGA-LINEAR,True,77,injected_10pct,4.5,0.522650425689933,0.0966033221209903,0.0638588521020044,42,results/stage6_nfga/predictions/electricity_nfga-linear_seed_77_injected_10pct.csv,4,2,36,0,4,6,0.6666666666666666,1.0,0.8,0.9473684210526315,0.05263157894736842,0.9736842105263157,applicable
electricity,NFGA-LINEAR,True,77,injected_10pct,5.0,0.5699889927531488,0.0966033221209903,0.0638588521020044,42,results/stage6_nfga/predictions/electricity_nfga-linear_seed_77_injected_10pct.csv,4,2,36,0,4,6,0.6666666666666666,1.0,0.8,0.9473684210526315,0.05263157894736842,0.9736842105263157,applicable
electricity,NFGA-LINEAR,True,88,injected_10pct,2.0,0.28595759037385376,0.0966033221209903,0.0638588521020044,42,results/stage6_nfga/predictions/electricity_nfga-linear_seed_88_injected_10pct.csv,4,11,27,0,4,15,0.26666666666666666,1.0,0.42105263157894735,0.7105263157894737,0.2894736842105263,0.8552631578947368,applicable
electricity,NFGA-LINEAR,True,88,injected_10pct,2.5,0.3332961574370696,0.0966033221209903,0.0638588521020044,42,results/stage6_nfga/predictions/electricity_nfga-linear_seed_88_injected_10pct.csv,4,8,30,0,4,12,0.3333333333333333,1.0,0.5,0.7894736842105263,0.21052631578947367,0.8947368421052632,applicable
electricity,NFGA-LINEAR,True,88,injected_10pct,3.0,0.38063472450028546,0.0966033221209903,0.0638588521020044,42,results/stage6_nfga/predictions/electricity_nfga-linear_seed_88_injected_10pct.csv,4,6,32,0,4,10,0.4,1.0,0.5714285714285714,0.8421052631578947,0.15789473684210525,0.9210526315789473,applicable
electricity,NFGA-LINEAR,True,88,injected_10pct,3.5,0.42797329156350133,0.0966033221209903,0.0638588521020044,42,results/stage6_nfga/predictions/electricity_nfga-linear_seed_88_injected_10pct.csv,4,5,33,0,4,9,0.4444444444444444,1.0,0.6153846153846154,0.868421052631579,0.13157894736842105,0.9342105263157895,applicable
electricity,NFGA-LINEAR,True,88,injected_10pct,4.0,0.4753118586267172,0.0966033221209903,0.0638588521020044,42,results/stage6_nfga/predictions/electricity_nfga-linear_seed_88_injected_10pct.csv,4,5,33,0,4,9,0.4444444444444444,1.0,0.6153846153846154,0.868421052631579,0.13157894736842105,0.9342105263157895,applicable
electricity,NFGA-LINEAR,True,88,injected_10pct,4.5,0.522650425689933,0.0966033221209903,0.0638588521020044,42,results/stage6_nfga/predictions/electricity_nfga-linear_seed_88_injected_10pct.csv,4,4,34,0,4,8,0.5,1.0,0.6666666666666666,0.8947368421052632,0.10526315789473684,0.9473684210526316,applicable
electricity,NFGA-LINEAR,True,88,injected_10pct,5.0,0.5699889927531488,0.0966033221209903,0.0638588521020044,42,results/stage6_nfga/predictions/electricity_nfga-linear_seed_88_injected_10pct.csv,4,4,34,0,4,8,0.5,1.0,0.6666666666666666,0.8947368421052632,0.10526315789473684,0.9473684210526316,applicable
electricity,NFGA-LINEAR,True,99,injected_10pct,2.0,0.28595759037385376,0.0966033221209903,0.0638588521020044,42,results/stage6_nfga/predictions/electricity_nfga-linear_seed_99_injected_10pct.csv,4,8,30,0,4,12,0.3333333333333333,1.0,0.5,0.7894736842105263,0.21052631578947367,0.8947368421052632,applicable
electricity,NFGA-LINEAR,True,99,injected_10pct,2.5,0.3332961574370696,0.0966033221209903,0.0638588521020044,42,results/stage6_nfga/predictions/electricity_nfga-linear_seed_99_injected_10pct.csv,4,8,30,0,4,12,0.3333333333333333,1.0,0.5,0.7894736842105263,0.21052631578947367,0.8947368421052632,applicable
electricity,NFGA-LINEAR,True,99,injected_10pct,3.0,0.38063472450028546,0.0966033221209903,0.0638588521020044,42,results/stage6_nfga/predictions/electricity_nfga-linear_seed_99_injected_10pct.csv,4,4,34,0,4,8,0.5,1.0,0.6666666666666666,0.8947368421052632,0.10526315789473684,0.9473684210526316,applicable
electricity,NFGA-LINEAR,True,99,injected_10pct,3.5,0.42797329156350133,0.0966033221209903,0.0638588521020044,42,results/stage6_nfga/predictions/electricity_nfga-linear_seed_99_injected_10pct.csv,4,4,34,0,4,8,0.5,1.0,0.6666666666666666,0.8947368421052632,0.10526315789473684,0.9473684210526316,applicable
electricity,NFGA-LINEAR,True,99,injected_10pct,4.0,0.4753118586267172,0.0966033221209903,0.0638588521020044,42,results/stage6_nfga/predictions/electricity_nfga-linear_seed_99_injected_10pct.csv,4,4,34,0,4,8,0.5,1.0,0.6666666666666666,0.8947368421052632,0.10526315789473684,0.9473684210526316,applicable
electricity,NFGA-LINEAR,True,99,injected_10pct,4.5,0.522650425689933,0.0966033221209903,0.0638588521020044,42,results/stage6_nfga/predictions/electricity_nfga-linear_seed_99_injected_10pct.csv,4,4,34,0,4,8,0.5,1.0,0.6666666666666666,0.8947368421052632,0.10526315789473684,0.9473684210526316,applicable
electricity,NFGA-LINEAR,True,99,injected_10pct,5.0,0.5699889927531488,0.0966033221209903,0.0638588521020044,42,results/stage6_nfga/predictions/electricity_nfga-linear_seed_99_injected_10pct.csv,4,4,34,0,4,8,0.5,1.0,0.6666666666666666,0.8947368421052632,0.10526315789473684,0.9473684210526316,applicable
electricity,NFGA-LINEAR,True,110,proxy_robust_z,2.0,0.28595759037385376,0.0966033221209903,0.0638588521020044,42,results/stage6_nfga/predictions/electricity_nfga-linear_seed_110_proxy_robust_z.csv,0,4,38,0,0,4,,,,0.9047619047619048,0.09523809523809523,,not_applicable_no_positive_reference
electricity,NFGA-LINEAR,True,110,proxy_robust_z,2.5,0.3332961574370696,0.0966033221209903,0.0638588521020044,42,results/stage6_nfga/predictions/electricity_nfga-linear_seed_110_proxy_robust_z.csv,0,1,41,0,0,1,,,,0.9761904761904762,0.023809523809523808,,not_applicable_no_positive_reference
electricity,NFGA-LINEAR,True,110,proxy_robust_z,3.0,0.38063472450028546,0.0966033221209903,0.0638588521020044,42,results/stage6_nfga/predictions/electricity_nfga-linear_seed_110_proxy_robust_z.csv,0,0,42,0,0,0,,,,1.0,0.0,,not_applicable_no_positive_reference
electricity,NFGA-LINEAR,True,110,proxy_robust_z,3.5,0.42797329156350133,0.0966033221209903,0.0638588521020044,42,results/stage6_nfga/predictions/electricity_nfga-linear_seed_110_proxy_robust_z.csv,0,0,42,0,0,0,,,,1.0,0.0,,not_applicable_no_positive_reference
electricity,NFGA-LINEAR,True,110,proxy_robust_z,4.0,0.4753118586267172,0.0966033221209903,0.0638588521020044,42,results/stage6_nfga/predictions/electricity_nfga-linear_seed_110_proxy_robust_z.csv,0,0,42,0,0,0,,,,1.0,0.0,,not_applicable_no_positive_reference
electricity,NFGA-LINEAR,True,110,proxy_robust_z,4.5,0.522650425689933,0.0966033221209903,0.0638588521020044,42,results/stage6_nfga/predictions/electricity_nfga-linear_seed_110_proxy_robust_z.csv,0,0,42,0,0,0,,,,1.0,0.0,,not_applicable_no_positive_reference
electricity,NFGA-LINEAR,True,110,proxy_robust_z,5.0,0.5699889927531488,0.0966033221209903,0.0638588521020044,42,results/stage6_nfga/predictions/electricity_nfga-linear_seed_110_proxy_robust_z.csv,0,0,42,0,0,0,,,,1.0,0.0,,not_applicable_no_positive_reference
electricity,NFGA-LINEAR,True,11,proxy_robust_z,2.0,0.28595759037385376,0.0966033221209903,0.0638588521020044,42,results/stage6_nfga/predictions/electricity_nfga-linear_seed_11_proxy_robust_z.csv,0,3,39,0,0,3,,,,0.9285714285714286,0.07142857142857142,,not_applicable_no_positive_reference
electricity,NFGA-LINEAR,True,11,proxy_robust_z,2.5,0.3332961574370696,0.0966033221209903,0.0638588521020044,42,results/stage6_nfga/predictions/electricity_nfga-linear_seed_11_proxy_robust_z.csv,0,1,41,0,0,1,,,,0.9761904761904762,0.023809523809523808,,not_applicable_no_positive_reference
electricity,NFGA-LINEAR,True,11,proxy_robust_z,3.0,0.38063472450028546,0.0966033221209903,0.0638588521020044,42,results/stage6_nfga/predictions/electricity_nfga-linear_seed_11_proxy_robust_z.csv,0,0,42,0,0,0,,,,1.0,0.0,,not_applicable_no_positive_reference
electricity,NFGA-LINEAR,True,11,proxy_robust_z,3.5,0.42797329156350133,0.0966033221209903,0.0638588521020044,42,results/stage6_nfga/predictions/electricity_nfga-linear_seed_11_proxy_robust_z.csv,0,0,42,0,0,0,,,,1.0,0.0,,not_applicable_no_positive_reference
electricity,NFGA-LINEAR,True,11,proxy_robust_z,4.0,0.4753118586267172,0.0966033221209903,0.0638588521020044,42,results/stage6_nfga/predictions/electricity_nfga-linear_seed_11_proxy_robust_z.csv,0,0,42,0,0,0,,,,1.0,0.0,,not_applicable_no_positive_reference
electricity,NFGA-LINEAR,True,11,proxy_robust_z,4.5,0.522650425689933,0.0966033221209903,0.0638588521020044,42,results/stage6_nfga/predictions/electricity_nfga-linear_seed_11_proxy_robust_z.csv,0,0,42,0,0,0,,,,1.0,0.0,,not_applicable_no_positive_reference
electricity,NFGA-LINEAR,True,11,proxy_robust_z,5.0,0.5699889927531488,0.0966033221209903,0.0638588521020044,42,results/stage6_nfga/predictions/electricity_nfga-linear_seed_11_proxy_robust_z.csv,0,0,42,0,0,0,,,,1.0,0.0,,not_applicable_no_positive_reference
electricity,NFGA-LINEAR,True,22,proxy_robust_z,2.0,0.28595759037385376,0.0966033221209903,0.0638588521020044,42,results/stage6_nfga/predictions/electricity_nfga-linear_seed_22_proxy_robust_z.csv,0,5,37,0,0,5,,,,0.8809523809523809,0.11904761904761904,,not_applicable_no_positive_reference
electricity,NFGA-LINEAR,True,22,proxy_robust_z,2.5,0.3332961574370696,0.0966033221209903,0.0638588521020044,42,results/stage6_nfga/predictions/electricity_nfga-linear_seed_22_proxy_robust_z.csv,0,0,42,0,0,0,,,,1.0,0.0,,not_applicable_no_positive_reference
electricity,NFGA-LINEAR,True,22,proxy_robust_z,3.0,0.38063472450028546,0.0966033221209903,0.0638588521020044,42,results/stage6_nfga/predictions/electricity_nfga-linear_seed_22_proxy_robust_z.csv,0,0,42,0,0,0,,,,1.0,0.0,,not_applicable_no_positive_reference
electricity,NFGA-LINEAR,True,22,proxy_robust_z,3.5,0.42797329156350133,0.0966033221209903,0.0638588521020044,42,results/stage6_nfga/predictions/electricity_nfga-linear_seed_22_proxy_robust_z.csv,0,0,42,0,0,0,,,,1.0,0.0,,not_applicable_no_positive_reference
electricity,NFGA-LINEAR,True,22,proxy_robust_z,4.0,0.4753118586267172,0.0966033221209903,0.0638588521020044,42,results/stage6_nfga/predictions/electricity_nfga-linear_seed_22_proxy_robust_z.csv,0,0,42,0,0,0,,,,1.0,0.0,,not_applicable_no_positive_reference
electricity,NFGA-LINEAR,True,22,proxy_robust_z,4.5,0.522650425689933,0.0966033221209903,0.0638588521020044,42,results/stage6_nfga/predictions/electricity_nfga-linear_seed_22_proxy_robust_z.csv,0,0,42,0,0,0,,,,1.0,0.0,,not_applicable_no_positive_reference
electricity,NFGA-LINEAR,True,22,proxy_robust_z,5.0,0.5699889927531488,0.0966033221209903,0.0638588521020044,42,results/stage6_nfga/predictions/electricity_nfga-linear_seed_22_proxy_robust_z.csv,0,0,42,0,0,0,,,,1.0,0.0,,not_applicable_no_positive_reference
electricity,NFGA-LINEAR,True,33,proxy_robust_z,2.0,0.28595759037385376,0.0966033221209903,0.0638588521020044,42,results/stage6_nfga/predictions/electricity_nfga-linear_seed_33_proxy_robust_z.csv,0,3,39,0,0,3,,,,0.9285714285714286,0.07142857142857142,,not_applicable_no_positive_reference
electricity,NFGA-LINEAR,True,33,proxy_robust_z,2.5,0.3332961574370696,0.0966033221209903,0.0638588521020044,42,results/stage6_nfga/predictions/electricity_nfga-linear_seed_33_proxy_robust_z.csv,0,1,41,0,0,1,,,,0.9761904761904762,0.023809523809523808,,not_applicable_no_positive_reference
electricity,NFGA-LINEAR,True,33,proxy_robust_z,3.0,0.38063472450028546,0.0966033221209903,0.0638588521020044,42,results/stage6_nfga/predictions/electricity_nfga-linear_seed_33_proxy_robust_z.csv,0,0,42,0,0,0,,,,1.0,0.0,,not_applicable_no_positive_reference
electricity,NFGA-LINEAR,True,33,proxy_robust_z,3.5,0.42797329156350133,0.0966033221209903,0.0638588521020044,42,results/stage6_nfga/predictions/electricity_nfga-linear_seed_33_proxy_robust_z.csv,0,0,42,0,0,0,,,,1.0,0.0,,not_applicable_no_positive_reference
electricity,NFGA-LINEAR,True,33,proxy_robust_z,4.0,0.4753118586267172,0.0966033221209903,0.0638588521020044,42,results/stage6_nfga/predictions/electricity_nfga-linear_seed_33_proxy_robust_z.csv,0,0,42,0,0,0,,,,1.0,0.0,,not_applicable_no_positive_reference
electricity,NFGA-LINEAR,True,33,proxy_robust_z,4.5,0.522650425689933,0.0966033221209903,0.0638588521020044,42,results/stage6_nfga/predictions/electricity_nfga-linear_seed_33_proxy_robust_z.csv,0,0,42,0,0,0,,,,1.0,0.0,,not_applicable_no_positive_reference
electricity,NFGA-LINEAR,True,33,proxy_robust_z,5.0,0.5699889927531488,0.0966033221209903,0.0638588521020044,42,results/stage6_nfga/predictions/electricity_nfga-linear_seed_33_proxy_robust_z.csv,0,0,42,0,0,0,,,,1.0,0.0,,not_applicable_no_positive_reference
electricity,NFGA-LINEAR,True,44,proxy_robust_z,2.0,0.28595759037385376,0.0966033221209903,0.0638588521020044,42,results/stage6_nfga/predictions/electricity_nfga-linear_seed_44_proxy_robust_z.csv,0,4,38,0,0,4,,,,0.9047619047619048,0.09523809523809523,,not_applicable_no_positive_reference
electricity,NFGA-LINEAR,True,44,proxy_robust_z,2.5,0.3332961574370696,0.0966033221209903,0.0638588521020044,42,results/stage6_nfga/predictions/electricity_nfga-linear_seed_44_proxy_robust_z.csv,0,1,41,0,0,1,,,,0.9761904761904762,0.023809523809523808,,not_applicable_no_positive_reference
electricity,NFGA-LINEAR,True,44,proxy_robust_z,3.0,0.38063472450028546,0.0966033221209903,0.0638588521020044,42,results/stage6_nfga/predictions/electricity_nfga-linear_seed_44_proxy_robust_z.csv,0,0,42,0,0,0,,,,1.0,0.0,,not_applicable_no_positive_reference
electricity,NFGA-LINEAR,True,44,proxy_robust_z,3.5,0.42797329156350133,0.0966033221209903,0.0638588521020044,42,results/stage6_nfga/predictions/electricity_nfga-linear_seed_44_proxy_robust_z.csv,0,0,42,0,0,0,,,,1.0,0.0,,not_applicable_no_positive_reference
electricity,NFGA-LINEAR,True,44,proxy_robust_z,4.0,0.4753118586267172,0.0966033221209903,0.0638588521020044,42,results/stage6_nfga/predictions/electricity_nfga-linear_seed_44_proxy_robust_z.csv,0,0,42,0,0,0,,,,1.0,0.0,,not_applicable_no_positive_reference
electricity,NFGA-LINEAR,True,44,proxy_robust_z,4.5,0.522650425689933,0.0966033221209903,0.0638588521020044,42,results/stage6_nfga/predictions/electricity_nfga-linear_seed_44_proxy_robust_z.csv,0,0,42,0,0,0,,,,1.0,0.0,,not_applicable_no_positive_reference
electricity,NFGA-LINEAR,True,44,proxy_robust_z,5.0,0.5699889927531488,0.0966033221209903,0.0638588521020044,42,results/stage6_nfga/predictions/electricity_nfga-linear_seed_44_proxy_robust_z.csv,0,0,42,0,0,0,,,,1.0,0.0,,not_applicable_no_positive_reference
electricity,NFGA-LINEAR,True,55,proxy_robust_z,2.0,0.28595759037385376,0.0966033221209903,0.0638588521020044,42,results/stage6_nfga/predictions/electricity_nfga-linear_seed_55_proxy_robust_z.csv,0,3,39,0,0,3,,,,0.9285714285714286,0.07142857142857142,,not_applicable_no_positive_reference
electricity,NFGA-LINEAR,True,55,proxy_robust_z,2.5,0.3332961574370696,0.0966033221209903,0.0638588521020044,42,results/stage6_nfga/predictions/electricity_nfga-linear_seed_55_proxy_robust_z.csv,0,1,41,0,0,1,,,,0.9761904761904762,0.023809523809523808,,not_applicable_no_positive_reference
electricity,NFGA-LINEAR,True,55,proxy_robust_z,3.0,0.38063472450028546,0.0966033221209903,0.0638588521020044,42,results/stage6_nfga/predictions/electricity_nfga-linear_seed_55_proxy_robust_z.csv,0,0,42,0,0,0,,,,1.0,0.0,,not_applicable_no_positive_reference
electricity,NFGA-LINEAR,True,55,proxy_robust_z,3.5,0.42797329156350133,0.0966033221209903,0.0638588521020044,42,results/stage6_nfga/predictions/electricity_nfga-linear_seed_55_proxy_robust_z.csv,0,0,42,0,0,0,,,,1.0,0.0,,not_applicable_no_positive_reference
electricity,NFGA-LINEAR,True,55,proxy_robust_z,4.0,0.4753118586267172,0.0966033221209903,0.0638588521020044,42,results/stage6_nfga/predictions/electricity_nfga-linear_seed_55_proxy_robust_z.csv,0,0,42,0,0,0,,,,1.0,0.0,,not_applicable_no_positive_reference
electricity,NFGA-LINEAR,True,55,proxy_robust_z,4.5,0.522650425689933,0.0966033221209903,0.0638588521020044,42,results/stage6_nfga/predictions/electricity_nfga-linear_seed_55_proxy_robust_z.csv,0,0,42,0,0,0,,,,1.0,0.0,,not_applicable_no_positive_reference
electricity,NFGA-LINEAR,True,55,proxy_robust_z,5.0,0.5699889927531488,0.0966033221209903,0.0638588521020044,42,results/stage6_nfga/predictions/electricity_nfga-linear_seed_55_proxy_robust_z.csv,0,0,42,0,0,0,,,,1.0,0.0,,not_applicable_no_positive_reference
electricity,NFGA-LINEAR,True,66,proxy_robust_z,2.0,0.28595759037385376,0.0966033221209903,0.0638588521020044,42,results/stage6_nfga/predictions/electricity_nfga-linear_seed_66_proxy_robust_z.csv,0,4,38,0,0,4,,,,0.9047619047619048,0.09523809523809523,,not_applicable_no_positive_reference
electricity,NFGA-LINEAR,True,66,proxy_robust_z,2.5,0.3332961574370696,0.0966033221209903,0.0638588521020044,42,results/stage6_nfga/predictions/electricity_nfga-linear_seed_66_proxy_robust_z.csv,0,2,40,0,0,2,,,,0.9523809523809523,0.047619047619047616,,not_applicable_no_positive_reference
electricity,NFGA-LINEAR,True,66,proxy_robust_z,3.0,0.38063472450028546,0.0966033221209903,0.0638588521020044,42,results/stage6_nfga/predictions/electricity_nfga-linear_seed_66_proxy_robust_z.csv,0,0,42,0,0,0,,,,1.0,0.0,,not_applicable_no_positive_reference
electricity,NFGA-LINEAR,True,66,proxy_robust_z,3.5,0.42797329156350133,0.0966033221209903,0.0638588521020044,42,results/stage6_nfga/predictions/electricity_nfga-linear_seed_66_proxy_robust_z.csv,0,0,42,0,0,0,,,,1.0,0.0,,not_applicable_no_positive_reference
electricity,NFGA-LINEAR,True,66,proxy_robust_z,4.0,0.4753118586267172,0.0966033221209903,0.0638588521020044,42,results/stage6_nfga/predictions/electricity_nfga-linear_seed_66_proxy_robust_z.csv,0,0,42,0,0,0,,,,1.0,0.0,,not_applicable_no_positive_reference
electricity,NFGA-LINEAR,True,66,proxy_robust_z,4.5,0.522650425689933,0.0966033221209903,0.0638588521020044,42,results/stage6_nfga/predictions/electricity_nfga-linear_seed_66_proxy_robust_z.csv,0,0,42,0,0,0,,,,1.0,0.0,,not_applicable_no_positive_reference
electricity,NFGA-LINEAR,True,66,proxy_robust_z,5.0,0.5699889927531488,0.0966033221209903,0.0638588521020044,42,results/stage6_nfga/predictions/electricity_nfga-linear_seed_66_proxy_robust_z.csv,0,0,42,0,0,0,,,,1.0,0.0,,not_applicable_no_positive_reference
electricity,NFGA-LINEAR,True,77,proxy_robust_z,2.0,0.28595759037385376,0.0966033221209903,0.0638588521020044,42,results/stage6_nfga/predictions/electricity_nfga-linear_seed_77_proxy_robust_z.csv,0,2,40,0,0,2,,,,0.9523809523809523,0.047619047619047616,,not_applicable_no_positive_reference
electricity,NFGA-LINEAR,True,77,proxy_robust_z,2.5,0.3332961574370696,0.0966033221209903,0.0638588521020044,42,results/stage6_nfga/predictions/electricity_nfga-linear_seed_77_proxy_robust_z.csv,0,1,41,0,0,1,,,,0.9761904761904762,0.023809523809523808,,not_applicable_no_positive_reference
electricity,NFGA-LINEAR,True,77,proxy_robust_z,3.0,0.38063472450028546,0.0966033221209903,0.0638588521020044,42,results/stage6_nfga/predictions/electricity_nfga-linear_seed_77_proxy_robust_z.csv,0,0,42,0,0,0,,,,1.0,0.0,,not_applicable_no_positive_reference
electricity,NFGA-LINEAR,True,77,proxy_robust_z,3.5,0.42797329156350133,0.0966033221209903,0.0638588521020044,42,results/stage6_nfga/predictions/electricity_nfga-linear_seed_77_proxy_robust_z.csv,0,0,42,0,0,0,,,,1.0,0.0,,not_applicable_no_positive_reference
electricity,NFGA-LINEAR,True,77,proxy_robust_z,4.0,0.4753118586267172,0.0966033221209903,0.0638588521020044,42,results/stage6_nfga/predictions/electricity_nfga-linear_seed_77_proxy_robust_z.csv,0,0,42,0,0,0,,,,1.0,0.0,,not_applicable_no_positive_reference
electricity,NFGA-LINEAR,True,77,proxy_robust_z,4.5,0.522650425689933,0.0966033221209903,0.0638588521020044,42,results/stage6_nfga/predictions/electricity_nfga-linear_seed_77_proxy_robust_z.csv,0,0,42,0,0,0,,,,1.0,0.0,,not_applicable_no_positive_reference
electricity,NFGA-LINEAR,True,77,proxy_robust_z,5.0,0.5699889927531488,0.0966033221209903,0.0638588521020044,42,results/stage6_nfga/predictions/electricity_nfga-linear_seed_77_proxy_robust_z.csv,0,0,42,0,0,0,,,,1.0,0.0,,not_applicable_no_positive_reference
electricity,NFGA-LINEAR,True,88,proxy_robust_z,2.0,0.28595759037385376,0.0966033221209903,0.0638588521020044,42,results/stage6_nfga/predictions/electricity_nfga-linear_seed_88_proxy_robust_z.csv,0,4,38,0,0,4,,,,0.9047619047619048,0.09523809523809523,,not_applicable_no_positive_reference
electricity,NFGA-LINEAR,True,88,proxy_robust_z,2.5,0.3332961574370696,0.0966033221209903,0.0638588521020044,42,results/stage6_nfga/predictions/electricity_nfga-linear_seed_88_proxy_robust_z.csv,0,2,40,0,0,2,,,,0.9523809523809523,0.047619047619047616,,not_applicable_no_positive_reference
electricity,NFGA-LINEAR,True,88,proxy_robust_z,3.0,0.38063472450028546,0.0966033221209903,0.0638588521020044,42,results/stage6_nfga/predictions/electricity_nfga-linear_seed_88_proxy_robust_z.csv,0,0,42,0,0,0,,,,1.0,0.0,,not_applicable_no_positive_reference
electricity,NFGA-LINEAR,True,88,proxy_robust_z,3.5,0.42797329156350133,0.0966033221209903,0.0638588521020044,42,results/stage6_nfga/predictions/electricity_nfga-linear_seed_88_proxy_robust_z.csv,0,0,42,0,0,0,,,,1.0,0.0,,not_applicable_no_positive_reference
electricity,NFGA-LINEAR,True,88,proxy_robust_z,4.0,0.4753118586267172,0.0966033221209903,0.0638588521020044,42,results/stage6_nfga/predictions/electricity_nfga-linear_seed_88_proxy_robust_z.csv,0,0,42,0,0,0,,,,1.0,0.0,,not_applicable_no_positive_reference
electricity,NFGA-LINEAR,True,88,proxy_robust_z,4.5,0.522650425689933,0.0966033221209903,0.0638588521020044,42,results/stage6_nfga/predictions/electricity_nfga-linear_seed_88_proxy_robust_z.csv,0,0,42,0,0,0,,,,1.0,0.0,,not_applicable_no_positive_reference
electricity,NFGA-LINEAR,True,88,proxy_robust_z,5.0,0.5699889927531488,0.0966033221209903,0.0638588521020044,42,results/stage6_nfga/predictions/electricity_nfga-linear_seed_88_proxy_robust_z.csv,0,0,42,0,0,0,,,,1.0,0.0,,not_applicable_no_positive_reference
electricity,NFGA-LINEAR,True,99,proxy_robust_z,2.0,0.28595759037385376,0.0966033221209903,0.0638588521020044,42,results/stage6_nfga/predictions/electricity_nfga-linear_seed_99_proxy_robust_z.csv,0,4,38,0,0,4,,,,0.9047619047619048,0.09523809523809523,,not_applicable_no_positive_reference
electricity,NFGA-LINEAR,True,99,proxy_robust_z,2.5,0.3332961574370696,0.0966033221209903,0.0638588521020044,42,results/stage6_nfga/predictions/electricity_nfga-linear_seed_99_proxy_robust_z.csv,0,2,40,0,0,2,,,,0.9523809523809523,0.047619047619047616,,not_applicable_no_positive_reference
electricity,NFGA-LINEAR,True,99,proxy_robust_z,3.0,0.38063472450028546,0.0966033221209903,0.0638588521020044,42,results/stage6_nfga/predictions/electricity_nfga-linear_seed_99_proxy_robust_z.csv,0,0,42,0,0,0,,,,1.0,0.0,,not_applicable_no_positive_reference
electricity,NFGA-LINEAR,True,99,proxy_robust_z,3.5,0.42797329156350133,0.0966033221209903,0.0638588521020044,42,results/stage6_nfga/predictions/electricity_nfga-linear_seed_99_proxy_robust_z.csv,0,0,42,0,0,0,,,,1.0,0.0,,not_applicable_no_positive_reference
electricity,NFGA-LINEAR,True,99,proxy_robust_z,4.0,0.4753118586267172,0.0966033221209903,0.0638588521020044,42,results/stage6_nfga/predictions/electricity_nfga-linear_seed_99_proxy_robust_z.csv,0,0,42,0,0,0,,,,1.0,0.0,,not_applicable_no_positive_reference
electricity,NFGA-LINEAR,True,99,proxy_robust_z,4.5,0.522650425689933,0.0966033221209903,0.0638588521020044,42,results/stage6_nfga/predictions/electricity_nfga-linear_seed_99_proxy_robust_z.csv,0,0,42,0,0,0,,,,1.0,0.0,,not_applicable_no_positive_reference
electricity,NFGA-LINEAR,True,99,proxy_robust_z,5.0,0.5699889927531488,0.0966033221209903,0.0638588521020044,42,results/stage6_nfga/predictions/electricity_nfga-linear_seed_99_proxy_robust_z.csv,0,0,42,0,0,0,,,,1.0,0.0,,not_applicable_no_positive_reference
