dataset,model,scenario,k_mad,n_runs,n_reference_anomalies,threshold,n_detected_mean,n_detected_std,Precision_mean,Precision_std,Recall_mean,Recall_std,F1_mean,F1_std,Specificity_mean,FalsePositiveRate_mean,BalancedAccuracy_mean,metric_status,baseline_F1_mean,baseline_FalsePositiveRate_mean,F1_change_vs_baseline,FalsePositiveRate_change_vs_baseline
cholera,ARIMA,injected_10pct,2.0,1,8,752.5222520227669,13.0,,0.3076923076923077,,0.5,,0.38095238095238093,,0.881578947368421,0.11842105263157894,0.6907894736842105,applicable,0.3,0.11842105263157894,0.08095238095238094,0.0
cholera,ARIMA,injected_10pct,2.5,1,8,888.4920712942305,12.0,,0.25,,0.375,,0.3,,0.881578947368421,0.11842105263157894,0.6282894736842105,applicable,0.3,0.11842105263157894,0.0,0.0
cholera,ARIMA,injected_10pct,3.0,1,8,1024.4618905656941,12.0,,0.25,,0.375,,0.3,,0.881578947368421,0.11842105263157894,0.6282894736842105,applicable,0.3,0.11842105263157894,0.0,0.0
cholera,ARIMA,injected_10pct,3.5,1,8,1160.4317098371575,12.0,,0.25,,0.375,,0.3,,0.881578947368421,0.11842105263157894,0.6282894736842105,applicable,0.3,0.11842105263157894,0.0,0.0
cholera,ARIMA,injected_10pct,4.0,1,8,1296.4015291086212,11.0,,0.2727272727272727,,0.375,,0.3157894736842105,,0.8947368421052632,0.10526315789473684,0.6348684210526316,applicable,0.3,0.11842105263157894,0.01578947368421052,-0.013157894736842105
cholera,ARIMA,injected_10pct,4.5,1,8,1432.3713483800848,11.0,,0.2727272727272727,,0.375,,0.3157894736842105,,0.8947368421052632,0.10526315789473684,0.6348684210526316,applicable,0.3,0.11842105263157894,0.01578947368421052,-0.013157894736842105
cholera,ARIMA,injected_10pct,5.0,1,8,1568.3411676515484,9.0,,0.3333333333333333,,0.375,,0.35294117647058826,,0.9210526315789473,0.07894736842105263,0.6480263157894737,applicable,0.3,0.11842105263157894,0.05294117647058827,-0.039473684210526314
cholera,ARIMA,injected_5pct,2.0,1,4,752.5222520227669,17.0,,0.23529411764705882,,1.0,,0.38095238095238093,,0.8375,0.1625,0.91875,applicable,0.38095238095238093,0.1625,0.0,0.0
cholera,ARIMA,injected_5pct,2.5,1,4,888.4920712942305,17.0,,0.23529411764705882,,1.0,,0.38095238095238093,,0.8375,0.1625,0.91875,applicable,0.38095238095238093,0.1625,0.0,0.0
cholera,ARIMA,injected_5pct,3.0,1,4,1024.4618905656941,17.0,,0.23529411764705882,,1.0,,0.38095238095238093,,0.8375,0.1625,0.91875,applicable,0.38095238095238093,0.1625,0.0,0.0
cholera,ARIMA,injected_5pct,3.5,1,4,1160.4317098371575,17.0,,0.23529411764705882,,1.0,,0.38095238095238093,,0.8375,0.1625,0.91875,applicable,0.38095238095238093,0.1625,0.0,0.0
cholera,ARIMA,injected_5pct,4.0,1,4,1296.4015291086212,17.0,,0.23529411764705882,,1.0,,0.38095238095238093,,0.8375,0.1625,0.91875,applicable,0.38095238095238093,0.1625,0.0,0.0
cholera,ARIMA,injected_5pct,4.5,1,4,1432.3713483800848,17.0,,0.23529411764705882,,1.0,,0.38095238095238093,,0.8375,0.1625,0.91875,applicable,0.38095238095238093,0.1625,0.0,0.0
cholera,ARIMA,injected_5pct,5.0,1,4,1568.3411676515484,17.0,,0.23529411764705882,,1.0,,0.38095238095238093,,0.8375,0.1625,0.91875,applicable,0.38095238095238093,0.1625,0.0,0.0
cholera,ARIMA,proxy_robust_z,2.0,1,0,752.5222520227669,0.0,,,,,,,,1.0,0.0,,not_applicable_no_positive_reference,,0.0,,0.0
cholera,ARIMA,proxy_robust_z,2.5,1,0,888.4920712942305,0.0,,,,,,,,1.0,0.0,,not_applicable_no_positive_reference,,0.0,,0.0
cholera,ARIMA,proxy_robust_z,3.0,1,0,1024.4618905656941,0.0,,,,,,,,1.0,0.0,,not_applicable_no_positive_reference,,0.0,,0.0
cholera,ARIMA,proxy_robust_z,3.5,1,0,1160.4317098371575,0.0,,,,,,,,1.0,0.0,,not_applicable_no_positive_reference,,0.0,,0.0
cholera,ARIMA,proxy_robust_z,4.0,1,0,1296.4015291086212,0.0,,,,,,,,1.0,0.0,,not_applicable_no_positive_reference,,0.0,,0.0
cholera,ARIMA,proxy_robust_z,4.5,1,0,1432.3713483800848,0.0,,,,,,,,1.0,0.0,,not_applicable_no_positive_reference,,0.0,,0.0
cholera,ARIMA,proxy_robust_z,5.0,1,0,1568.3411676515484,0.0,,,,,,,,1.0,0.0,,not_applicable_no_positive_reference,,0.0,,0.0
cholera,LSTM,injected_10pct,2.0,10,8,77.71765077285767,55.8,15.222789932641563,0.12344176100341701,0.03512617209538668,0.8125,0.10622957319984969,0.21286793606867369,0.054105901838974096,0.3513157894736842,0.6486842105263158,0.5819078947368421,applicable,0.24776979170173527,0.5131578947368421,-0.034901855633061585,0.1355263157894736
cholera,LSTM,injected_10pct,2.5,10,8,89.67786190128326,52.1,14.999629625057043,0.13103950627129185,0.037492216755492414,0.8,0.10540925533894598,0.22368707076829702,0.05785126372471655,0.3986842105263158,0.6013157894736841,0.5993421052631579,applicable,0.24776979170173527,0.5131578947368421,-0.024082720933438245,0.08815789473684199
cholera,LSTM,injected_10pct,3.0,10,8,101.63807302970886,48.4,14.622661256495762,0.13874331942987914,0.0342995046790011,0.7875,0.08436856971381912,0.234308081343712,0.051779750514241905,0.4460526315789474,0.5539473684210526,0.6167763157894737,applicable,0.24776979170173527,0.5131578947368421,-0.013461710358023266,0.04078947368421049
cholera,LSTM,injected_10pct,3.5,10,8,113.59828415813446,45.3,13.760248705762715,0.14811731511731513,0.03611712762750384,0.7875,0.08436856971381912,0.24776979170173527,0.054590754980653744,0.48684210526315785,0.5131578947368421,0.6371710526315789,applicable,0.24776979170173527,0.5131578947368421,0.0,0.0
cholera,LSTM,injected_10pct,4.0,10,8,125.55849528656006,41.3,10.842816362304891,0.15980228302218727,0.03468117304825685,0.7875,0.08436856971381912,0.26437878903027195,0.051766829183747684,0.5394736842105263,0.46052631578947373,0.6634868421052632,applicable,0.24776979170173527,0.5131578947368421,0.016608997328536684,-0.05263157894736842
cholera,LSTM,injected_10pct,4.5,10,8,137.51870641498564,39.2,8.966604708583958,0.16658763312480857,0.033167727958068584,0.7875,0.08436856971381912,0.2738923253334996,0.04918686670185732,0.5671052631578947,0.43289473684210533,0.6773026315789474,applicable,0.24776979170173527,0.5131578947368421,0.02612253363176434,-0.08026315789473681
cholera,LSTM,injected_10pct,5.0,10,8,149.47891754341126,36.9,6.314885412877874,0.17141149089969282,0.02665596419164572,0.775,0.07905694150420949,0.2799324477740063,0.03903730124178165,0.5960526315789474,0.40394736842105267,0.6855263157894738,applicable,0.24776979170173527,0.5131578947368421,0.032162656072271006,-0.10921052631578948
cholera,LSTM,injected_5pct,2.0,10,4,77.71765077285767,64.2,9.693067396627116,0.06364684814923674,0.009967989325325869,1.0,0.0,0.11952859735056283,0.017554641533045822,0.2475,0.7525,0.62375,applicable,0.13601021724100815,0.65625,-0.016481619890445318,0.09624999999999995
cholera,LSTM,injected_5pct,2.5,10,4,89.67786190128326,61.4,10.813571719526038,0.06703199866183314,0.012042482879552577,1.0,0.0,0.12542781608161988,0.02108412288555855,0.28250000000000003,0.7175,0.64125,applicable,0.13601021724100815,0.65625,-0.010582401159388272,0.06125000000000003
cholera,LSTM,injected_5pct,3.0,10,4,101.63807302970886,58.8,11.573917035971684,0.07034476554185749,0.013261592715715921,1.0,0.0,0.13118493083353794,0.02316157577215633,0.315,0.6849999999999999,0.6575,applicable,0.13601021724100815,0.65625,-0.004825286407470208,0.028749999999999942
cholera,LSTM,injected_5pct,3.5,10,4,113.59828415813446,56.5,11.088031585653264,0.07311626639161795,0.013313910783369432,1.0,0.0,0.13601021724100815,0.02318158324715168,0.34375,0.65625,0.671875,applicable,0.13601021724100815,0.65625,0.0,0.0
cholera,LSTM,injected_5pct,4.0,10,4,125.55849528656006,54.5,10.690078473883052,0.07575085548796265,0.013491942043173152,1.0,0.0,0.140569075928959,0.02342334809485549,0.36875,0.63125,0.684375,applicable,0.13601021724100815,0.65625,0.004558858687950862,-0.025000000000000022
cholera,LSTM,injected_5pct,4.5,10,4,137.51870641498564,52.2,9.840957496323437,0.0788961183689888,0.013543156572241925,1.0,0.0,0.14598947972949095,0.023363615817273854,0.3975,0.6024999999999999,0.69875,applicable,0.13601021724100815,0.65625,0.009979262488482799,-0.053750000000000075
cholera,LSTM,injected_5pct,5.0,10,4,149.47891754341126,50.5,9.082951062292475,0.08133148297840254,0.013304074599194903,1.0,0.0,0.15017542330033204,0.02284815498548598,0.41875,0.58125,0.709375,applicable,0.13601021724100815,0.65625,0.014165206059323893,-0.07499999999999996
cholera,LSTM,proxy_robust_z,2.0,10,0,77.71765077285767,51.5,16.399525738400012,,,,,,,0.3869047619047619,0.6130952380952381,,not_applicable_no_positive_reference,,0.4321428571428571,,0.18095238095238103
cholera,LSTM,proxy_robust_z,2.5,10,0,89.67786190128326,46.1,17.297719824043607,,,,,,,0.4511904761904762,0.5488095238095239,,not_applicable_no_positive_reference,,0.4321428571428571,,0.11666666666666675
cholera,LSTM,proxy_robust_z,3.0,10,0,101.63807302970886,41.0,16.852299546352715,,,,,,,0.5119047619047619,0.48809523809523814,,not_applicable_no_positive_reference,,0.4321428571428571,,0.05595238095238103
cholera,LSTM,proxy_robust_z,3.5,10,0,113.59828415813446,36.3,15.195394038984313,,,,,,,0.5678571428571428,0.4321428571428571,,not_applicable_no_positive_reference,,0.4321428571428571,,0.0
cholera,LSTM,proxy_robust_z,4.0,10,0,125.55849528656006,31.6,13.082643293904928,,,,,,,0.6238095238095238,0.3761904761904762,,not_applicable_no_positive_reference,,0.4321428571428571,,-0.05595238095238092
cholera,LSTM,proxy_robust_z,4.5,10,0,137.51870641498564,27.5,11.616559062151083,,,,,,,0.6726190476190477,0.3273809523809524,,not_applicable_no_positive_reference,,0.4321428571428571,,-0.10476190476190472
cholera,LSTM,proxy_robust_z,5.0,10,0,149.47891754341126,24.0,9.213516640723501,,,,,,,0.7142857142857143,0.2857142857142857,,not_applicable_no_positive_reference,,0.4321428571428571,,-0.1464285714285714
cholera,NFGA-Core,injected_10pct,2.0,10,8,705.4684941582425,13.1,13.34541119636259,0.5151901669758813,0.29397711242271346,0.575,0.21408720964441882,0.4996778805989332,0.20888208519385984,0.8881578947368421,0.1118421052631579,0.7315789473684211,applicable,0.5542779588832221,0.03289473684210526,-0.05460007828428887,0.07894736842105263
cholera,NFGA-Core,injected_10pct,2.5,10,8,735.4983282659122,11.6,11.587349423689037,0.5378571428571428,0.2937975823596115,0.5375,0.22087263801164286,0.4916358543417367,0.1986746129595667,0.9039473684210526,0.09605263157894736,0.7207236842105262,applicable,0.5542779588832221,0.03289473684210526,-0.06264210454148539,0.06315789473684211
cholera,NFGA-Core,injected_10pct,3.0,10,8,765.5281623735818,9.5,8.514693182963201,0.574882081865004,0.2834409921218687,0.5,0.22047927592204922,0.48660406260406264,0.17274644322368898,0.9276315789473685,0.07236842105263157,0.7138157894736843,applicable,0.5542779588832221,0.03289473684210526,-0.06767389627915943,0.03947368421052631
cholera,NFGA-Core,injected_10pct,3.5,10,8,795.5579964812515,6.5,3.24037034920393,0.6866375291375292,0.24665282347372974,0.5,0.22047927592204922,0.5542779588832221,0.19079147825170048,0.9671052631578947,0.03289473684210526,0.7335526315789475,applicable,0.5542779588832221,0.03289473684210526,0.0,0.0
cholera,NFGA-Core,injected_10pct,4.0,10,8,825.5878305889212,5.8,2.573367875415838,0.7581060606060606,0.26816280677920273,0.5,0.22047927592204922,0.5814665597560335,0.21402788590939256,0.9763157894736842,0.023684210526315787,0.7381578947368421,applicable,0.5542779588832221,0.03289473684210526,0.027188600872811386,-0.009210526315789475
cholera,NFGA-Core,injected_10pct,4.5,10,8,855.617664696591,5.4,2.3190036174568114,0.7725,0.2561602146227153,0.475,0.18446619684315546,0.570510323010323,0.1904556992309446,0.9789473684210526,0.021052631578947368,0.7269736842105263,applicable,0.5542779588832221,0.03289473684210526,0.01623236412710094,-0.011842105263157893
cholera,NFGA-Core,injected_10pct,5.0,10,8,885.6474988042605,5.1,2.1317702607092643,0.8008333333333333,0.2589285258164528,0.4625,0.15645819462932156,0.5693975142504554,0.17117409757568566,0.9815789473684211,0.018421052631578946,0.7220394736842105,applicable,0.5542779588832221,0.03289473684210526,0.015119555367233306,-0.014473684210526316
cholera,NFGA-Core,injected_5pct,2.0,10,4,705.4684941582425,20.0,15.275252316519467,0.3788904428904429,0.34796370391505255,1.0,0.0,0.4798463533897884,0.31034277736361093,0.8,0.2,0.9,applicable,0.550952380952381,0.14625,-0.07110602756259254,0.05375000000000002
cholera,NFGA-Core,injected_5pct,2.5,10,4,735.4983282659122,18.3,14.981840860039714,0.3976767676767677,0.3389591069676496,1.0,0.0,0.5045017129762892,0.2995888755501044,0.82125,0.17875000000000002,0.9106249999999999,applicable,0.550952380952381,0.14625,-0.046450667976091764,0.03250000000000003
cholera,NFGA-Core,injected_5pct,3.0,10,4,765.5281623735818,17.3,14.29879559807593,0.4119780219780219,0.33387268909309514,1.0,0.0,0.5216825396825396,0.2949675440108967,0.83375,0.16625,0.9168749999999999,applicable,0.550952380952381,0.14625,-0.029269841269841335,0.020000000000000018
cholera,NFGA-Core,injected_5pct,3.5,10,4,795.5579964812515,15.7,12.490440789304078,0.4387878787878788,0.3284142705000108,1.0,0.0,0.550952380952381,0.2918395449212526,0.85375,0.14625,0.9268750000000001,applicable,0.550952380952381,0.14625,0.0,0.0
cholera,NFGA-Core,injected_5pct,4.0,10,4,825.5878305889212,14.5,10.9671225842414,0.45606463651961027,0.3250317135368646,1.0,0.0,0.5696096496096497,0.28728445992761825,0.86875,0.13125,0.934375,applicable,0.550952380952381,0.14625,0.01865726865726869,-0.014999999999999986
cholera,NFGA-Core,injected_5pct,4.5,10,4,855.617664696591,12.9,8.812238963825003,0.4813564213564213,0.32055871925657903,1.0,0.0,0.5961895122421439,0.27958582004003546,0.8887499999999999,0.11125,0.944375,applicable,0.550952380952381,0.14625,0.04523713128976292,-0.03499999999999999
cholera,NFGA-Core,injected_5pct,5.0,10,4,885.6474988042605,11.2,7.146094504459528,0.5149379859906176,0.3081342117832586,1.0,0.0,0.6321884764851516,0.26351864372347733,0.9099999999999999,0.09,0.9550000000000001,applicable,0.550952380952381,0.14625,0.08123609553277067,-0.056249999999999994
cholera,NFGA-Core,proxy_robust_z,2.0,10,0,705.4684941582425,15.5,17.456294630368216,,,,,,,0.8154761904761905,0.18452380952380953,,not_applicable_no_positive_reference,,0.08928571428571427,,0.09523809523809526
cholera,NFGA-Core,proxy_robust_z,2.5,10,0,735.4983282659122,13.8,15.67588381346753,,,,,,,0.8357142857142857,0.16428571428571428,,not_applicable_no_positive_reference,,0.08928571428571427,,0.07500000000000001
cholera,NFGA-Core,proxy_robust_z,3.0,10,0,765.5281623735818,11.5,13.874436925511608,,,,,,,0.8630952380952381,0.13690476190476192,,not_applicable_no_positive_reference,,0.08928571428571427,,0.047619047619047644
cholera,NFGA-Core,proxy_robust_z,3.5,10,0,795.5579964812515,7.5,11.306340404097753,,,,,,,0.9107142857142858,0.08928571428571427,,not_applicable_no_positive_reference,,0.08928571428571427,,0.0
cholera,NFGA-Core,proxy_robust_z,4.0,10,0,825.5878305889212,6.1,10.877601859887235,,,,,,,0.9273809523809524,0.07261904761904762,,not_applicable_no_positive_reference,,0.08928571428571427,,-0.01666666666666665
cholera,NFGA-Core,proxy_robust_z,4.5,10,0,855.617664696591,5.1,9.643074659510258,,,,,,,0.9392857142857143,0.06071428571428572,,not_applicable_no_positive_reference,,0.08928571428571427,,-0.028571428571428553
cholera,NFGA-Core,proxy_robust_z,5.0,10,0,885.6474988042605,4.5,8.934950102453474,,,,,,,0.9464285714285715,0.05357142857142857,,not_applicable_no_positive_reference,,0.08928571428571427,,-0.035714285714285705
cholera,NFGA-LINEAR,injected_10pct,2.0,10,8,348.7255867548215,8.8,0.7888106377466154,0.45777777777777773,0.040164271738447284,0.5,0.0,0.4771241830065359,0.022110874869481968,0.9368421052631579,0.06315789473684211,0.718421052631579,applicable,0.5078431372549019,0.05,-0.030718954248366015,0.013157894736842105
cholera,NFGA-LINEAR,injected_10pct,2.5,10,8,372.4316056093643,8.4,1.0749676997731399,0.4836507936507936,0.06503439750703077,0.5,0.0,0.4897385620915033,0.03281605555972624,0.9421052631578947,0.05789473684210526,0.7210526315789474,applicable,0.5078431372549019,0.05,-0.01810457516339864,0.00789473684210526
cholera,NFGA-LINEAR,injected_10pct,3.0,10,8,396.13762446390706,8.2,1.1352924243950933,0.4963492063492064,0.06881582451639791,0.5,0.0,0.4960130718954249,0.034692483740681575,0.9447368421052632,0.055263157894736833,0.7223684210526315,applicable,0.5078431372549019,0.05,-0.01183006535947706,0.005263157894736831
cholera,NFGA-LINEAR,injected_10pct,3.5,10,8,419.84364331844984,7.8,0.9189365834726815,0.519047619047619,0.05882303538491976,0.5,0.0,0.5078431372549019,0.028935874014612624,0.95,0.05,0.725,applicable,0.5078431372549019,0.05,0.0,0.0
cholera,NFGA-LINEAR,injected_10pct,4.0,10,8,443.5496621729926,7.7,0.8232726023485646,0.5246031746031746,0.05336445090368111,0.5,0.0,0.5107843137254902,0.02608244436501296,0.9513157894736842,0.04868421052631579,0.7256578947368421,applicable,0.5078431372549019,0.05,0.002941176470588225,-0.0013157894736842146
cholera,NFGA-LINEAR,injected_10pct,4.5,10,8,467.2556810275354,7.5,0.7071067811865475,0.5373015873015873,0.04688589043727595,0.5,0.0,0.5170588235294118,0.022660989405939004,0.9539473684210525,0.046052631578947366,0.7269736842105263,applicable,0.5078431372549019,0.05,0.00921568627450986,-0.003947368421052637
cholera,NFGA-LINEAR,injected_10pct,5.0,10,8,490.96169988207816,7.3,0.4830458915396479,0.55,0.0345032779671177,0.5,0.0,0.5233333333333333,0.016101529717988245,0.9565789473684211,0.043421052631578944,0.7282894736842105,applicable,0.5078431372549019,0.05,0.015490196078431384,-0.006578947368421059
cholera,NFGA-LINEAR,injected_5pct,2.0,10,4,348.7255867548215,9.9,0.7378647873726218,0.40606060606060607,0.030190588244390408,1.0,0.0,0.576996336996337,0.030530304794647724,0.9262499999999999,0.07375,0.963125,applicable,0.6278388278388278,0.06,-0.05084249084249082,0.013749999999999998
cholera,NFGA-LINEAR,injected_5pct,2.5,10,4,372.4316056093643,9.3,1.05934990547138,0.4352525252525252,0.05038245502237866,1.0,0.0,0.6049816849816849,0.04861216677692072,0.9337500000000001,0.06625,0.9668749999999999,applicable,0.6278388278388278,0.06,-0.02285714285714291,0.0062500000000000056
cholera,NFGA-LINEAR,injected_5pct,3.0,10,4,396.13762446390706,9.1,0.994428926011753,0.4444444444444445,0.049690399499995305,1.0,0.0,0.6139194139194138,0.047326990165081885,0.93625,0.06375,0.968125,applicable,0.6278388278388278,0.06,-0.013919413919413981,0.0037500000000000033
cholera,NFGA-LINEAR,injected_5pct,3.5,10,4,419.84364331844984,8.8,0.9189365834726814,0.45888888888888885,0.0462740687381792,1.0,0.0,0.6278388278388278,0.04396282677283551,0.9400000000000001,0.06,0.97,applicable,0.6278388278388278,0.06,0.0,0.0
cholera,NFGA-LINEAR,injected_5pct,4.0,10,4,443.5496621729926,8.7,0.8232726023485646,0.46333333333333326,0.04191898908717308,1.0,0.0,0.6322344322344322,0.03968535727763565,0.9412499999999999,0.058750000000000004,0.9706250000000001,applicable,0.6278388278388278,0.06,0.00439560439560438,-0.0012499999999999942
cholera,NFGA-LINEAR,injected_5pct,4.5,10,4,467.2556810275354,8.4,0.5163977794943222,0.47777777777777775,0.02868876552746236,1.0,0.0,0.6461538461538462,0.026481937409965187,0.945,0.05500000000000001,0.9724999999999999,applicable,0.6278388278388278,0.06,0.01831501831501836,-0.0049999999999999906
cholera,NFGA-LINEAR,injected_5pct,5.0,10,4,490.96169988207816,8.2,0.42163702135578385,0.48888888888888893,0.02342427896421023,1.0,0.0,0.6564102564102564,0.021622411351578642,0.9475,0.052500000000000005,0.9737500000000001,applicable,0.6278388278388278,0.06,0.02857142857142858,-0.007499999999999993
cholera,NFGA-LINEAR,proxy_robust_z,2.0,10,0,348.7255867548215,1.9,0.9944289260117531,,,,,,,0.9773809523809524,0.022619047619047615,,not_applicable_no_positive_reference,,0.009523809523809523,,0.013095238095238092
cholera,NFGA-LINEAR,proxy_robust_z,2.5,10,0,372.4316056093643,1.5,1.2692955176439846,,,,,,,0.9821428571428571,0.017857142857142856,,not_applicable_no_positive_reference,,0.009523809523809523,,0.008333333333333333
cholera,NFGA-LINEAR,proxy_robust_z,3.0,10,0,396.13762446390706,1.1,1.1005049346146119,,,,,,,0.9869047619047618,0.013095238095238094,,not_applicable_no_positive_reference,,0.009523809523809523,,0.003571428571428571
cholera,NFGA-LINEAR,proxy_robust_z,3.5,10,0,419.84364331844984,0.8,0.9189365834726815,,,,,,,0.9904761904761905,0.009523809523809523,,not_applicable_no_positive_reference,,0.009523809523809523,,0.0
cholera,NFGA-LINEAR,proxy_robust_z,4.0,10,0,443.5496621729926,0.8,0.9189365834726815,,,,,,,0.9904761904761905,0.009523809523809523,,not_applicable_no_positive_reference,,0.009523809523809523,,0.0
cholera,NFGA-LINEAR,proxy_robust_z,4.5,10,0,467.2556810275354,0.5,0.7071067811865476,,,,,,,0.994047619047619,0.005952380952380952,,not_applicable_no_positive_reference,,0.009523809523809523,,-0.003571428571428571
cholera,NFGA-LINEAR,proxy_robust_z,5.0,10,0,490.96169988207816,0.4,0.6992058987801011,,,,,,,0.9952380952380953,0.0047619047619047615,,not_applicable_no_positive_reference,,0.009523809523809523,,-0.0047619047619047615
cholera,Persistence,injected_10pct,2.0,1,8,708.4621999999999,7.0,,0.5714285714285714,,0.5,,0.5333333333333333,,0.9605263157894737,0.039473684210526314,0.7302631578947368,applicable,0.46153846153846156,0.02631578947368421,0.07179487179487176,0.013157894736842105
cholera,Persistence,injected_10pct,2.5,1,8,837.0777499999999,7.0,,0.5714285714285714,,0.5,,0.5333333333333333,,0.9605263157894737,0.039473684210526314,0.7302631578947368,applicable,0.46153846153846156,0.02631578947368421,0.07179487179487176,0.013157894736842105
cholera,Persistence,injected_10pct,3.0,1,8,965.6933,6.0,,0.5,,0.375,,0.42857142857142855,,0.9605263157894737,0.039473684210526314,0.6677631578947368,applicable,0.46153846153846156,0.02631578947368421,-0.032967032967033016,0.013157894736842105
cholera,Persistence,injected_10pct,3.5,1,8,1094.30885,5.0,,0.6,,0.375,,0.46153846153846156,,0.9736842105263158,0.02631578947368421,0.674342105263158,applicable,0.46153846153846156,0.02631578947368421,0.0,0.0
cholera,Persistence,injected_10pct,4.0,1,8,1222.9243999999999,5.0,,0.6,,0.375,,0.46153846153846156,,0.9736842105263158,0.02631578947368421,0.674342105263158,applicable,0.46153846153846156,0.02631578947368421,0.0,0.0
cholera,Persistence,injected_10pct,4.5,1,8,1351.5399499999999,5.0,,0.6,,0.375,,0.46153846153846156,,0.9736842105263158,0.02631578947368421,0.674342105263158,applicable,0.46153846153846156,0.02631578947368421,0.0,0.0
cholera,Persistence,injected_10pct,5.0,1,8,1480.1554999999998,5.0,,0.6,,0.375,,0.46153846153846156,,0.9736842105263158,0.02631578947368421,0.674342105263158,applicable,0.46153846153846156,0.02631578947368421,0.0,0.0
cholera,Persistence,injected_5pct,2.0,1,4,708.4621999999999,8.0,,0.5,,1.0,,0.6666666666666666,,0.95,0.05,0.975,applicable,0.6666666666666666,0.05,0.0,0.0
cholera,Persistence,injected_5pct,2.5,1,4,837.0777499999999,8.0,,0.5,,1.0,,0.6666666666666666,,0.95,0.05,0.975,applicable,0.6666666666666666,0.05,0.0,0.0
cholera,Persistence,injected_5pct,3.0,1,4,965.6933,8.0,,0.5,,1.0,,0.6666666666666666,,0.95,0.05,0.975,applicable,0.6666666666666666,0.05,0.0,0.0
cholera,Persistence,injected_5pct,3.5,1,4,1094.30885,8.0,,0.5,,1.0,,0.6666666666666666,,0.95,0.05,0.975,applicable,0.6666666666666666,0.05,0.0,0.0
cholera,Persistence,injected_5pct,4.0,1,4,1222.9243999999999,8.0,,0.5,,1.0,,0.6666666666666666,,0.95,0.05,0.975,applicable,0.6666666666666666,0.05,0.0,0.0
cholera,Persistence,injected_5pct,4.5,1,4,1351.5399499999999,8.0,,0.5,,1.0,,0.6666666666666666,,0.95,0.05,0.975,applicable,0.6666666666666666,0.05,0.0,0.0
cholera,Persistence,injected_5pct,5.0,1,4,1480.1554999999998,8.0,,0.5,,1.0,,0.6666666666666666,,0.95,0.05,0.975,applicable,0.6666666666666666,0.05,0.0,0.0
cholera,Persistence,proxy_robust_z,2.0,1,0,708.4621999999999,0.0,,,,,,,,1.0,0.0,,not_applicable_no_positive_reference,,0.0,,0.0
cholera,Persistence,proxy_robust_z,2.5,1,0,837.0777499999999,0.0,,,,,,,,1.0,0.0,,not_applicable_no_positive_reference,,0.0,,0.0
cholera,Persistence,proxy_robust_z,3.0,1,0,965.6933,0.0,,,,,,,,1.0,0.0,,not_applicable_no_positive_reference,,0.0,,0.0
cholera,Persistence,proxy_robust_z,3.5,1,0,1094.30885,0.0,,,,,,,,1.0,0.0,,not_applicable_no_positive_reference,,0.0,,0.0
cholera,Persistence,proxy_robust_z,4.0,1,0,1222.9243999999999,0.0,,,,,,,,1.0,0.0,,not_applicable_no_positive_reference,,0.0,,0.0
cholera,Persistence,proxy_robust_z,4.5,1,0,1351.5399499999999,0.0,,,,,,,,1.0,0.0,,not_applicable_no_positive_reference,,0.0,,0.0
cholera,Persistence,proxy_robust_z,5.0,1,0,1480.1554999999998,0.0,,,,,,,,1.0,0.0,,not_applicable_no_positive_reference,,0.0,,0.0
cholera,SeasonalNaive,injected_10pct,2.0,1,8,10838.6152,3.0,,1.0,,0.375,,0.5454545454545454,,1.0,0.0,0.6875,applicable,0.4,0.0,0.1454545454545454,0.0
cholera,SeasonalNaive,injected_10pct,2.5,1,8,12785.268999999998,3.0,,1.0,,0.375,,0.5454545454545454,,1.0,0.0,0.6875,applicable,0.4,0.0,0.1454545454545454,0.0
cholera,SeasonalNaive,injected_10pct,3.0,1,8,14731.9228,2.0,,1.0,,0.25,,0.4,,1.0,0.0,0.625,applicable,0.4,0.0,0.0,0.0
cholera,SeasonalNaive,injected_10pct,3.5,1,8,16678.5766,2.0,,1.0,,0.25,,0.4,,1.0,0.0,0.625,applicable,0.4,0.0,0.0,0.0
cholera,SeasonalNaive,injected_10pct,4.0,1,8,18625.2304,0.0,,0.0,,0.0,,0.0,,1.0,0.0,0.5,applicable,0.4,0.0,-0.4,0.0
cholera,SeasonalNaive,injected_10pct,4.5,1,8,20571.8842,0.0,,0.0,,0.0,,0.0,,1.0,0.0,0.5,applicable,0.4,0.0,-0.4,0.0
cholera,SeasonalNaive,injected_10pct,5.0,1,8,22518.537999999997,0.0,,0.0,,0.0,,0.0,,1.0,0.0,0.5,applicable,0.4,0.0,-0.4,0.0
cholera,SeasonalNaive,injected_5pct,2.0,1,4,10838.6152,4.0,,1.0,,1.0,,1.0,,1.0,0.0,1.0,applicable,0.6666666666666666,0.0,0.33333333333333337,0.0
cholera,SeasonalNaive,injected_5pct,2.5,1,4,12785.268999999998,3.0,,1.0,,0.75,,0.8571428571428571,,1.0,0.0,0.875,applicable,0.6666666666666666,0.0,0.19047619047619047,0.0
cholera,SeasonalNaive,injected_5pct,3.0,1,4,14731.9228,2.0,,1.0,,0.5,,0.6666666666666666,,1.0,0.0,0.75,applicable,0.6666666666666666,0.0,0.0,0.0
cholera,SeasonalNaive,injected_5pct,3.5,1,4,16678.5766,2.0,,1.0,,0.5,,0.6666666666666666,,1.0,0.0,0.75,applicable,0.6666666666666666,0.0,0.0,0.0
cholera,SeasonalNaive,injected_5pct,4.0,1,4,18625.2304,0.0,,0.0,,0.0,,0.0,,1.0,0.0,0.5,applicable,0.6666666666666666,0.0,-0.6666666666666666,0.0
cholera,SeasonalNaive,injected_5pct,4.5,1,4,20571.8842,0.0,,0.0,,0.0,,0.0,,1.0,0.0,0.5,applicable,0.6666666666666666,0.0,-0.6666666666666666,0.0
cholera,SeasonalNaive,injected_5pct,5.0,1,4,22518.537999999997,0.0,,0.0,,0.0,,0.0,,1.0,0.0,0.5,applicable,0.6666666666666666,0.0,-0.6666666666666666,0.0
cholera,SeasonalNaive,proxy_robust_z,2.0,1,0,10838.6152,0.0,,,,,,,,1.0,0.0,,not_applicable_no_positive_reference,,0.0,,0.0
cholera,SeasonalNaive,proxy_robust_z,2.5,1,0,12785.268999999998,0.0,,,,,,,,1.0,0.0,,not_applicable_no_positive_reference,,0.0,,0.0
cholera,SeasonalNaive,proxy_robust_z,3.0,1,0,14731.9228,0.0,,,,,,,,1.0,0.0,,not_applicable_no_positive_reference,,0.0,,0.0
cholera,SeasonalNaive,proxy_robust_z,3.5,1,0,16678.5766,0.0,,,,,,,,1.0,0.0,,not_applicable_no_positive_reference,,0.0,,0.0
cholera,SeasonalNaive,proxy_robust_z,4.0,1,0,18625.2304,0.0,,,,,,,,1.0,0.0,,not_applicable_no_positive_reference,,0.0,,0.0
cholera,SeasonalNaive,proxy_robust_z,4.5,1,0,20571.8842,0.0,,,,,,,,1.0,0.0,,not_applicable_no_positive_reference,,0.0,,0.0
cholera,SeasonalNaive,proxy_robust_z,5.0,1,0,22518.537999999997,0.0,,,,,,,,1.0,0.0,,not_applicable_no_positive_reference,,0.0,,0.0
cholera,XGBoost,injected_10pct,2.0,10,8,249.78795236293848,35.2,1.6865480854231354,0.13964484004731684,0.018964028531148182,0.6125,0.07095577652469333,0.22736380764198957,0.029766537592646813,0.6013157894736841,0.3986842105263158,0.6069078947368421,applicable,0.21989100794054353,0.33289473684210524,0.007472799701446042,0.06578947368421056
cholera,XGBoost,injected_10pct,2.5,10,8,288.4832565241651,33.7,1.7029386365926404,0.13398707699110926,0.01843740856350807,0.5625,0.06588078458684124,0.21634050483454909,0.02857961428497729,0.6157894736842106,0.38421052631578945,0.5891447368421052,applicable,0.21989100794054353,0.33289473684210524,-0.003550503105994446,0.051315789473684204
cholera,XGBoost,injected_10pct,3.0,10,8,327.17856068539174,31.8,1.6865480854231356,0.13531183337426383,0.01426222572003399,0.5375,0.060380736442456,0.21610830355180596,0.022595558179995288,0.6381578947368421,0.36184210526315785,0.5878289473684211,applicable,0.21989100794054353,0.33289473684210524,-0.0037827043887375678,0.02894736842105261
cholera,XGBoost,injected_10pct,3.5,10,8,365.8738648466183,29.4,2.0110804171997807,0.1401101651407547,0.015044974245408734,0.5125,0.03952847075210475,0.21989100794054353,0.021397588161758813,0.6671052631578948,0.33289473684210524,0.5898026315789473,applicable,0.21989100794054353,0.33289473684210524,0.0,0.0
cholera,XGBoost,injected_10pct,4.0,10,8,404.56916900784495,26.7,1.8287822299126937,0.13903608269125511,0.01996814754334776,0.4625,0.060380736442455986,0.2136346979845432,0.02929411213974902,0.6973684210526316,0.3026315789473684,0.5799342105263158,applicable,0.21989100794054353,0.33289473684210524,-0.006256309956000322,-0.030263157894736825
cholera,XGBoost,injected_10pct,4.5,10,8,443.2644731690715,24.3,2.8303906287138374,0.1528894917620555,0.018675467523030502,0.4625,0.060380736442455986,0.2293212381588355,0.026360029203959124,0.7289473684210527,0.2710526315789473,0.5957236842105262,applicable,0.21989100794054353,0.33289473684210524,0.00943023021829198,-0.06184210526315792
cholera,XGBoost,injected_10pct,5.0,10,8,481.95977733029815,21.6,3.1340424729448424,0.15021527550387423,0.023716371029654123,0.4,0.052704627669473,0.21756181046228812,0.02955971558689578,0.7578947368421052,0.24210526315789474,0.5789473684210527,applicable,0.21989100794054353,0.33289473684210524,-0.0023291974782554126,-0.0907894736842105
cholera,XGBoost,injected_5pct,2.0,10,4,249.78795236293848,41.6,2.590581230363393,0.0964768203480022,0.005773845692117685,1.0,0.0,0.1759303759158355,0.009633903877215867,0.53,0.47000000000000003,0.765,applicable,0.20581896756479554,0.38875,-0.029888591648960045,0.08125000000000004
cholera,XGBoost,injected_5pct,2.5,10,4,288.4832565241651,40.4,2.4129281427805145,0.0993355842924461,0.00607119086953742,1.0,0.0,0.1806695023167712,0.010021213175606145,0.545,0.45499999999999996,0.7725,applicable,0.20581896756479554,0.38875,-0.025149465248024333,0.06624999999999998
cholera,XGBoost,injected_5pct,3.0,10,4,327.17856068539174,37.8,2.2997584414213783,0.10619129978565152,0.006796619365341555,1.0,0.0,0.19193337704965613,0.011046245224656078,0.5774999999999999,0.4225,0.7887500000000001,applicable,0.20581896756479554,0.38875,-0.013885590515139407,0.03375
cholera,XGBoost,injected_5pct,3.5,10,4,365.8738648466183,35.1,3.0713731999438516,0.11480816187045502,0.010806307460966502,1.0,0.0,0.20581896756479554,0.01723951118866867,0.61125,0.38875,0.805625,applicable,0.20581896756479554,0.38875,0.0,0.0
cholera,XGBoost,injected_5pct,4.0,10,4,404.56916900784495,31.7,3.4009802508492553,0.1277162722371451,0.015992447870190017,1.0,0.0,0.22618991171622752,0.02463205614001213,0.6537499999999999,0.34625,0.826875,applicable,0.20581896756479554,0.38875,0.02037094415143198,-0.04249999999999998
cholera,XGBoost,injected_5pct,4.5,10,4,443.2644731690715,28.1,4.2282121254470875,0.14554227960067784,0.02403214642215082,1.0,0.0,0.2534233467754373,0.03595461902872417,0.69875,0.30125,0.849375,applicable,0.20581896756479554,0.38875,0.047604379210641784,-0.08749999999999997
cholera,XGBoost,injected_5pct,5.0,10,4,481.95977733029815,24.4,4.087922591134904,0.1683452920004644,0.029546452944152445,1.0,0.0,0.2872021235542141,0.04285523214089956,0.745,0.255,0.8724999999999999,applicable,0.20581896756479554,0.38875,0.08138315598941856,-0.13374999999999998
cholera,XGBoost,proxy_robust_z,2.0,10,0,249.78795236293848,41.7,0.48304589153964833,,,,,,,0.5035714285714286,0.49642857142857144,,not_applicable_no_positive_reference,,0.4654761904761905,,0.030952380952380953
cholera,XGBoost,proxy_robust_z,2.5,10,0,288.4832565241651,41.4,0.5163977794943244,,,,,,,0.5071428571428571,0.4928571428571429,,not_applicable_no_positive_reference,,0.4654761904761905,,0.027380952380952395
cholera,XGBoost,proxy_robust_z,3.0,10,0,327.17856068539174,40.8,0.6324555320336755,,,,,,,0.5142857142857142,0.48571428571428565,,not_applicable_no_positive_reference,,0.4654761904761905,,0.020238095238095166
cholera,XGBoost,proxy_robust_z,3.5,10,0,365.8738648466183,39.1,1.7288403306519924,,,,,,,0.5345238095238095,0.4654761904761905,,not_applicable_no_positive_reference,,0.4654761904761905,,0.0
cholera,XGBoost,proxy_robust_z,4.0,10,0,404.56916900784495,37.3,2.162817093001111,,,,,,,0.555952380952381,0.4440476190476191,,not_applicable_no_positive_reference,,0.4654761904761905,,-0.021428571428571408
cholera,XGBoost,proxy_robust_z,4.5,10,0,443.2644731690715,33.4,4.526465385804788,,,,,,,0.6023809523809524,0.39761904761904765,,not_applicable_no_positive_reference,,0.4654761904761905,,-0.06785714285714284
cholera,XGBoost,proxy_robust_z,5.0,10,0,481.95977733029815,27.7,6.147266781984404,,,,,,,0.6702380952380953,0.3297619047619048,,not_applicable_no_positive_reference,,0.4654761904761905,,-0.13571428571428568
electricity,ARIMA,injected_10pct,2.0,1,4,0.3173657237998295,11.0,,0.36363636363636365,,1.0,,0.5333333333333333,,0.8157894736842105,0.18421052631578946,0.9078947368421053,applicable,0.6666666666666666,0.10526315789473684,-0.1333333333333333,0.07894736842105263
electricity,ARIMA,injected_10pct,2.5,1,4,0.36845741349517,10.0,,0.4,,1.0,,0.5714285714285714,,0.8421052631578947,0.15789473684210525,0.9210526315789473,applicable,0.6666666666666666,0.10526315789473684,-0.09523809523809523,0.05263157894736842
electricity,ARIMA,injected_10pct,3.0,1,4,0.41954910319051064,8.0,,0.5,,1.0,,0.6666666666666666,,0.8947368421052632,0.10526315789473684,0.9473684210526316,applicable,0.6666666666666666,0.10526315789473684,0.0,0.0
electricity,ARIMA,injected_10pct,3.5,1,4,0.47064079288585126,8.0,,0.5,,1.0,,0.6666666666666666,,0.8947368421052632,0.10526315789473684,0.9473684210526316,applicable,0.6666666666666666,0.10526315789473684,0.0,0.0
electricity,ARIMA,injected_10pct,4.0,1,4,0.5217324825811918,8.0,,0.5,,1.0,,0.6666666666666666,,0.8947368421052632,0.10526315789473684,0.9473684210526316,applicable,0.6666666666666666,0.10526315789473684,0.0,0.0
electricity,ARIMA,injected_10pct,4.5,1,4,0.5728241722765324,8.0,,0.5,,1.0,,0.6666666666666666,,0.8947368421052632,0.10526315789473684,0.9473684210526316,applicable,0.6666666666666666,0.10526315789473684,0.0,0.0
electricity,ARIMA,injected_10pct,5.0,1,4,0.6239158619718729,8.0,,0.5,,1.0,,0.6666666666666666,,0.8947368421052632,0.10526315789473684,0.9473684210526316,applicable,0.6666666666666666,0.10526315789473684,0.0,0.0
electricity,ARIMA,injected_5pct,2.0,1,2,0.3173657237998295,6.0,,0.3333333333333333,,1.0,,0.5,,0.9,0.1,0.95,applicable,0.6666666666666666,0.05,-0.16666666666666663,0.05
electricity,ARIMA,injected_5pct,2.5,1,2,0.36845741349517,5.0,,0.4,,1.0,,0.5714285714285714,,0.925,0.075,0.9625,applicable,0.6666666666666666,0.05,-0.09523809523809523,0.024999999999999994
electricity,ARIMA,injected_5pct,3.0,1,2,0.41954910319051064,4.0,,0.5,,1.0,,0.6666666666666666,,0.95,0.05,0.975,applicable,0.6666666666666666,0.05,0.0,0.0
electricity,ARIMA,injected_5pct,3.5,1,2,0.47064079288585126,4.0,,0.5,,1.0,,0.6666666666666666,,0.95,0.05,0.975,applicable,0.6666666666666666,0.05,0.0,0.0
electricity,ARIMA,injected_5pct,4.0,1,2,0.5217324825811918,3.0,,0.6666666666666666,,1.0,,0.8,,0.975,0.025,0.9875,applicable,0.6666666666666666,0.05,0.13333333333333341,-0.025
electricity,ARIMA,injected_5pct,4.5,1,2,0.5728241722765324,3.0,,0.6666666666666666,,1.0,,0.8,,0.975,0.025,0.9875,applicable,0.6666666666666666,0.05,0.13333333333333341,-0.025
electricity,ARIMA,injected_5pct,5.0,1,2,0.6239158619718729,3.0,,0.6666666666666666,,1.0,,0.8,,0.975,0.025,0.9875,applicable,0.6666666666666666,0.05,0.13333333333333341,-0.025
electricity,ARIMA,proxy_robust_z,2.0,1,0,0.3173657237998295,2.0,,,,,,,,0.9523809523809523,0.047619047619047616,,not_applicable_no_positive_reference,,0.0,,0.047619047619047616
electricity,ARIMA,proxy_robust_z,2.5,1,0,0.36845741349517,1.0,,,,,,,,0.9761904761904762,0.023809523809523808,,not_applicable_no_positive_reference,,0.0,,0.023809523809523808
electricity,ARIMA,proxy_robust_z,3.0,1,0,0.41954910319051064,0.0,,,,,,,,1.0,0.0,,not_applicable_no_positive_reference,,0.0,,0.0
electricity,ARIMA,proxy_robust_z,3.5,1,0,0.47064079288585126,0.0,,,,,,,,1.0,0.0,,not_applicable_no_positive_reference,,0.0,,0.0
electricity,ARIMA,proxy_robust_z,4.0,1,0,0.5217324825811918,0.0,,,,,,,,1.0,0.0,,not_applicable_no_positive_reference,,0.0,,0.0
electricity,ARIMA,proxy_robust_z,4.5,1,0,0.5728241722765324,0.0,,,,,,,,1.0,0.0,,not_applicable_no_positive_reference,,0.0,,0.0
electricity,ARIMA,proxy_robust_z,5.0,1,0,0.6239158619718729,0.0,,,,,,,,1.0,0.0,,not_applicable_no_positive_reference,,0.0,,0.0
electricity,LSTM,injected_10pct,2.0,10,4,0.22997050803899738,14.8,1.1352924243950935,0.271679594914889,0.02050002360232147,1.0,0.0,0.4269084475895621,0.025393884539480716,0.7157894736842105,0.28421052631578947,0.8578947368421053,applicable,0.7381818181818182,0.0763157894736842,-0.31127337059225607,0.20789473684210527
electricity,LSTM,injected_10pct,2.5,10,4,0.2657781354710456,11.0,1.4907119849998596,0.3698212898212898,0.05100981268328063,1.0,0.0,0.5381469510881276,0.05398737282696036,0.8157894736842106,0.18421052631578946,0.9078947368421053,applicable,0.7381818181818182,0.0763157894736842,-0.20003486709369056,0.10789473684210527
electricity,LSTM,injected_10pct,3.0,10,4,0.3015857629030939,8.3,0.8232726023485646,0.48650793650793644,0.05144125303613219,1.0,0.0,0.6531468531468532,0.04554311694151958,0.8868421052631579,0.1131578947368421,0.9434210526315789,applicable,0.7381818181818182,0.0763157894736842,-0.085034965034965,0.0368421052631579
electricity,LSTM,injected_10pct,3.5,10,4,0.3373933903351422,6.9,0.8755950357709131,0.588095238095238,0.07364292514071136,1.0,0.0,0.7381818181818182,0.05867634948059175,0.9236842105263158,0.0763157894736842,0.9618421052631578,applicable,0.7381818181818182,0.0763157894736842,0.0,0.0
electricity,LSTM,injected_10pct,4.0,10,4,0.37320101776719045,6.1,0.7378647873726221,0.6647619047619047,0.08348663148483303,1.0,0.0,0.795959595959596,0.05916736063700685,0.9447368421052632,0.055263157894736833,0.9723684210526315,applicable,0.7381818181818182,0.0763157894736842,0.05777777777777782,-0.021052631578947364
electricity,LSTM,injected_10pct,4.5,10,4,0.4090086451992387,5.2,0.9189365834726815,0.7904761904761906,0.13617530533033156,1.0,0.0,0.877171717171717,0.0851408569669098,0.968421052631579,0.031578947368421054,0.9842105263157895,applicable,0.7381818181818182,0.0763157894736842,0.13898989898989889,-0.044736842105263144
electricity,LSTM,injected_10pct,5.0,10,4,0.444816272631287,4.6,0.6992058987801011,0.8866666666666667,0.1259041375485804,1.0,0.0,0.9355555555555556,0.07291688712488716,0.9842105263157895,0.015789473684210527,0.9921052631578947,applicable,0.7381818181818182,0.0763157894736842,0.19737373737373742,-0.06052631578947367
electricity,LSTM,injected_5pct,2.0,10,2,0.22997050803899738,11.1,1.3703203194062978,0.18285936285936286,0.024233628813302887,1.0,0.0,0.30855144855144856,0.03419680423428,0.7725,0.22749999999999998,0.8862500000000001,applicable,0.7333333333333333,0.0375,-0.4247818847818847,0.18999999999999997
electricity,LSTM,injected_5pct,2.5,10,2,0.2657781354710456,6.8,0.9189365834726815,0.2995238095238095,0.04501896243904265,1.0,0.0,0.4593650793650793,0.0516636255359778,0.8800000000000001,0.12,0.9400000000000001,applicable,0.7333333333333333,0.0375,-0.27396825396825397,0.08249999999999999
electricity,LSTM,injected_5pct,3.0,10,2,0.3015857629030939,4.6,0.9660917830792958,0.4533333333333333,0.10086049527031303,1.0,0.0,0.618095238095238,0.09246764055746505,0.9349999999999999,0.065,0.9675,applicable,0.7333333333333333,0.0375,-0.11523809523809525,0.027500000000000004
electricity,LSTM,injected_5pct,3.5,10,2,0.3373933903351422,3.5,0.5270462766947299,0.5833333333333333,0.08784104611578829,1.0,0.0,0.7333333333333333,0.07027283689263072,0.9625,0.0375,0.98125,applicable,0.7333333333333333,0.0375,0.0,0.0
electricity,LSTM,injected_5pct,4.0,10,2,0.37320101776719045,3.1,0.31622776601683794,0.65,0.05270462766947298,1.0,0.0,0.7866666666666667,0.042163702135578414,0.9724999999999999,0.027500000000000004,0.9862500000000001,applicable,0.7333333333333333,0.0375,0.053333333333333455,-0.009999999999999995
electricity,LSTM,injected_5pct,4.5,10,2,0.4090086451992387,2.8,0.42163702135578385,0.7333333333333333,0.1405456737852613,1.0,0.0,0.8400000000000001,0.08432740427115677,0.9800000000000001,0.02,0.99,applicable,0.7333333333333333,0.0375,0.1066666666666668,-0.017499999999999998
electricity,LSTM,injected_5pct,5.0,10,2,0.444816272631287,2.5,0.5270462766947297,0.8333333333333333,0.17568209223157666,1.0,0.0,0.9,0.10540925533894598,0.9875,0.0125,0.99375,applicable,0.7333333333333333,0.0375,0.16666666666666674,-0.024999999999999998
electricity,LSTM,proxy_robust_z,2.0,10,0,0.22997050803899738,4.0,0.816496580927726,,,,,,,0.9047619047619048,0.09523809523809523,,not_applicable_no_positive_reference,,0.023809523809523808,,0.07142857142857142
electricity,LSTM,proxy_robust_z,2.5,10,0,0.2657781354710456,2.2,0.7888106377466155,,,,,,,0.9476190476190476,0.052380952380952375,,not_applicable_no_positive_reference,,0.023809523809523808,,0.028571428571428567
electricity,LSTM,proxy_robust_z,3.0,10,0,0.3015857629030939,1.4,0.5163977794943222,,,,,,,0.9666666666666666,0.03333333333333333,,not_applicable_no_positive_reference,,0.023809523809523808,,0.009523809523809525
electricity,LSTM,proxy_robust_z,3.5,10,0,0.3373933903351422,1.0,0.0,,,,,,,0.976190476190476,0.023809523809523808,,not_applicable_no_positive_reference,,0.023809523809523808,,0.0
electricity,LSTM,proxy_robust_z,4.0,10,0,0.37320101776719045,1.0,0.0,,,,,,,0.976190476190476,0.023809523809523808,,not_applicable_no_positive_reference,,0.023809523809523808,,0.0
electricity,LSTM,proxy_robust_z,4.5,10,0,0.4090086451992387,0.8,0.4216370213557839,,,,,,,0.980952380952381,0.019047619047619046,,not_applicable_no_positive_reference,,0.023809523809523808,,-0.004761904761904762
electricity,LSTM,proxy_robust_z,5.0,10,0,0.444816272631287,0.5,0.5270462766947299,,,,,,,0.9880952380952381,0.011904761904761904,,not_applicable_no_positive_reference,,0.023809523809523808,,-0.011904761904761904
electricity,NFGA-Core,injected_10pct,2.0,10,4,0.19223053592720896,23.4,4.195235392680606,0.17845549941202116,0.0476170885090167,1.0,0.0,0.30056155595539225,0.0633299953270293,0.4894736842105263,0.5105263157894737,0.7447368421052631,applicable,0.40370528817587636,0.32368421052631574,-0.10314373222048412,0.18684210526315798
electricity,NFGA-Core,injected_10pct,2.5,10,4,0.22188598446647917,21.7,4.321779468896785,0.19361908267171427,0.05354586649540958,1.0,0.0,0.3216094260562027,0.0697701313752685,0.5342105263157895,0.46578947368421053,0.7671052631578947,applicable,0.40370528817587636,0.32368421052631574,-0.08209586211967368,0.1421052631578948
electricity,NFGA-Core,injected_10pct,3.0,10,4,0.2515414330057494,19.7,4.522781838156198,0.2142802107630483,0.055896329424358314,1.0,0.0,0.34990324217926205,0.07322261720040572,0.5868421052631578,0.4131578947368421,0.7934210526315789,applicable,0.40370528817587636,0.32368421052631574,-0.05380204599661431,0.08947368421052637
electricity,NFGA-Core,injected_10pct,3.5,10,4,0.2811968815450196,16.3,3.2335051500740732,0.25499000999001,0.05467229913418537,1.0,0.0,0.40370528817587636,0.06781116674036641,0.6763157894736842,0.32368421052631574,0.8381578947368421,applicable,0.40370528817587636,0.32368421052631574,0.0,0.0
electricity,NFGA-Core,injected_10pct,4.0,10,4,0.3108523300842898,13.1,2.601281735350223,0.3172495804848746,0.06775340281320537,1.0,0.0,0.4781628656860855,0.0761585123536265,0.7605263157894737,0.23947368421052628,0.8802631578947369,applicable,0.40370528817587636,0.32368421052631574,0.07445757751020915,-0.08421052631578946
electricity,NFGA-Core,injected_10pct,4.5,10,4,0.34050777862356,12.4,2.3664319132398464,0.3348068598068598,0.07309823682473716,1.0,0.0,0.49781021180401985,0.0781680444240392,0.7789473684210526,0.22105263157894733,0.8894736842105264,applicable,0.40370528817587636,0.32368421052631574,0.09410492362814349,-0.10263157894736841
electricity,NFGA-Core,injected_10pct,5.0,10,4,0.37016322716283023,10.7,2.359378449224852,0.38982128982128983,0.08190670971716227,1.0,0.0,0.5564426904364985,0.08538283413137258,0.8236842105263158,0.1763157894736842,0.9118421052631579,applicable,0.40370528817587636,0.32368421052631574,0.15273740226062216,-0.14736842105263154
electricity,NFGA-Core,injected_5pct,2.0,10,2,0.19223053592720896,10.9,1.7919573407620815,0.18807303807303807,0.031119099376760943,1.0,0.0,0.3155644355644356,0.04400958067953439,0.7775,0.2225,0.8887499999999999,applicable,0.46539682539682536,0.12,-0.14983238983238978,0.10250000000000001
electricity,NFGA-Core,injected_5pct,2.5,10,2,0.22188598446647917,9.3,1.7029386365926402,0.22160173160173163,0.04007334779221472,1.0,0.0,0.3612210012210012,0.053674672980411904,0.8175000000000001,0.1825,0.9087500000000001,applicable,0.46539682539682536,0.12,-0.10417582417582416,0.0625
electricity,NFGA-Core,injected_5pct,3.0,10,2,0.2515414330057494,7.7,1.4944341180973264,0.2688095238095238,0.05234626878022175,1.0,0.0,0.42131313131313136,0.06482412806410863,0.8574999999999999,0.14250000000000002,0.92875,applicable,0.46539682539682536,0.12,-0.044083694083694,0.02250000000000002
electricity,NFGA-Core,injected_5pct,3.5,10,2,0.2811968815450196,6.8,1.4757295747452437,0.3059523809523809,0.06252487537222624,1.0,0.0,0.46539682539682536,0.07329828063513164,0.8800000000000001,0.12,0.9400000000000001,applicable,0.46539682539682536,0.12,0.0,0.0
electricity,NFGA-Core,injected_5pct,4.0,10,2,0.3108523300842898,5.9,1.1972189997378648,0.359047619047619,0.11340489492964372,1.0,0.0,0.5204761904761905,0.10549805491172362,0.9025000000000001,0.0975,0.9512499999999999,applicable,0.46539682539682536,0.12,0.05507936507936517,-0.022499999999999992
electricity,NFGA-Core,injected_5pct,4.5,10,2,0.34050777862356,5.4,1.0749676997731399,0.38857142857142857,0.10574812366588893,1.0,0.0,0.553015873015873,0.09740394419463314,0.915,0.08499999999999999,0.9574999999999999,applicable,0.46539682539682536,0.12,0.0876190476190476,-0.035
electricity,NFGA-Core,injected_5pct,5.0,10,2,0.37016322716283023,5.3,1.1595018087284057,0.3985714285714286,0.11151965706916603,1.0,0.0,0.5625396825396825,0.10384721740144194,0.9175000000000001,0.08249999999999999,0.95875,applicable,0.46539682539682536,0.12,0.09714285714285709,-0.037500000000000006
electricity,NFGA-Core,proxy_robust_z,2.0,10,0,0.19223053592720896,8.4,1.8378731669453627,,,,,,,0.8,0.2,,not_applicable_no_positive_reference,,0.09523809523809523,,0.10476190476190478
electricity,NFGA-Core,proxy_robust_z,2.5,10,0,0.22188598446647917,7.1,1.9692073983655907,,,,,,,0.830952380952381,0.16904761904761906,,not_applicable_no_positive_reference,,0.09523809523809523,,0.07380952380952382
electricity,NFGA-Core,proxy_robust_z,3.0,10,0,0.2515414330057494,4.9,1.728840330651992,,,,,,,0.8833333333333334,0.11666666666666665,,not_applicable_no_positive_reference,,0.09523809523809523,,0.021428571428571422
electricity,NFGA-Core,proxy_robust_z,3.5,10,0,0.2811968815450196,4.0,1.9436506316151,,,,,,,0.9047619047619048,0.09523809523809523,,not_applicable_no_positive_reference,,0.09523809523809523,,0.0
electricity,NFGA-Core,proxy_robust_z,4.0,10,0,0.3108523300842898,2.1,0.875595035770913,,,,,,,0.95,0.05,,not_applicable_no_positive_reference,,0.09523809523809523,,-0.04523809523809523
electricity,NFGA-Core,proxy_robust_z,4.5,10,0,0.34050777862356,1.2,0.42163702135578396,,,,,,,0.9714285714285713,0.02857142857142857,,not_applicable_no_positive_reference,,0.09523809523809523,,-0.06666666666666667
electricity,NFGA-Core,proxy_robust_z,5.0,10,0,0.37016322716283023,1.0,0.0,,,,,,,0.976190476190476,0.023809523809523808,,not_applicable_no_positive_reference,,0.09523809523809523,,-0.07142857142857142
electricity,NFGA-LINEAR,injected_10pct,2.0,10,4,0.28595759037385376,14.2,1.8135294011647256,0.2861384693737635,0.03905380474037629,1.0,0.0,0.44369207332055627,0.04632442719410491,0.7315789473684211,0.26842105263157895,0.8657894736842107,applicable,0.6315018315018315,0.12368421052631577,-0.1878097581812752,0.14473684210526316
electricity,NFGA-LINEAR,injected_10pct,2.5,10,4,0.3332961574370696,11.8,1.1352924243950933,0.34176490176490176,0.03234087164871894,1.0,0.0,0.5086461251167134,0.035961848627742286,0.7947368421052632,0.20526315789473681,0.8973684210526315,applicable,0.6315018315018315,0.12368421052631577,-0.12285570638511811,0.08157894736842104
electricity,NFGA-LINEAR,injected_10pct,3.0,10,4,0.38063472450028546,9.8,1.0327955589886446,0.41222222222222216,0.0433349160837889,1.0,0.0,0.5826007326007325,0.043190059747419414,0.8473684210526315,0.1526315789473684,0.9236842105263158,applicable,0.6315018315018315,0.12368421052631577,-0.04890109890109895,0.028947368421052624
electricity,NFGA-LINEAR,injected_10pct,3.5,10,4,0.42797329156350133,8.7,0.6749485577105532,0.4622222222222222,0.035214412811865825,1.0,0.0,0.6315018315018315,0.03308890781138815,0.8763157894736843,0.12368421052631577,0.9381578947368421,applicable,0.6315018315018315,0.12368421052631577,0.0,0.0
electricity,NFGA-LINEAR,injected_10pct,4.0,10,4,0.4753118586267172,8.4,0.5163977794943222,0.47777777777777775,0.02868876552746236,1.0,0.0,0.6461538461538462,0.026481937409965208,0.8842105263157896,0.11578947368421053,0.9421052631578949,applicable,0.6315018315018315,0.12368421052631577,0.014652014652014711,-0.007894736842105246
electricity,NFGA-LINEAR,injected_10pct,4.5,10,4,0.522650425689933,7.8,0.6324555320336759,0.5166666666666667,0.05270462766947298,1.0,0.0,0.6799999999999999,0.04216370213557841,0.9,0.1,0.95,applicable,0.6315018315018315,0.12368421052631577,0.04849816849816846,-0.023684210526315766
electricity,NFGA-LINEAR,injected_10pct,5.0,10,4,0.5699889927531488,7.7,0.6749485577105528,0.5238095238095238,0.0549857399228215,1.0,0.0,0.686060606060606,0.044334114664550194,0.9026315789473685,0.09736842105263158,0.9513157894736842,applicable,0.6315018315018315,0.12368421052631577,0.05455877455877456,-0.026315789473684195
electricity,NFGA-LINEAR,injected_5pct,2.0,10,2,0.28595759037385376,8.3,1.0593499054713802,0.2452380952380952,0.03745045157499765,1.0,0.0,0.3926262626262626,0.046386627516184796,0.8424999999999999,0.1575,0.92125,applicable,0.6476190476190476,0.05500000000000001,-0.25499278499278505,0.1025
electricity,NFGA-LINEAR,injected_5pct,2.5,10,2,0.3332961574370696,6.5,1.0801234497346435,0.3157142857142857,0.05423835305205111,1.0,0.0,0.4776190476190476,0.061872871992253185,0.8875,0.1125,0.94375,applicable,0.6476190476190476,0.05500000000000001,-0.17000000000000004,0.057499999999999996
electricity,NFGA-LINEAR,injected_5pct,3.0,10,2,0.38063472450028546,4.4,0.6992058987801009,0.4633333333333334,0.06176418715416576,1.0,0.0,0.6309523809523809,0.060702613257056955,0.9400000000000001,0.06,0.97,applicable,0.6476190476190476,0.05500000000000001,-0.01666666666666672,0.0049999999999999906
electricity,NFGA-LINEAR,injected_5pct,3.5,10,2,0.42797329156350133,4.2,0.42163702135578396,0.48,0.04216370213557838,1.0,0.0,0.6476190476190476,0.04015590679578893,0.945,0.05500000000000001,0.9724999999999999,applicable,0.6476190476190476,0.05500000000000001,0.0,0.0
electricity,NFGA-LINEAR,injected_5pct,4.0,10,2,0.4753118586267172,3.8,0.4216370213557839,0.5333333333333333,0.07027283689263061,1.0,0.0,0.6933333333333334,0.056218269514104545,0.9549999999999998,0.045,0.9775,applicable,0.6476190476190476,0.05500000000000001,0.04571428571428571,-0.010000000000000009
electricity,NFGA-LINEAR,injected_5pct,4.5,10,2,0.522650425689933,3.7,0.48304589153964794,0.55,0.08050764858994129,1.0,0.0,0.7066666666666667,0.0644061188719531,0.9574999999999999,0.0425,0.97875,applicable,0.6476190476190476,0.05500000000000001,0.059047619047619015,-0.012500000000000004
electricity,NFGA-LINEAR,injected_5pct,5.0,10,2,0.5699889927531488,3.2,0.42163702135578385,0.6333333333333333,0.07027283689263063,1.0,0.0,0.7733333333333333,0.056218269514104545,0.97,0.030000000000000006,0.985,applicable,0.6476190476190476,0.05500000000000001,0.12571428571428567,-0.025
electricity,NFGA-LINEAR,proxy_robust_z,2.0,10,0,0.28595759037385376,3.6,0.8432740427115677,,,,,,,0.9142857142857143,0.08571428571428572,,not_applicable_no_positive_reference,,0.0,,0.08571428571428572
electricity,NFGA-LINEAR,proxy_robust_z,2.5,10,0,0.3332961574370696,1.2,0.6324555320336759,,,,,,,0.9714285714285713,0.02857142857142857,,not_applicable_no_positive_reference,,0.0,,0.02857142857142857
electricity,NFGA-LINEAR,proxy_robust_z,3.0,10,0,0.38063472450028546,0.0,0.0,,,,,,,1.0,0.0,,not_applicable_no_positive_reference,,0.0,,0.0
electricity,NFGA-LINEAR,proxy_robust_z,3.5,10,0,0.42797329156350133,0.0,0.0,,,,,,,1.0,0.0,,not_applicable_no_positive_reference,,0.0,,0.0
electricity,NFGA-LINEAR,proxy_robust_z,4.0,10,0,0.4753118586267172,0.0,0.0,,,,,,,1.0,0.0,,not_applicable_no_positive_reference,,0.0,,0.0
electricity,NFGA-LINEAR,proxy_robust_z,4.5,10,0,0.522650425689933,0.0,0.0,,,,,,,1.0,0.0,,not_applicable_no_positive_reference,,0.0,,0.0
electricity,NFGA-LINEAR,proxy_robust_z,5.0,10,0,0.5699889927531488,0.0,0.0,,,,,,,1.0,0.0,,not_applicable_no_positive_reference,,0.0,,0.0
electricity,Persistence,injected_10pct,2.0,1,4,0.31835175628672174,9.0,,0.4444444444444444,,1.0,,0.6153846153846154,,0.868421052631579,0.13157894736842105,0.9342105263157895,applicable,0.6666666666666666,0.10526315789473684,-0.05128205128205121,0.02631578947368421
electricity,Persistence,injected_10pct,2.5,1,4,0.3706323375180787,9.0,,0.4444444444444444,,1.0,,0.6153846153846154,,0.868421052631579,0.13157894736842105,0.9342105263157895,applicable,0.6666666666666666,0.10526315789473684,-0.05128205128205121,0.02631578947368421
electricity,Persistence,injected_10pct,3.0,1,4,0.4229129187494358,9.0,,0.4444444444444444,,1.0,,0.6153846153846154,,0.868421052631579,0.13157894736842105,0.9342105263157895,applicable,0.6666666666666666,0.10526315789473684,-0.05128205128205121,0.02631578947368421
electricity,Persistence,injected_10pct,3.5,1,4,0.47519349998079286,8.0,,0.5,,1.0,,0.6666666666666666,,0.8947368421052632,0.10526315789473684,0.9473684210526316,applicable,0.6666666666666666,0.10526315789473684,0.0,0.0
electricity,Persistence,injected_10pct,4.0,1,4,0.52747408121215,8.0,,0.5,,1.0,,0.6666666666666666,,0.8947368421052632,0.10526315789473684,0.9473684210526316,applicable,0.6666666666666666,0.10526315789473684,0.0,0.0
electricity,Persistence,injected_10pct,4.5,1,4,0.579754662443507,8.0,,0.5,,1.0,,0.6666666666666666,,0.8947368421052632,0.10526315789473684,0.9473684210526316,applicable,0.6666666666666666,0.10526315789473684,0.0,0.0
electricity,Persistence,injected_10pct,5.0,1,4,0.632035243674864,8.0,,0.5,,1.0,,0.6666666666666666,,0.8947368421052632,0.10526315789473684,0.9473684210526316,applicable,0.6666666666666666,0.10526315789473684,0.0,0.0
electricity,Persistence,injected_5pct,2.0,1,2,0.31835175628672174,5.0,,0.4,,1.0,,0.5714285714285714,,0.925,0.075,0.9625,applicable,0.6666666666666666,0.05,-0.09523809523809523,0.024999999999999994
electricity,Persistence,injected_5pct,2.5,1,2,0.3706323375180787,5.0,,0.4,,1.0,,0.5714285714285714,,0.925,0.075,0.9625,applicable,0.6666666666666666,0.05,-0.09523809523809523,0.024999999999999994
electricity,Persistence,injected_5pct,3.0,1,2,0.4229129187494358,5.0,,0.4,,1.0,,0.5714285714285714,,0.925,0.075,0.9625,applicable,0.6666666666666666,0.05,-0.09523809523809523,0.024999999999999994
electricity,Persistence,injected_5pct,3.5,1,2,0.47519349998079286,4.0,,0.5,,1.0,,0.6666666666666666,,0.95,0.05,0.975,applicable,0.6666666666666666,0.05,0.0,0.0
electricity,Persistence,injected_5pct,4.0,1,2,0.52747408121215,4.0,,0.5,,1.0,,0.6666666666666666,,0.95,0.05,0.975,applicable,0.6666666666666666,0.05,0.0,0.0
electricity,Persistence,injected_5pct,4.5,1,2,0.579754662443507,4.0,,0.5,,1.0,,0.6666666666666666,,0.95,0.05,0.975,applicable,0.6666666666666666,0.05,0.0,0.0
electricity,Persistence,injected_5pct,5.0,1,2,0.632035243674864,4.0,,0.5,,1.0,,0.6666666666666666,,0.95,0.05,0.975,applicable,0.6666666666666666,0.05,0.0,0.0
electricity,Persistence,proxy_robust_z,2.0,1,0,0.31835175628672174,1.0,,,,,,,,0.9761904761904762,0.023809523809523808,,not_applicable_no_positive_reference,,0.0,,0.023809523809523808
electricity,Persistence,proxy_robust_z,2.5,1,0,0.3706323375180787,1.0,,,,,,,,0.9761904761904762,0.023809523809523808,,not_applicable_no_positive_reference,,0.0,,0.023809523809523808
electricity,Persistence,proxy_robust_z,3.0,1,0,0.4229129187494358,1.0,,,,,,,,0.9761904761904762,0.023809523809523808,,not_applicable_no_positive_reference,,0.0,,0.023809523809523808
electricity,Persistence,proxy_robust_z,3.5,1,0,0.47519349998079286,0.0,,,,,,,,1.0,0.0,,not_applicable_no_positive_reference,,0.0,,0.0
electricity,Persistence,proxy_robust_z,4.0,1,0,0.52747408121215,0.0,,,,,,,,1.0,0.0,,not_applicable_no_positive_reference,,0.0,,0.0
electricity,Persistence,proxy_robust_z,4.5,1,0,0.579754662443507,0.0,,,,,,,,1.0,0.0,,not_applicable_no_positive_reference,,0.0,,0.0
electricity,Persistence,proxy_robust_z,5.0,1,0,0.632035243674864,0.0,,,,,,,,1.0,0.0,,not_applicable_no_positive_reference,,0.0,,0.0
electricity,SeasonalNaive,injected_10pct,2.0,1,4,0.3606166482893427,5.0,,0.8,,1.0,,0.8888888888888888,,0.9736842105263158,0.02631578947368421,0.986842105263158,applicable,1.0,0.0,-0.11111111111111116,0.02631578947368421
electricity,SeasonalNaive,injected_10pct,2.5,1,4,0.41840178873040235,5.0,,0.8,,1.0,,0.8888888888888888,,0.9736842105263158,0.02631578947368421,0.986842105263158,applicable,1.0,0.0,-0.11111111111111116,0.02631578947368421
electricity,SeasonalNaive,injected_10pct,3.0,1,4,0.47618692917146205,4.0,,1.0,,1.0,,1.0,,1.0,0.0,1.0,applicable,1.0,0.0,0.0,0.0
electricity,SeasonalNaive,injected_10pct,3.5,1,4,0.5339720696125216,4.0,,1.0,,1.0,,1.0,,1.0,0.0,1.0,applicable,1.0,0.0,0.0,0.0
electricity,SeasonalNaive,injected_10pct,4.0,1,4,0.5917572100535813,4.0,,1.0,,1.0,,1.0,,1.0,0.0,1.0,applicable,1.0,0.0,0.0,0.0
electricity,SeasonalNaive,injected_10pct,4.5,1,4,0.649542350494641,4.0,,1.0,,1.0,,1.0,,1.0,0.0,1.0,applicable,1.0,0.0,0.0,0.0
electricity,SeasonalNaive,injected_10pct,5.0,1,4,0.7073274909357007,4.0,,1.0,,1.0,,1.0,,1.0,0.0,1.0,applicable,1.0,0.0,0.0,0.0
electricity,SeasonalNaive,injected_5pct,2.0,1,2,0.3606166482893427,3.0,,0.6666666666666666,,1.0,,0.8,,0.975,0.025,0.9875,applicable,1.0,0.0,-0.19999999999999996,0.025
electricity,SeasonalNaive,injected_5pct,2.5,1,2,0.41840178873040235,3.0,,0.6666666666666666,,1.0,,0.8,,0.975,0.025,0.9875,applicable,1.0,0.0,-0.19999999999999996,0.025
electricity,SeasonalNaive,injected_5pct,3.0,1,2,0.47618692917146205,2.0,,1.0,,1.0,,1.0,,1.0,0.0,1.0,applicable,1.0,0.0,0.0,0.0
electricity,SeasonalNaive,injected_5pct,3.5,1,2,0.5339720696125216,2.0,,1.0,,1.0,,1.0,,1.0,0.0,1.0,applicable,1.0,0.0,0.0,0.0
electricity,SeasonalNaive,injected_5pct,4.0,1,2,0.5917572100535813,2.0,,1.0,,1.0,,1.0,,1.0,0.0,1.0,applicable,1.0,0.0,0.0,0.0
electricity,SeasonalNaive,injected_5pct,4.5,1,2,0.649542350494641,2.0,,1.0,,1.0,,1.0,,1.0,0.0,1.0,applicable,1.0,0.0,0.0,0.0
electricity,SeasonalNaive,injected_5pct,5.0,1,2,0.7073274909357007,2.0,,1.0,,1.0,,1.0,,1.0,0.0,1.0,applicable,1.0,0.0,0.0,0.0
electricity,SeasonalNaive,proxy_robust_z,2.0,1,0,0.3606166482893427,1.0,,,,,,,,0.9761904761904762,0.023809523809523808,,not_applicable_no_positive_reference,,0.0,,0.023809523809523808
electricity,SeasonalNaive,proxy_robust_z,2.5,1,0,0.41840178873040235,1.0,,,,,,,,0.9761904761904762,0.023809523809523808,,not_applicable_no_positive_reference,,0.0,,0.023809523809523808
electricity,SeasonalNaive,proxy_robust_z,3.0,1,0,0.47618692917146205,0.0,,,,,,,,1.0,0.0,,not_applicable_no_positive_reference,,0.0,,0.0
electricity,SeasonalNaive,proxy_robust_z,3.5,1,0,0.5339720696125216,0.0,,,,,,,,1.0,0.0,,not_applicable_no_positive_reference,,0.0,,0.0
electricity,SeasonalNaive,proxy_robust_z,4.0,1,0,0.5917572100535813,0.0,,,,,,,,1.0,0.0,,not_applicable_no_positive_reference,,0.0,,0.0
electricity,SeasonalNaive,proxy_robust_z,4.5,1,0,0.649542350494641,0.0,,,,,,,,1.0,0.0,,not_applicable_no_positive_reference,,0.0,,0.0
electricity,SeasonalNaive,proxy_robust_z,5.0,1,0,0.7073274909357007,0.0,,,,,,,,1.0,0.0,,not_applicable_no_positive_reference,,0.0,,0.0
electricity,XGBoost,injected_10pct,2.0,10,4,0.19065401535405196,12.5,0.8498365855987975,0.32134532134532134,0.022056925874098396,1.0,0.0,0.4860130718954248,0.025169198324382164,0.7763157894736843,0.2236842105263158,0.8881578947368421,applicable,0.7272727272727273,0.07894736842105263,-0.24125965537730248,0.14473684210526316
electricity,XGBoost,injected_10pct,2.5,10,4,0.2151984007904523,11.1,0.8755950357709131,0.3624242424242424,0.0291077392393178,1.0,0.0,0.5314285714285714,0.031201682222998368,0.8131578947368421,0.18684210526315786,0.906578947368421,applicable,0.7272727272727273,0.07894736842105263,-0.19584415584415593,0.10789473684210524
electricity,XGBoost,injected_10pct,3.0,10,4,0.23974278622685266,8.7,1.3374935098492586,0.4695382395382396,0.0712528938646964,1.0,0.0,0.6361505161505161,0.0660066492066907,0.8763157894736843,0.12368421052631577,0.9381578947368421,applicable,0.7272727272727273,0.07894736842105263,-0.0911222111222112,0.044736842105263144
electricity,XGBoost,injected_10pct,3.5,10,4,0.264287171663253,7.0,0.0,0.5714285714285714,0.0,1.0,0.0,0.7272727272727273,0.0,0.9210526315789472,0.07894736842105263,0.9605263157894737,applicable,0.7272727272727273,0.07894736842105263,0.0,0.0
electricity,XGBoost,injected_10pct,4.0,10,4,0.28883155709965336,6.3,0.6749485577105527,0.6419047619047619,0.07297445340035355,1.0,0.0,0.7797979797979798,0.05268042347638504,0.9394736842105263,0.060526315789473685,0.9697368421052632,applicable,0.7272727272727273,0.07894736842105263,0.05252525252525253,-0.018421052631578942
electricity,XGBoost,injected_10pct,4.5,10,4,0.31337594253605366,5.7,0.4830458915396478,0.7066666666666667,0.06440611887195312,1.0,0.0,0.8266666666666668,0.04293741258130201,0.9552631578947368,0.04473684210526315,0.9776315789473683,applicable,0.7272727272727273,0.07894736842105263,0.09939393939393948,-0.034210526315789476
electricity,XGBoost,injected_10pct,5.0,10,4,0.33792032797245397,4.3,0.4830458915396479,0.9400000000000001,0.09660917830792956,1.0,0.0,0.9666666666666666,0.05367176572662758,0.9921052631578947,0.007894736842105263,0.9960526315789474,applicable,0.7272727272727273,0.07894736842105263,0.23939393939393927,-0.07105263157894737
electricity,XGBoost,injected_5pct,2.0,10,2,0.19065401535405196,8.2,0.9189365834726814,0.2465873015873016,0.026828188285512374,1.0,0.0,0.39494949494949494,0.03461633175077408,0.845,0.155,0.9225,applicable,0.6095238095238095,0.065,-0.21457431457431453,0.09
electricity,XGBoost,injected_5pct,2.5,10,2,0.2151984007904523,6.1,0.5676462121975466,0.3304761904761905,0.031442998131846055,1.0,0.0,0.49603174603174605,0.03514637633753022,0.8975,0.10250000000000001,0.9487499999999999,applicable,0.6095238095238095,0.065,-0.11349206349206342,0.037500000000000006
electricity,XGBoost,injected_5pct,3.0,10,2,0.23974278622685266,5.1,0.5676462121975466,0.39666666666666667,0.04567734398020993,1.0,0.0,0.5666666666666667,0.0460043706228236,0.9225,0.0775,0.96125,applicable,0.6095238095238095,0.065,-0.042857142857142816,0.012499999999999997
electricity,XGBoost,injected_5pct,3.5,10,2,0.264287171663253,4.6,0.5163977794943222,0.44000000000000006,0.05163977794943222,1.0,0.0,0.6095238095238095,0.04918074090422115,0.9349999999999999,0.065,0.9675,applicable,0.6095238095238095,0.065,0.0,0.0
electricity,XGBoost,injected_5pct,4.0,10,2,0.28883155709965336,3.7,0.8232726023485646,0.5633333333333332,0.11488050689389182,1.0,0.0,0.7142857142857143,0.0968123852823931,0.9574999999999999,0.042499999999999996,0.97875,applicable,0.6095238095238095,0.065,0.10476190476190483,-0.022500000000000006
electricity,XGBoost,injected_5pct,4.5,10,2,0.31337594253605366,3.0,0.6666666666666666,0.7,0.17213259316477406,1.0,0.0,0.8133333333333332,0.11243653902820905,0.975,0.025,0.9875,applicable,0.6095238095238095,0.065,0.20380952380952377,-0.04
electricity,XGBoost,injected_5pct,5.0,10,2,0.33792032797245397,2.1,0.31622776601683805,0.9666666666666666,0.105409255338946,1.0,0.0,0.9800000000000001,0.06324555320336758,0.9974999999999999,0.0025,0.99875,applicable,0.6095238095238095,0.065,0.3704761904761906,-0.0625
electricity,XGBoost,proxy_robust_z,2.0,10,0,0.19065401535405196,5.7,1.0593499054713804,,,,,,,0.8642857142857142,0.1357142857142857,,not_applicable_no_positive_reference,,0.047619047619047616,,0.08809523809523809
electricity,XGBoost,proxy_robust_z,2.5,10,0,0.2151984007904523,3.3,0.6749485577105528,,,,,,,0.9214285714285715,0.07857142857142857,,not_applicable_no_positive_reference,,0.047619047619047616,,0.030952380952380953
electricity,XGBoost,proxy_robust_z,3.0,10,0,0.23974278622685266,2.2,0.42163702135578385,,,,,,,0.9476190476190476,0.052380952380952375,,not_applicable_no_positive_reference,,0.047619047619047616,,0.004761904761904759
electricity,XGBoost,proxy_robust_z,3.5,10,0,0.264287171663253,2.0,0.0,,,,,,,0.9523809523809523,0.047619047619047616,,not_applicable_no_positive_reference,,0.047619047619047616,,0.0
electricity,XGBoost,proxy_robust_z,4.0,10,0,0.28883155709965336,1.9,0.31622776601683794,,,,,,,0.9547619047619047,0.04523809523809523,,not_applicable_no_positive_reference,,0.047619047619047616,,-0.0023809523809523864
electricity,XGBoost,proxy_robust_z,4.5,10,0,0.31337594253605366,1.3,0.6749485577105528,,,,,,,0.9690476190476189,0.030952380952380953,,not_applicable_no_positive_reference,,0.047619047619047616,,-0.016666666666666663
electricity,XGBoost,proxy_robust_z,5.0,10,0,0.33792032797245397,0.2,0.4216370213557839,,,,,,,0.9952380952380953,0.0047619047619047615,,not_applicable_no_positive_reference,,0.047619047619047616,,-0.04285714285714286
ilinet,ARIMA,injected_10pct,2.0,1,5,0.2281443036603564,21.0,,0.23809523809523808,,1.0,,0.38461538461538464,,0.6595744680851063,0.3404255319148936,0.8297872340425532,applicable,0.43478260869565216,0.2765957446808511,-0.050167224080267525,0.06382978723404253
ilinet,ARIMA,injected_10pct,2.5,1,5,0.2665044540835641,18.0,,0.2777777777777778,,1.0,,0.43478260869565216,,0.723404255319149,0.2765957446808511,0.8617021276595744,applicable,0.43478260869565216,0.2765957446808511,0.0,0.0
ilinet,ARIMA,injected_10pct,3.0,1,5,0.30486460450677183,18.0,,0.2777777777777778,,1.0,,0.43478260869565216,,0.723404255319149,0.2765957446808511,0.8617021276595744,applicable,0.43478260869565216,0.2765957446808511,0.0,0.0
ilinet,ARIMA,injected_10pct,3.5,1,5,0.3432247549299795,18.0,,0.2777777777777778,,1.0,,0.43478260869565216,,0.723404255319149,0.2765957446808511,0.8617021276595744,applicable,0.43478260869565216,0.2765957446808511,0.0,0.0
ilinet,ARIMA,injected_10pct,4.0,1,5,0.38158490535318723,17.0,,0.29411764705882354,,1.0,,0.45454545454545453,,0.7446808510638298,0.2553191489361702,0.8723404255319149,applicable,0.43478260869565216,0.2765957446808511,0.01976284584980237,-0.021276595744680882
ilinet,ARIMA,injected_10pct,4.5,1,5,0.41994505577639496,16.0,,0.3125,,1.0,,0.47619047619047616,,0.7659574468085106,0.23404255319148937,0.8829787234042553,applicable,0.43478260869565216,0.2765957446808511,0.041407867494824,-0.04255319148936171
ilinet,ARIMA,injected_10pct,5.0,1,5,0.4583052061996026,16.0,,0.3125,,1.0,,0.47619047619047616,,0.7659574468085106,0.23404255319148937,0.8829787234042553,applicable,0.43478260869565216,0.2765957446808511,0.041407867494824,-0.04255319148936171
ilinet,ARIMA,injected_5pct,2.0,1,3,0.2281443036603564,24.0,,0.125,,1.0,,0.2222222222222222,,0.5714285714285714,0.42857142857142855,0.7857142857142857,applicable,0.2727272727272727,0.32653061224489793,-0.0505050505050505,0.10204081632653061
ilinet,ARIMA,injected_5pct,2.5,1,3,0.2665044540835641,22.0,,0.13636363636363635,,1.0,,0.24,,0.6122448979591837,0.3877551020408163,0.8061224489795918,applicable,0.2727272727272727,0.32653061224489793,-0.032727272727272716,0.06122448979591838
ilinet,ARIMA,injected_5pct,3.0,1,3,0.30486460450677183,20.0,,0.15,,1.0,,0.2608695652173913,,0.6530612244897959,0.3469387755102041,0.8265306122448979,applicable,0.2727272727272727,0.32653061224489793,-0.01185770750988141,0.020408163265306145
ilinet,ARIMA,injected_5pct,3.5,1,3,0.3432247549299795,19.0,,0.15789473684210525,,1.0,,0.2727272727272727,,0.673469387755102,0.32653061224489793,0.8367346938775511,applicable,0.2727272727272727,0.32653061224489793,0.0,0.0
ilinet,ARIMA,injected_5pct,4.0,1,3,0.38158490535318723,19.0,,0.15789473684210525,,1.0,,0.2727272727272727,,0.673469387755102,0.32653061224489793,0.8367346938775511,applicable,0.2727272727272727,0.32653061224489793,0.0,0.0
ilinet,ARIMA,injected_5pct,4.5,1,3,0.41994505577639496,17.0,,0.17647058823529413,,1.0,,0.3,,0.7142857142857143,0.2857142857142857,0.8571428571428572,applicable,0.2727272727272727,0.32653061224489793,0.027272727272727282,-0.040816326530612235
ilinet,ARIMA,injected_5pct,5.0,1,3,0.4583052061996026,15.0,,0.2,,1.0,,0.3333333333333333,,0.7551020408163265,0.24489795918367346,0.8775510204081632,applicable,0.2727272727272727,0.32653061224489793,0.06060606060606061,-0.08163265306122447
ilinet,ARIMA,proxy_robust_z,2.0,1,11,0.2281443036603564,14.0,,0.7142857142857143,,0.9090909090909091,,0.8,,0.9024390243902439,0.0975609756097561,0.9057649667405765,applicable,0.8,0.024390243902439025,0.0,0.07317073170731708
ilinet,ARIMA,proxy_robust_z,2.5,1,11,0.2665044540835641,11.0,,0.8181818181818182,,0.8181818181818182,,0.8181818181818182,,0.9512195121951219,0.04878048780487805,0.8847006651884701,applicable,0.8,0.024390243902439025,0.018181818181818188,0.024390243902439025
ilinet,ARIMA,proxy_robust_z,3.0,1,11,0.30486460450677183,11.0,,0.8181818181818182,,0.8181818181818182,,0.8181818181818182,,0.9512195121951219,0.04878048780487805,0.8847006651884701,applicable,0.8,0.024390243902439025,0.018181818181818188,0.024390243902439025
ilinet,ARIMA,proxy_robust_z,3.5,1,11,0.3432247549299795,9.0,,0.8888888888888888,,0.7272727272727273,,0.8,,0.975609756097561,0.024390243902439025,0.8514412416851441,applicable,0.8,0.024390243902439025,0.0,0.0
ilinet,ARIMA,proxy_robust_z,4.0,1,11,0.38158490535318723,9.0,,0.8888888888888888,,0.7272727272727273,,0.8,,0.975609756097561,0.024390243902439025,0.8514412416851441,applicable,0.8,0.024390243902439025,0.0,0.0
ilinet,ARIMA,proxy_robust_z,4.5,1,11,0.41994505577639496,7.0,,1.0,,0.6363636363636364,,0.7777777777777778,,1.0,0.0,0.8181818181818181,applicable,0.8,0.024390243902439025,-0.022222222222222254,-0.024390243902439025
ilinet,ARIMA,proxy_robust_z,5.0,1,11,0.4583052061996026,7.0,,1.0,,0.6363636363636364,,0.7777777777777778,,1.0,0.0,0.8181818181818181,applicable,0.8,0.024390243902439025,-0.022222222222222254,-0.024390243902439025
ilinet,LSTM,injected_10pct,2.0,10,5,0.5669306314676998,12.7,0.8232726023485646,0.3404761904761905,0.07145439563232767,0.86,0.16465452046971293,0.4874785001719986,0.09897540060599133,0.8212765957446809,0.17872340425531913,0.8406382978723403,applicable,0.4562728937728938,0.12978723404255318,0.0312056063991048,0.048936170212765945
ilinet,LSTM,injected_10pct,2.5,10,5,0.6612453990541396,11.1,1.1005049346146119,0.353986013986014,0.08129629950404273,0.78,0.17511900715418263,0.4861414565826331,0.1097254665844551,0.8468085106382979,0.15319148936170213,0.813404255319149,applicable,0.4562728937728938,0.12978723404255318,0.029868562809739263,0.023404255319148942
ilinet,LSTM,injected_10pct,3.0,10,5,0.7555601666405795,10.1,1.3703203194062976,0.33944444444444444,0.0652866424241004,0.6799999999999999,0.13984117975602023,0.45131652661064425,0.08430010654004055,0.8574468085106384,0.14255319148936169,0.7687234042553192,applicable,0.4562728937728938,0.12978723404255318,-0.004956367162249564,0.012765957446808501
ilinet,LSTM,injected_10pct,3.5,10,5,0.8498749342270192,9.4,0.8432740427115679,0.3496212121212121,0.04765874777162394,0.6599999999999999,0.1349897115421106,0.4562728937728938,0.07039965825643525,0.8702127659574469,0.12978723404255318,0.7651063829787235,applicable,0.4562728937728938,0.12978723404255318,0.0,0.0
ilinet,LSTM,injected_10pct,4.0,10,5,0.9441897018134591,8.9,0.7378647873726218,0.3491666666666667,0.03028924349674217,0.62,0.06324555320336761,0.4460805860805861,0.03649376360892684,0.876595744680851,0.12340425531914893,0.7482978723404256,applicable,0.4562728937728938,0.12978723404255318,-0.010192307692307723,-0.006382978723404251
ilinet,LSTM,injected_10pct,4.5,10,5,1.0385044693998988,8.2,0.42163702135578396,0.35416666666666663,0.04049272149198125,0.58,0.06324555320336757,0.4395604395604396,0.04831833684349055,0.8872340425531915,0.1127659574468085,0.7336170212765957,applicable,0.4562728937728938,0.12978723404255318,-0.01671245421245421,-0.017021276595744678
ilinet,LSTM,injected_10pct,5.0,10,5,1.1328192369863386,8.0,0.0,0.35,0.05270462766947299,0.5599999999999999,0.08432740427115674,0.43076923076923085,0.06486723405473598,0.8893617021276595,0.11063829787234043,0.7246808510638297,applicable,0.4562728937728938,0.12978723404255318,-0.02550366300366297,-0.019148936170212752
ilinet,LSTM,injected_5pct,2.0,10,3,0.5669306314676998,18.0,2.8674417556808756,0.17008721451967515,0.024015902884390705,1.0,0.0,0.29006817743659846,0.03560010089965257,0.6938775510204082,0.30612244897959184,0.846938775510204,applicable,0.42181426416720535,0.17142857142857143,-0.1317460867306069,0.1346938775510204
ilinet,LSTM,injected_5pct,2.5,10,3,0.6612453990541396,15.8,2.7406406388125952,0.19428847468321153,0.028611798669820884,1.0,0.0,0.3244796416174125,0.04096802926221031,0.7387755102040816,0.26122448979591834,0.8693877551020408,applicable,0.42181426416720535,0.17142857142857143,-0.09733462254979286,0.0897959183673469
ilinet,LSTM,injected_5pct,3.0,10,3,0.7555601666405795,12.8,2.1499353995462798,0.2392890442890443,0.03282965979190609,1.0,0.0,0.38511904761904764,0.04415741356886134,0.8,0.2,0.9,applicable,0.42181426416720535,0.17142857142857143,-0.036695216548157716,0.02857142857142858
ilinet,LSTM,injected_5pct,3.5,10,3,0.8498749342270192,11.4,1.776388345929897,0.26824675324675323,0.036508228814370866,1.0,0.0,0.42181426416720535,0.04654420203869549,0.8285714285714285,0.17142857142857143,0.9142857142857143,applicable,0.42181426416720535,0.17142857142857143,0.0,0.0
ilinet,LSTM,injected_5pct,4.0,10,3,0.9441897018134591,10.2,0.6324555320336758,0.2951515151515151,0.01858146632334047,1.0,0.0,0.4554945054945055,0.022046596316196588,0.8530612244897959,0.14693877551020407,0.926530612244898,applicable,0.42181426416720535,0.17142857142857143,0.03368024132730013,-0.024489795918367363
ilinet,LSTM,injected_5pct,4.5,10,3,1.0385044693998988,9.5,0.8498365855987975,0.31810606060606056,0.028934700026541766,1.0,0.0,0.48201798201798207,0.0330853888111476,0.8673469387755102,0.13265306122448978,0.9336734693877551,applicable,0.42181426416720535,0.17142857142857143,0.06020371785077672,-0.038775510204081653
ilinet,LSTM,injected_5pct,5.0,10,3,1.1328192369863386,9.1,0.9944289260117533,0.3333333333333333,0.037267799624996496,1.0,0.0,0.4989510489510489,0.041699866148237605,0.8755102040816325,0.12448979591836735,0.9377551020408162,applicable,0.42181426416720535,0.17142857142857143,0.07713678478384356,-0.046938775510204075
ilinet,LSTM,proxy_robust_z,2.0,10,11,0.5669306314676998,10.3,2.8693785622209793,0.810873015873016,0.15296579054083223,0.7272727272727273,0.08570991287109667,0.7553792172739542,0.06858727330556402,0.9439024390243903,0.05609756097560975,0.8355875831485587,applicable,0.7577599524658348,0.012195121951219513,-0.002380735191880645,0.04390243902439024
ilinet,LSTM,proxy_robust_z,2.5,10,11,0.6612453990541396,8.7,2.584139659108574,0.8867132867132866,0.18249827976397728,0.6636363636363637,0.04391326286724074,0.7478468899521531,0.06655721209073359,0.9658536585365853,0.03414634146341463,0.8147450110864745,applicable,0.7577599524658348,0.012195121951219513,-0.009913062513681736,0.021951219512195117
ilinet,LSTM,proxy_robust_z,3.0,10,11,0.7555601666405795,8.0,1.9436506316151,0.9178030303030302,0.14583251344384507,0.6454545454545454,0.0516042011088679,0.7505734420527798,0.05804645854988417,0.978048780487805,0.02195121951219512,0.8117516629711752,applicable,0.7577599524658348,0.012195121951219513,-0.0071865104130550694,0.009756097560975608
ilinet,LSTM,proxy_robust_z,3.5,10,11,0.8498749342270192,7.5,1.4337208778404378,0.9505050505050505,0.10502136347935377,0.6363636363636364,0.04285495643554835,0.7577599524658348,0.032934213302696906,0.9878048780487806,0.012195121951219513,0.8120842572062085,applicable,0.7577599524658348,0.012195121951219513,0.0,0.0
ilinet,LSTM,proxy_robust_z,4.0,10,11,0.9441897018134591,6.7,0.9486832980505138,0.975,0.05270462766947299,0.5909090909090909,0.06428243465332253,0.7327442380460957,0.04935041064877072,0.9951219512195122,0.004878048780487805,0.7930155210643015,applicable,0.7577599524658348,0.012195121951219513,-0.025015714419739155,-0.007317073170731708
ilinet,LSTM,proxy_robust_z,4.5,10,11,1.0385044693998988,6.0,0.816496580927726,1.0,0.0,0.5454545454545454,0.07422696190252055,0.703186274509804,0.06241441517980012,1.0,0.0,0.7727272727272727,applicable,0.7577599524658348,0.012195121951219513,-0.05457367795603085,-0.012195121951219513
ilinet,LSTM,proxy_robust_z,5.0,10,11,1.1328192369863386,5.8,0.7888106377466155,1.0,0.0,0.5272727272727272,0.07171005797696503,0.6879084967320261,0.06080490589107539,1.0,0.0,0.7636363636363637,applicable,0.7577599524658348,0.012195121951219513,-0.06985145573380869,-0.012195121951219513
ilinet,NFGA-Core,injected_10pct,2.0,10,5,1.3614003883508752,8.3,0.6749485577105531,0.3970238095238095,0.039753573988143144,0.6599999999999999,0.09660917830792962,0.4950549450549451,0.05533742684190832,0.8936170212765957,0.10638297872340426,0.7768085106382978,applicable,0.12136363636363637,0.06808510638297872,0.37369130869130873,0.03829787234042553
ilinet,NFGA-Core,injected_10pct,2.5,10,5,1.5850523642349041,7.2,0.6324555320336758,0.3744047619047619,0.056917130222578854,0.54,0.09660917830792959,0.4414918414918415,0.07020321342771585,0.9042553191489361,0.09574468085106383,0.7221276595744681,applicable,0.12136363636363637,0.06808510638297872,0.32012820512820517,0.027659574468085105
ilinet,NFGA-Core,injected_10pct,3.0,10,5,1.8087043401189333,5.2,0.7888106377466155,0.19333333333333333,0.14555131461166945,0.22000000000000003,0.17511900715418263,0.20545454545454547,0.1587485493740798,0.9127659574468086,0.08723404255319149,0.5663829787234043,applicable,0.12136363636363637,0.06808510638297872,0.0840909090909091,0.019148936170212766
ilinet,NFGA-Core,injected_10pct,3.5,10,5,2.0323563160029625,3.8,1.2292725943057183,0.12666666666666665,0.17054741203866572,0.12000000000000002,0.1686548085423136,0.12136363636363637,0.16581116523343595,0.9319148936170214,0.06808510638297872,0.5259574468085106,applicable,0.12136363636363637,0.06808510638297872,0.0,0.0
ilinet,NFGA-Core,injected_10pct,4.0,10,5,2.2560082918869915,2.9,0.7378647873726218,0.10833333333333332,0.18446619684315546,0.08,0.13984117975602023,0.09166666666666666,0.1582493821189046,0.946808510638298,0.05319148936170213,0.513404255319149,applicable,0.12136363636363637,0.06808510638297872,-0.029696969696969708,-0.014893617021276596
ilinet,NFGA-Core,injected_10pct,4.5,10,5,2.4796602677710204,1.9,0.9944289260117533,0.025,0.07905694150420949,0.02,0.06324555320336758,0.02222222222222222,0.07027283689263064,0.9617021276595745,0.03829787234042553,0.4908510638297872,applicable,0.12136363636363637,0.06808510638297872,-0.09914141414141414,-0.029787234042553193
ilinet,NFGA-Core,injected_10pct,5.0,10,5,2.7033122436550494,0.6,0.6992058987801011,0.0,0.0,0.0,0.0,0.0,0.0,0.9872340425531915,0.01276595744680851,0.49361702127659574,applicable,0.12136363636363637,0.06808510638297872,-0.12136363636363637,-0.055319148936170216
ilinet,NFGA-Core,injected_5pct,2.0,10,3,1.3614003883508752,8.2,0.7888106377466154,0.369047619047619,0.037013408940828635,1.0,0.0,0.5381818181818182,0.038995655617322204,0.8938775510204081,0.10612244897959185,0.9469387755102041,applicable,0.42333333333333334,0.05102040816326531,0.11484848484848487,0.05510204081632654
ilinet,NFGA-Core,injected_5pct,2.5,10,3,1.5850523642349041,7.0,0.6666666666666666,0.4011904761904762,0.060390515491259684,0.9333333333333333,0.1405456737852613,0.5602020202020201,0.08079713730612158,0.9142857142857143,0.08571428571428572,0.9238095238095237,applicable,0.42333333333333334,0.05102040816326531,0.1368686868686868,0.03469387755102041
ilinet,NFGA-Core,injected_5pct,3.0,10,3,1.8087043401189333,5.7,0.48304589153964805,0.43666666666666665,0.07105900869030882,0.8333333333333334,0.17568209223157663,0.5722222222222222,0.1015990127729274,0.9346938775510205,0.06530612244897958,0.884013605442177,applicable,0.42333333333333334,0.05102040816326531,0.14888888888888885,0.014285714285714277
ilinet,NFGA-Core,injected_5pct,3.5,10,3,2.0323563160029625,4.0,0.9428090415820634,0.3783333333333333,0.10394977419675118,0.5,0.1756820922315766,0.42333333333333334,0.11877110744502983,0.9489795918367347,0.05102040816326531,0.7244897959183673,applicable,0.42333333333333334,0.05102040816326531,0.0,0.0
ilinet,NFGA-Core,injected_5pct,4.0,10,3,2.2560082918869915,2.4,1.07496769977314,0.29166666666666663,0.2700308624336608,0.26666666666666666,0.2629368792488718,0.2723809523809524,0.25618870595954163,0.9673469387755101,0.03265306122448979,0.6170068027210884,applicable,0.42333333333333334,0.05102040816326531,-0.15095238095238095,-0.018367346938775515
ilinet,NFGA-Core,injected_5pct,4.5,10,3,2.4796602677710204,1.7,0.9486832980505138,0.4,0.4021546904634191,0.26666666666666666,0.2629368792488718,0.31,0.29899006961502095,0.9816326530612244,0.01836734693877551,0.6241496598639455,applicable,0.42333333333333334,0.05102040816326531,-0.11333333333333334,-0.0326530612244898
ilinet,NFGA-Core,injected_5pct,5.0,10,3,2.7033122436550494,0.5,0.5270462766947299,0.2,0.42163702135578396,0.06666666666666667,0.14054567378526128,0.1,0.21081851067789198,0.9938775510204081,0.006122448979591836,0.5302721088435374,applicable,0.42333333333333334,0.05102040816326531,-0.32333333333333336,-0.04489795918367347
ilinet,NFGA-Core,proxy_robust_z,2.0,10,11,1.3614003883508752,4.7,0.6749485577105528,1.0,0.0,0.42727272727272725,0.06135895979186843,0.596421568627451,0.05961524668074736,1.0,0.0,0.7136363636363636,applicable,0.34194139194139195,0.0,0.25448017668605905,0.0
ilinet,NFGA-Core,proxy_robust_z,2.5,10,11,1.5850523642349041,3.6,0.5163977794943222,1.0,0.0,0.32727272727272727,0.04694525268130205,0.49142857142857144,0.054098814994643286,1.0,0.0,0.6636363636363637,applicable,0.34194139194139195,0.0,0.1494871794871795,0.0
ilinet,NFGA-Core,proxy_robust_z,3.0,10,11,1.8087043401189333,3.2,0.6324555320336759,1.0,0.0,0.2909090909090909,0.05749595745760691,0.4479120879120879,0.06975856848622172,1.0,0.0,0.6454545454545455,applicable,0.34194139194139195,0.0,0.10597069597069597,0.0
ilinet,NFGA-Core,proxy_robust_z,3.5,10,11,2.0323563160029625,2.3,0.674948557710553,1.0,0.0,0.20909090909090908,0.06135895979186844,0.34194139194139195,0.08602666328639737,1.0,0.0,0.6045454545454546,applicable,0.34194139194139195,0.0,0.0,0.0
ilinet,NFGA-Core,proxy_robust_z,4.0,10,11,2.2560082918869915,1.1,0.5676462121975466,0.9,0.31622776601683794,0.1,0.051604201108867875,0.17820512820512818,0.08577935499123975,1.0,0.0,0.55,applicable,0.34194139194139195,0.0,-0.16373626373626377,0.0
ilinet,NFGA-Core,proxy_robust_z,4.5,10,11,2.4796602677710204,0.6,0.6992058987801011,0.5,0.5270462766947299,0.05454545454545454,0.06356417261637282,0.09743589743589744,0.11097954077353459,1.0,0.0,0.5272727272727272,applicable,0.34194139194139195,0.0,-0.24450549450549453,0.0
ilinet,NFGA-Core,proxy_robust_z,5.0,10,11,2.7033122436550494,0.1,0.31622776601683794,0.1,0.31622776601683794,0.00909090909090909,0.02874797872880345,0.016666666666666666,0.05270462766947299,1.0,0.0,0.5045454545454545,applicable,0.34194139194139195,0.0,-0.3252747252747253,0.0
ilinet,NFGA-LINEAR,injected_10pct,2.0,10,5,0.306138204218648,16.8,2.2010098692292233,0.30222922502334265,0.03933726719180388,1.0,0.0,0.4629123203265079,0.046352035222309206,0.7489361702127659,0.251063829787234,0.874468085106383,applicable,0.5740368077055383,0.15319148936170213,-0.11112448737903041,0.09787234042553189
ilinet,NFGA-LINEAR,injected_10pct,2.5,10,5,0.36020064896974385,14.6,1.429840705968481,0.33926282051282053,0.04523314263094227,0.9800000000000001,0.06324555320336757,0.5031746031746032,0.05589465670367939,0.7936170212765957,0.20638297872340425,0.8868085106382978,applicable,0.5740368077055383,0.15319148936170213,-0.07086220453093517,0.05319148936170212
ilinet,NFGA-LINEAR,injected_10pct,3.0,10,5,0.41426309372083975,13.5,1.2692955176439846,0.36604853479853483,0.043428018161014485,0.9800000000000001,0.06324555320336757,0.5322251707700624,0.052730023217932374,0.8170212765957446,0.1829787234042553,0.8985106382978723,applicable,0.5740368077055383,0.15319148936170213,-0.04181163693547596,0.02978723404255318
ilinet,NFGA-LINEAR,injected_10pct,3.5,10,5,0.46832553847193553,12.1,0.9944289260117534,0.4065767565767566,0.03376620366263994,0.9800000000000001,0.06324555320336757,0.5740368077055383,0.04005931690996658,0.8468085106382979,0.15319148936170213,0.913404255319149,applicable,0.5740368077055383,0.15319148936170213,0.0,0.0
ilinet,NFGA-LINEAR,injected_10pct,4.0,10,5,0.5223879832230314,11.7,1.0593499054713804,0.40374458874458874,0.04754454905331714,0.9400000000000001,0.09660917830792956,0.5640531475748194,0.06031130346850404,0.851063829787234,0.14893617021276595,0.8955319148936169,applicable,0.5740368077055383,0.15319148936170213,-0.009983660130718941,-0.004255319148936176
ilinet,NFGA-LINEAR,injected_10pct,4.5,10,5,0.5764504279741272,10.8,0.9189365834726816,0.4009090909090909,0.05703359837622411,0.86,0.09660917830792956,0.5461764705882353,0.070509820885465,0.8617021276595744,0.1382978723404255,0.8608510638297873,applicable,0.5740368077055383,0.15319148936170213,-0.02786033711730307,-0.014893617021276617
ilinet,NFGA-LINEAR,injected_10pct,5.0,10,5,0.6305128727252229,10.2,0.42163702135578396,0.4027272727272727,0.037372372347444484,0.8200000000000001,0.06324555320336758,0.54,0.046613726585340076,0.8702127659574469,0.12978723404255318,0.8451063829787234,applicable,0.5740368077055383,0.15319148936170213,-0.0340368077055383,-0.023404255319148942
ilinet,NFGA-LINEAR,injected_5pct,2.0,10,3,0.306138204218648,18.4,2.1705094128132942,0.16510861042981786,0.019598389885249687,1.0,0.0,0.2829862502105065,0.028776879702034564,0.6857142857142857,0.3142857142857143,0.8428571428571429,applicable,0.35980392156862745,0.21836734693877552,-0.07681767135812095,0.09591836734693876
ilinet,NFGA-LINEAR,injected_5pct,2.5,10,3,0.36020064896974385,16.2,1.3984117975602022,0.186453081232493,0.01635802021408658,1.0,0.0,0.314015922158337,0.02316393630065728,0.7306122448979592,0.2693877551020408,0.8653061224489796,applicable,0.35980392156862745,0.21836734693877552,-0.045787999410290436,0.05102040816326531
ilinet,NFGA-LINEAR,injected_5pct,3.0,10,3,0.41426309372083975,14.1,0.5676462121975467,0.21307692307692308,0.008597530776682166,1.0,0.0,0.3512254901960784,0.011671860399014314,0.773469387755102,0.22653061224489796,0.886734693877551,applicable,0.35980392156862745,0.21836734693877552,-0.008578431372549045,0.008163265306122436
ilinet,NFGA-LINEAR,injected_5pct,3.5,10,3,0.46832553847193553,13.7,0.6749485577105531,0.21945054945054948,0.010667456598371839,1.0,0.0,0.35980392156862745,0.014375370880995279,0.7816326530612245,0.21836734693877552,0.8908163265306122,applicable,0.35980392156862745,0.21836734693877552,0.0,0.0
ilinet,NFGA-LINEAR,injected_5pct,4.0,10,3,0.5223879832230314,13.1,0.5676462121975465,0.22939560439560439,0.009968654330163581,1.0,0.0,0.37308823529411766,0.013172509033323423,0.7938775510204081,0.2061224489795918,0.8969387755102041,applicable,0.35980392156862745,0.21836734693877552,0.013284313725490215,-0.01224489795918371
ilinet,NFGA-LINEAR,injected_5pct,4.5,10,3,0.5764504279741272,12.3,0.4830458915396479,0.24423076923076925,0.00928934406807015,1.0,0.0,0.3925,0.012076147288491218,0.810204081632653,0.18979591836734694,0.9051020408163266,applicable,0.35980392156862745,0.21836734693877552,0.032696078431372566,-0.02857142857142858
ilinet,NFGA-LINEAR,injected_5pct,5.0,10,3,0.6305128727252229,12.3,0.4830458915396479,0.24423076923076925,0.00928934406807015,1.0,0.0,0.3925,0.012076147288491218,0.810204081632653,0.18979591836734694,0.9051020408163266,applicable,0.35980392156862745,0.21836734693877552,0.032696078431372566,-0.02857142857142858
ilinet,NFGA-LINEAR,proxy_robust_z,2.0,10,11,0.306138204218648,11.2,1.8135294011647256,0.8412121212121212,0.12038819297783536,0.8454545454545455,0.11378777791223385,0.8382781977747653,0.09351346810482218,0.9536585365853659,0.046341463414634146,0.8995565410199557,applicable,0.7898864809081527,0.0,0.04839171686661259,0.046341463414634146
ilinet,NFGA-LINEAR,proxy_robust_z,2.5,10,11,0.36020064896974385,8.8,1.1352924243950935,0.95,0.08498365855987972,0.7545454545454546,0.07484296384986949,0.837953216374269,0.06015584267679342,0.9878048780487806,0.012195121951219513,0.8711751662971174,applicable,0.7898864809081527,0.0,0.048066735466116284,0.012195121951219513
ilinet,NFGA-LINEAR,proxy_robust_z,3.0,10,11,0.41426309372083975,7.9,0.9944289260117536,1.0,0.0,0.7181818181818181,0.0904026296374321,0.8331913116123643,0.058944460080271974,1.0,0.0,0.859090909090909,applicable,0.7898864809081527,0.0,0.04330483070421154,0.0
ilinet,NFGA-LINEAR,proxy_robust_z,3.5,10,11,0.46832553847193553,7.2,0.6324555320336758,1.0,0.0,0.6545454545454545,0.05749595745760692,0.7898864809081527,0.042317347799989274,1.0,0.0,0.8272727272727272,applicable,0.7898864809081527,0.0,0.0,0.0
ilinet,NFGA-LINEAR,proxy_robust_z,4.0,10,11,0.5223879832230314,6.9,0.7378647873726218,1.0,0.0,0.6272727272727272,0.06707861703387474,0.7690746474028207,0.05058047746438834,1.0,0.0,0.8136363636363637,applicable,0.7898864809081527,0.0,-0.020811833505332,0.0
ilinet,NFGA-LINEAR,proxy_robust_z,4.5,10,11,0.5764504279741272,6.7,0.6749485577105528,1.0,0.0,0.6090909090909091,0.06135895979186846,0.7554523563811489,0.046939191655801016,1.0,0.0,0.8045454545454545,applicable,0.7898864809081527,0.0,-0.034434124527003784,0.0
ilinet,NFGA-LINEAR,proxy_robust_z,5.0,10,11,0.6305128727252229,6.3,0.4830458915396479,1.0,0.0,0.5727272727272726,0.043913262867240746,0.7274509803921569,0.034728789587817825,1.0,0.0,0.7863636363636364,applicable,0.7898864809081527,0.0,-0.06243550051599578,0.0
ilinet,Persistence,injected_10pct,2.0,1,5,0.28227542,20.0,,0.25,,1.0,,0.4,,0.6808510638297872,0.3191489361702128,0.8404255319148937,applicable,0.43478260869565216,0.2765957446808511,-0.03478260869565214,0.04255319148936171
ilinet,Persistence,injected_10pct,2.5,1,5,0.329236775,19.0,,0.2631578947368421,,1.0,,0.4166666666666667,,0.7021276595744681,0.2978723404255319,0.851063829787234,applicable,0.43478260869565216,0.2765957446808511,-0.018115942028985477,0.021276595744680826
ilinet,Persistence,injected_10pct,3.0,1,5,0.37619813,18.0,,0.2777777777777778,,1.0,,0.43478260869565216,,0.723404255319149,0.2765957446808511,0.8617021276595744,applicable,0.43478260869565216,0.2765957446808511,0.0,0.0
ilinet,Persistence,injected_10pct,3.5,1,5,0.423159485,18.0,,0.2777777777777778,,1.0,,0.43478260869565216,,0.723404255319149,0.2765957446808511,0.8617021276595744,applicable,0.43478260869565216,0.2765957446808511,0.0,0.0
ilinet,Persistence,injected_10pct,4.0,1,5,0.47012084000000004,15.0,,0.26666666666666666,,0.8,,0.4,,0.7659574468085106,0.23404255319148937,0.7829787234042553,applicable,0.43478260869565216,0.2765957446808511,-0.03478260869565214,-0.04255319148936171
ilinet,Persistence,injected_10pct,4.5,1,5,0.517082195,15.0,,0.26666666666666666,,0.8,,0.4,,0.7659574468085106,0.23404255319148937,0.7829787234042553,applicable,0.43478260869565216,0.2765957446808511,-0.03478260869565214,-0.04255319148936171
ilinet,Persistence,injected_10pct,5.0,1,5,0.56404355,14.0,,0.2857142857142857,,0.8,,0.42105263157894735,,0.7872340425531915,0.2127659574468085,0.7936170212765958,applicable,0.43478260869565216,0.2765957446808511,-0.013729977116704817,-0.06382978723404256
ilinet,Persistence,injected_5pct,2.0,1,3,0.28227542,24.0,,0.125,,1.0,,0.2222222222222222,,0.5714285714285714,0.42857142857142855,0.7857142857142857,applicable,0.2608695652173913,0.3469387755102041,-0.03864734299516909,0.08163265306122447
ilinet,Persistence,injected_5pct,2.5,1,3,0.329236775,23.0,,0.13043478260869565,,1.0,,0.23076923076923078,,0.5918367346938775,0.40816326530612246,0.7959183673469388,applicable,0.2608695652173913,0.3469387755102041,-0.030100334448160515,0.06122448979591838
ilinet,Persistence,injected_5pct,3.0,1,3,0.37619813,20.0,,0.15,,1.0,,0.2608695652173913,,0.6530612244897959,0.3469387755102041,0.8265306122448979,applicable,0.2608695652173913,0.3469387755102041,0.0,0.0
ilinet,Persistence,injected_5pct,3.5,1,3,0.423159485,20.0,,0.15,,1.0,,0.2608695652173913,,0.6530612244897959,0.3469387755102041,0.8265306122448979,applicable,0.2608695652173913,0.3469387755102041,0.0,0.0
ilinet,Persistence,injected_5pct,4.0,1,3,0.47012084000000004,17.0,,0.17647058823529413,,1.0,,0.3,,0.7142857142857143,0.2857142857142857,0.8571428571428572,applicable,0.2608695652173913,0.3469387755102041,0.03913043478260869,-0.06122448979591838
ilinet,Persistence,injected_5pct,4.5,1,3,0.517082195,16.0,,0.1875,,1.0,,0.3157894736842105,,0.7346938775510204,0.2653061224489796,0.8673469387755102,applicable,0.2608695652173913,0.3469387755102041,0.05491990846681921,-0.08163265306122447
ilinet,Persistence,injected_5pct,5.0,1,3,0.56404355,15.0,,0.2,,1.0,,0.3333333333333333,,0.7551020408163265,0.24489795918367346,0.8775510204081632,applicable,0.2608695652173913,0.3469387755102041,0.07246376811594202,-0.10204081632653061
ilinet,Persistence,proxy_robust_z,2.0,1,11,0.28227542,18.0,,0.5555555555555556,,0.9090909090909091,,0.6896551724137931,,0.8048780487804879,0.1951219512195122,0.8569844789356984,applicable,0.8,0.0975609756097561,-0.1103448275862069,0.0975609756097561
ilinet,Persistence,proxy_robust_z,2.5,1,11,0.329236775,17.0,,0.5882352941176471,,0.9090909090909091,,0.7142857142857143,,0.8292682926829268,0.17073170731707318,0.8691796008869179,applicable,0.8,0.0975609756097561,-0.08571428571428574,0.07317073170731708
ilinet,Persistence,proxy_robust_z,3.0,1,11,0.37619813,14.0,,0.7142857142857143,,0.9090909090909091,,0.8,,0.9024390243902439,0.0975609756097561,0.9057649667405765,applicable,0.8,0.0975609756097561,0.0,0.0
ilinet,Persistence,proxy_robust_z,3.5,1,11,0.423159485,14.0,,0.7142857142857143,,0.9090909090909091,,0.8,,0.9024390243902439,0.0975609756097561,0.9057649667405765,applicable,0.8,0.0975609756097561,0.0,0.0
ilinet,Persistence,proxy_robust_z,4.0,1,11,0.47012084000000004,11.0,,0.8181818181818182,,0.8181818181818182,,0.8181818181818182,,0.9512195121951219,0.04878048780487805,0.8847006651884701,applicable,0.8,0.0975609756097561,0.018181818181818188,-0.04878048780487805
ilinet,Persistence,proxy_robust_z,4.5,1,11,0.517082195,10.0,,0.8,,0.7272727272727273,,0.7619047619047619,,0.9512195121951219,0.04878048780487805,0.8392461197339246,applicable,0.8,0.0975609756097561,-0.03809523809523818,-0.04878048780487805
ilinet,Persistence,proxy_robust_z,5.0,1,11,0.56404355,9.0,,0.8888888888888888,,0.7272727272727273,,0.8,,0.975609756097561,0.024390243902439025,0.8514412416851441,applicable,0.8,0.0975609756097561,0.0,-0.07317073170731708
ilinet,SeasonalNaive,injected_10pct,2.0,1,5,1.8300162320000002,6.0,,0.3333333333333333,,0.4,,0.36363636363636365,,0.9148936170212766,0.0851063829787234,0.6574468085106383,applicable,0.0,0.06382978723404255,0.36363636363636365,0.021276595744680854
ilinet,SeasonalNaive,injected_10pct,2.5,1,5,2.1333265400000005,4.0,,0.0,,0.0,,0.0,,0.9148936170212766,0.0851063829787234,0.4574468085106383,applicable,0.0,0.06382978723404255,0.0,0.021276595744680854
ilinet,SeasonalNaive,injected_10pct,3.0,1,5,2.4366368480000005,4.0,,0.0,,0.0,,0.0,,0.9148936170212766,0.0851063829787234,0.4574468085106383,applicable,0.0,0.06382978723404255,0.0,0.021276595744680854
ilinet,SeasonalNaive,injected_10pct,3.5,1,5,2.7399471560000004,3.0,,0.0,,0.0,,0.0,,0.9361702127659575,0.06382978723404255,0.46808510638297873,applicable,0.0,0.06382978723404255,0.0,0.0
ilinet,SeasonalNaive,injected_10pct,4.0,1,5,3.0432574640000003,2.0,,0.0,,0.0,,0.0,,0.9574468085106383,0.0425531914893617,0.4787234042553192,applicable,0.0,0.06382978723404255,0.0,-0.021276595744680847
ilinet,SeasonalNaive,injected_10pct,4.5,1,5,3.346567772,2.0,,0.0,,0.0,,0.0,,0.9574468085106383,0.0425531914893617,0.4787234042553192,applicable,0.0,0.06382978723404255,0.0,-0.021276595744680847
ilinet,SeasonalNaive,injected_10pct,5.0,1,5,3.6498780800000006,0.0,,0.0,,0.0,,0.0,,1.0,0.0,0.5,applicable,0.0,0.06382978723404255,0.0,-0.06382978723404255
ilinet,SeasonalNaive,injected_5pct,2.0,1,3,1.8300162320000002,7.0,,0.42857142857142855,,1.0,,0.6,,0.9183673469387755,0.08163265306122448,0.9591836734693877,applicable,0.2857142857142857,0.061224489795918366,0.3142857142857143,0.020408163265306117
ilinet,SeasonalNaive,injected_5pct,2.5,1,3,2.1333265400000005,6.0,,0.3333333333333333,,0.6666666666666666,,0.4444444444444444,,0.9183673469387755,0.08163265306122448,0.7925170068027211,applicable,0.2857142857142857,0.061224489795918366,0.15873015873015872,0.020408163265306117
ilinet,SeasonalNaive,injected_5pct,3.0,1,3,2.4366368480000005,6.0,,0.3333333333333333,,0.6666666666666666,,0.4444444444444444,,0.9183673469387755,0.08163265306122448,0.7925170068027211,applicable,0.2857142857142857,0.061224489795918366,0.15873015873015872,0.020408163265306117
ilinet,SeasonalNaive,injected_5pct,3.5,1,3,2.7399471560000004,4.0,,0.25,,0.3333333333333333,,0.2857142857142857,,0.9387755102040817,0.061224489795918366,0.6360544217687075,applicable,0.2857142857142857,0.061224489795918366,0.0,0.0
ilinet,SeasonalNaive,injected_5pct,4.0,1,3,3.0432574640000003,3.0,,0.3333333333333333,,0.3333333333333333,,0.3333333333333333,,0.9591836734693877,0.04081632653061224,0.6462585034013605,applicable,0.2857142857142857,0.061224489795918366,0.047619047619047616,-0.020408163265306124
ilinet,SeasonalNaive,injected_5pct,4.5,1,3,3.346567772,2.0,,0.0,,0.0,,0.0,,0.9591836734693877,0.04081632653061224,0.47959183673469385,applicable,0.2857142857142857,0.061224489795918366,-0.2857142857142857,-0.020408163265306124
ilinet,SeasonalNaive,injected_5pct,5.0,1,3,3.6498780800000006,0.0,,0.0,,0.0,,0.0,,1.0,0.0,0.5,applicable,0.2857142857142857,0.061224489795918366,-0.2857142857142857,-0.061224489795918366
ilinet,SeasonalNaive,proxy_robust_z,2.0,1,11,1.8300162320000002,4.0,,1.0,,0.36363636363636365,,0.5333333333333333,,1.0,0.0,0.6818181818181819,applicable,0.42857142857142855,0.0,0.10476190476190478,0.0
ilinet,SeasonalNaive,proxy_robust_z,2.5,1,11,2.1333265400000005,4.0,,1.0,,0.36363636363636365,,0.5333333333333333,,1.0,0.0,0.6818181818181819,applicable,0.42857142857142855,0.0,0.10476190476190478,0.0
ilinet,SeasonalNaive,proxy_robust_z,3.0,1,11,2.4366368480000005,4.0,,1.0,,0.36363636363636365,,0.5333333333333333,,1.0,0.0,0.6818181818181819,applicable,0.42857142857142855,0.0,0.10476190476190478,0.0
ilinet,SeasonalNaive,proxy_robust_z,3.5,1,11,2.7399471560000004,3.0,,1.0,,0.2727272727272727,,0.42857142857142855,,1.0,0.0,0.6363636363636364,applicable,0.42857142857142855,0.0,0.0,0.0
ilinet,SeasonalNaive,proxy_robust_z,4.0,1,11,3.0432574640000003,2.0,,1.0,,0.18181818181818182,,0.3076923076923077,,1.0,0.0,0.5909090909090909,applicable,0.42857142857142855,0.0,-0.12087912087912084,0.0
ilinet,SeasonalNaive,proxy_robust_z,4.5,1,11,3.346567772,2.0,,1.0,,0.18181818181818182,,0.3076923076923077,,1.0,0.0,0.5909090909090909,applicable,0.42857142857142855,0.0,-0.12087912087912084,0.0
ilinet,SeasonalNaive,proxy_robust_z,5.0,1,11,3.6498780800000006,0.0,,0.0,,0.0,,0.0,,1.0,0.0,0.5,applicable,0.42857142857142855,0.0,-0.42857142857142855,0.0
ilinet,XGBoost,injected_10pct,2.0,10,5,0.281761468641508,17.6,1.3498971154211055,0.28558866529067767,0.021754018165949882,1.0,0.0,0.44389139845661585,0.026336964436716456,0.7319148936170212,0.2680851063829787,0.8659574468085106,applicable,0.4970072239422085,0.17659574468085107,-0.05311582548559263,0.09148936170212765
ilinet,XGBoost,injected_10pct,2.5,10,5,0.33088264328972455,16.3,1.3374935098492584,0.30857843137254903,0.024803971800937113,1.0,0.0,0.4711274233013364,0.029104352641224997,0.7595744680851064,0.24042553191489363,0.8797872340425531,applicable,0.4970072239422085,0.17659574468085107,-0.025879800640872086,0.06382978723404256
ilinet,XGBoost,injected_10pct,3.0,10,5,0.3800038179379412,14.3,0.48304589153964805,0.34285714285714286,0.023002185311411828,0.9800000000000001,0.06324555320336757,0.5078947368421052,0.0329385672903835,0.8,0.2,0.89,applicable,0.4970072239422085,0.17659574468085107,0.0108875128998967,0.023404255319148942
ilinet,XGBoost,injected_10pct,3.5,10,5,0.42912499258615777,12.7,0.6749485577105528,0.3465201465201465,0.036064002684439773,0.8800000000000001,0.10327955589886444,0.4970072239422085,0.05274195702050733,0.823404255319149,0.17659574468085107,0.8517021276595745,applicable,0.4970072239422085,0.17659574468085107,0.0,0.0
ilinet,XGBoost,injected_10pct,4.0,10,5,0.4782461672343744,12.2,0.42163702135578385,0.3435897435897436,0.021622411351578684,0.8400000000000001,0.08432740427115679,0.4875816993464053,0.03582536782761563,0.8297872340425532,0.1702127659574468,0.8348936170212766,applicable,0.4970072239422085,0.17659574468085107,-0.009425524595803203,-0.0063829787234042645
ilinet,XGBoost,injected_10pct,4.5,10,5,0.527367341882591,12.1,0.3162277660168377,0.3384615384615385,0.016216808513684018,0.8200000000000001,0.06324555320336758,0.4790849673202614,0.026869025870711733,0.8297872340425532,0.1702127659574468,0.8248936170212765,applicable,0.4970072239422085,0.17659574468085107,-0.017922256621947075,-0.0063829787234042645
ilinet,XGBoost,injected_10pct,5.0,10,5,0.5764885165308077,12.0,0.0,0.3333333333333333,0.0,0.8,0.0,0.47058823529411764,0.0,0.8297872340425532,0.1702127659574468,0.8148936170212766,applicable,0.4970072239422085,0.17659574468085107,-0.026418988648090835,-0.0063829787234042645
ilinet,XGBoost,injected_5pct,2.0,10,3,0.281761468641508,21.4,1.1737877907772674,0.14055900621118012,0.007543736167752877,1.0,0.0,0.24640468227424747,0.011626116463283301,0.6244897959183674,0.37551020408163266,0.8122448979591838,applicable,0.3126315789473684,0.2693877551020408,-0.06622689667312096,0.10612244897959183
ilinet,XGBoost,injected_5pct,2.5,10,3,0.33088264328972455,19.8,1.4757295747452441,0.1523109913821988,0.011904159436329918,1.0,0.0,0.2641919819311124,0.017796708217569533,0.6571428571428571,0.34285714285714286,0.8285714285714285,applicable,0.3126315789473684,0.2693877551020408,-0.04843959701625605,0.07346938775510203
ilinet,XGBoost,injected_5pct,3.0,10,3,0.3800038179379412,17.8,1.4757295747452437,0.16951662243844906,0.013141015600511398,1.0,0.0,0.2896958304853042,0.019377057808388554,0.6979591836734694,0.30204081632653057,0.8489795918367348,applicable,0.3126315789473684,0.2693877551020408,-0.022935748462064254,0.03265306122448974
ilinet,XGBoost,injected_5pct,3.5,10,3,0.42912499258615777,16.2,0.4216370213557839,0.18529411764705883,0.004650408323777024,1.0,0.0,0.3126315789473684,0.006657426652986065,0.7306122448979593,0.2693877551020408,0.8653061224489796,applicable,0.3126315789473684,0.2693877551020408,0.0,0.0
ilinet,XGBoost,injected_5pct,4.0,10,3,0.4782461672343744,15.8,0.42163702135578407,0.19,0.005270462766947305,1.0,0.0,0.3192982456140351,0.007397140725540067,0.7387755102040817,0.2612244897959184,0.8693877551020408,applicable,0.3126315789473684,0.2693877551020408,0.006666666666666654,-0.008163265306122436
ilinet,XGBoost,injected_5pct,4.5,10,3,0.527367341882591,15.5,0.5270462766947305,0.19375,0.006588078458684129,1.0,0.0,0.32456140350877194,0.009246425906925081,0.7448979591836735,0.25510204081632654,0.8724489795918368,applicable,0.3126315789473684,0.2693877551020408,0.011929824561403513,-0.01428571428571429
ilinet,XGBoost,injected_5pct,5.0,10,3,0.5764885165308077,15.1,0.5676462121975469,0.19892857142857143,0.007491491772643938,1.0,0.0,0.3317853457172343,0.010414087033519516,0.753061224489796,0.24693877551020407,0.8765306122448979,applicable,0.3126315789473684,0.2693877551020408,0.019153766769865854,-0.022448979591836754
ilinet,XGBoost,proxy_robust_z,2.0,10,11,0.281761468641508,12.5,1.4337208778404373,0.7349234099234099,0.07063621654736642,0.8272727272727274,0.028747978728803428,0.7761602310732746,0.03721186739510782,0.9170731707317072,0.08292682926829267,0.8721729490022174,applicable,0.8914285714285715,0.004878048780487805,-0.11526834035529687,0.07804878048780486
ilinet,XGBoost,proxy_robust_z,2.5,10,11,0.33088264328972455,11.3,1.2516655570345725,0.8052797202797203,0.08866108398607035,0.8181818181818181,0.0,0.8094579333709768,0.04522124668590881,0.9439024390243903,0.05609756097560975,0.8810421286031043,applicable,0.8914285714285715,0.004878048780487805,-0.08197063805759464,0.05121951219512195
ilinet,XGBoost,proxy_robust_z,3.0,10,11,0.3800038179379412,10.0,0.47140452079103173,0.9018181818181817,0.04302603478617901,0.8181818181818181,0.0,0.8575324675324675,0.019302214289339474,0.975609756097561,0.024390243902439025,0.8968957871396895,applicable,0.8914285714285715,0.004878048780487805,-0.03389610389610398,0.01951219512195122
ilinet,XGBoost,proxy_robust_z,3.5,10,11,0.42912499258615777,9.2,0.421637021355784,0.9800000000000001,0.0421637021355784,0.8181818181818181,0.0,0.8914285714285715,0.018070158058105065,0.9951219512195122,0.004878048780487805,0.9066518847006652,applicable,0.8914285714285715,0.004878048780487805,0.0,0.0
ilinet,XGBoost,proxy_robust_z,4.0,10,11,0.4782461672343744,9.0,0.0,1.0,0.0,0.8181818181818181,0.0,0.9,0.0,1.0,0.0,0.9090909090909092,applicable,0.8914285714285715,0.004878048780487805,0.008571428571428563,-0.004878048780487805
ilinet,XGBoost,proxy_robust_z,4.5,10,11,0.527367341882591,8.8,0.42163702135578385,1.0,0.0,0.8,0.03833063830507128,0.888421052631579,0.024410564394282252,1.0,0.0,0.9,applicable,0.8914285714285715,0.004878048780487805,-0.003007518796992459,-0.004878048780487805
ilinet,XGBoost,proxy_robust_z,5.0,10,11,0.5764885165308077,8.7,0.4830458915396481,1.0,0.0,0.7909090909090909,0.043913262867240746,0.8826315789473684,0.027965814773348082,1.0,0.0,0.8954545454545455,applicable,0.8914285714285715,0.004878048780487805,-0.008796992481203025,-0.004878048780487805
